-- MySQL dump 10.13  Distrib 5.5.62, for Win64 (AMD64)
--
-- Host: 192.168.0.9    Database: fibertekno
-- ------------------------------------------------------
-- Server version	5.7.31

/*!40101 SET @OLD_CHARACTER_SET_CLIENT=@@CHARACTER_SET_CLIENT */;
/*!40101 SET @OLD_CHARACTER_SET_RESULTS=@@CHARACTER_SET_RESULTS */;
/*!40101 SET @OLD_COLLATION_CONNECTION=@@COLLATION_CONNECTION */;
/*!40101 SET NAMES utf8 */;
/*!40103 SET @OLD_TIME_ZONE=@@TIME_ZONE */;
/*!40103 SET TIME_ZONE='+00:00' */;
/*!40014 SET @OLD_UNIQUE_CHECKS=@@UNIQUE_CHECKS, UNIQUE_CHECKS=0 */;
/*!40014 SET @OLD_FOREIGN_KEY_CHECKS=@@FOREIGN_KEY_CHECKS, FOREIGN_KEY_CHECKS=0 */;
/*!40101 SET @OLD_SQL_MODE=@@SQL_MODE, SQL_MODE='NO_AUTO_VALUE_ON_ZERO' */;
/*!40111 SET @OLD_SQL_NOTES=@@SQL_NOTES, SQL_NOTES=0 */;

--
-- Table structure for table `contacts`
--

DROP TABLE IF EXISTS `contacts`;
/*!40101 SET @saved_cs_client     = @@character_set_client */;
/*!40101 SET character_set_client = utf8 */;
CREATE TABLE `contacts` (
  `id` char(36) COLLATE utf8mb4_unicode_ci NOT NULL,
  `ref_id` varchar(255) COLLATE utf8mb4_unicode_ci NOT NULL,
  `type_id` int(11) NOT NULL,
  `name` varchar(255) COLLATE utf8mb4_unicode_ci NOT NULL,
  `company` varchar(255) COLLATE utf8mb4_unicode_ci DEFAULT NULL,
  `phone` varchar(255) COLLATE utf8mb4_unicode_ci DEFAULT NULL,
  `mobile` varchar(255) COLLATE utf8mb4_unicode_ci NOT NULL,
  `email` varchar(255) COLLATE utf8mb4_unicode_ci NOT NULL,
  `billing_address` text COLLATE utf8mb4_unicode_ci NOT NULL,
  `shipping_address` text COLLATE utf8mb4_unicode_ci NOT NULL,
  `payment_method` int(11) NOT NULL,
  `payment_terms` int(11) NOT NULL,
  `bank_name` varchar(255) COLLATE utf8mb4_unicode_ci DEFAULT NULL,
  `account_no` varchar(255) COLLATE utf8mb4_unicode_ci DEFAULT NULL,
  `tax` int(11) NOT NULL,
  `tax_no` varchar(255) COLLATE utf8mb4_unicode_ci DEFAULT NULL,
  `created_by` varchar(255) COLLATE utf8mb4_unicode_ci NOT NULL,
  `updated_by` varchar(255) COLLATE utf8mb4_unicode_ci DEFAULT NULL,
  `active` char(36) COLLATE utf8mb4_unicode_ci NOT NULL DEFAULT '2b643e21-a94c-4713-93f1-f1cbde6ad633',
  `created_at` timestamp NULL DEFAULT NULL,
  `updated_at` timestamp NULL DEFAULT NULL,
  PRIMARY KEY (`id`)
) ENGINE=InnoDB DEFAULT CHARSET=utf8mb4 COLLATE=utf8mb4_unicode_ci;
/*!40101 SET character_set_client = @saved_cs_client */;

--
-- Dumping data for table `contacts`
--

LOCK TABLES `contacts` WRITE;
/*!40000 ALTER TABLE `contacts` DISABLE KEYS */;
INSERT INTO `contacts` VALUES ('008a1051-7b08-4ba8-8677-24911558245e','BUDICVPJAYA',1,'BUDI BDG - CV.PUTRA JAYA - NP','BUDI BDG - CV.PUTRA JAYA - NP','021234567890','021234567890','tidakada@tidakada.com','JL. JAKARTA 20-22, KOTA KEMBANG -BANDUNG','JL. JAKARTA 20-22, KOTA KEMBANG -BANDUNG',1,5,NULL,NULL,0,NULL,'eko','Mirza Rizaldy','2b643e21-a94c-4713-93f1-f1cbde6ad633','2020-03-07 08:03:22','2020-10-18 17:12:20'),('0250fb47-35bc-4c44-b164-9049ea221e97','EMMA',1,'EMMA - NP',NULL,'0822-7760-6341','0822-7760-6341','tidakada@tidakada.com','Rukan Artha gading niaga blok E 11-12, kelapa gading Jakarta Utara','Rukan Artha gading niaga blok E 11-12, kelapa gading Jakarta Utara',1,3,NULL,NULL,0,NULL,'adminsales2','adminsales2','2b643e21-a94c-4713-93f1-f1cbde6ad633','2020-10-18 13:42:43','2020-10-18 17:10:45'),('11937f5b-af6e-49fc-8cea-ef370e9c76f0','SUPARMAN',1,'SUPARMAN - NP','SUPARMAN - NP','0813-8333-8444','0813-8333-8444','tidakada@tidakada.com','JL. GADING RAYA , PISANGAN TIMUR, PULOGADUNG-JKT','JL. GADING RAYA , PISANGAN TIMUR, PULOGADUNG-JKT',1,1,NULL,NULL,0,NULL,'eko','Mirza Rizaldy','2b643e21-a94c-4713-93f1-f1cbde6ad633','2020-03-07 08:07:57','2020-10-05 18:24:48'),('11df0e58-376e-45da-9cd7-663bfb822ee5','ENGKIRAHMAT',1,'ENGKI RAHMAT - NP','ENGKI RAHMAT - NP','081776600500','081776600500','tidakada@tidakada.com','Perumahan Graha indah. Jln srikaya No.D7/12 RT.007 RW 010. Kelurahan Jaka Mulya, Kecamatan Bekasi Selatan, Kota Bekasi','Perumahan Graha indah. Jln srikaya No.D7/12 RT.007 RW 010. Kelurahan Jaka Mulya, Kecamatan Bekasi Selatan, Kota Bekasi',1,1,NULL,NULL,0,NULL,'adminsales2','adminsales2','2b643e21-a94c-4713-93f1-f1cbde6ad633','2020-10-18 11:32:23','2020-10-18 15:58:45'),('153339d2-bf88-4b93-99c1-73d6afdda230','PT.FMI',1,'PT FIBER MEDIA INDONESIA - NP','PT FIBER MEDIA INDONESIA - NP','(021) 75997997','(021) 75997997','billingfinance@tachyon.net.id','Jl. TB Simatupang, RT.3/RW.1, Cilandak Bar., Jakarta, Kota Jakarta Selatan, Daerah Khusus Ibukota Jakarta 12550','Jl. TB Simatupang, RT.3/RW.1, Cilandak Bar., Jakarta, Kota Jakarta Selatan, Daerah Khusus Ibukota Jakarta 12550',1,1,NULL,NULL,0,NULL,'eko','Mirza Rizaldy','2b643e21-a94c-4713-93f1-f1cbde6ad633','2020-05-15 08:23:56','2020-10-05 18:27:34'),('1b4b5e98-b657-44e2-b139-d64b9d28b41d','YUSUP',1,'YUSUP - NP','YUSUP - NP','083807336979','083807336979','tidakada@tidakada.com','JL. Srikaya Ujung No.10 Utan Kayu. Jakarta timur','JL. Srikaya Ujung No.10 Utan Kayu. Jakarta timur',1,4,NULL,NULL,0,NULL,'adminsales2',NULL,'2b643e21-a94c-4713-93f1-f1cbde6ad633','2020-10-18 11:43:45','2020-10-18 11:43:45'),('1c527872-628d-43aa-a61e-b02f74ee1154','PT.BTS',1,'PT BALITOWERINDO SENTRA, TBK - P','PT BALITOWERINDO SENTRA, TBK - P','+62 21 5790 5788','+62 21 5790 5789','customer.support@balitower.co.id','Wisma KEIAI, 22nd Floor\r\nJl. Jend. Sudirman Kav. 3\r\nJakarta 10220. Indonesia','Wisma KEIAI, 22nd Floor\r\nJl. Jend. Sudirman Kav. 3\r\nJakarta 10220. Indonesia',1,4,NULL,NULL,1,'02.601.536.2.054.000','eko','adminsales2','2b643e21-a94c-4713-93f1-f1cbde6ad633','2020-05-15 07:48:58','2020-10-18 14:16:42'),('1f02ca00-7654-4553-9e1b-2e7f35232f9c','SURYADITGR',1,'SURYADI - TANGERANG - NP','SURYADI - TANGERANG - NP','0812-8444-6006','0812-8444-6006','tidakada@tidakada.com','JL.H.RIWAN , KUNCIRAN PINANG-TANGERANG','JL.H.RIWAN , KUNCIRAN PINANG-TANGERANG',1,1,NULL,NULL,0,NULL,'eko','Mirza Rizaldy','2b643e21-a94c-4713-93f1-f1cbde6ad633','2020-03-07 08:10:12','2020-10-05 18:18:42'),('21fca1cd-1e44-4895-b877-7f70903c1684','FTI-MFG',2,'PT Fibertekno Teknologi Inovasi','PT Fibertekno Teknologi Inovasi','021-3913796','021-3913796','dian.hendryan@gmail.com','Jl. Sungai Bengawan Solo No. 9 rt 022 rw.01 Kelurahan Semper Barat, Kecamatan Cilincing Jakarta Utara - DKI Jakarta','Jl. Sungai Bengawan Solo No. 9 rt 022 rw.01 Kelurahan Semper Barat, Kecamatan Cilincing Jakarta Utara - DKI Jakarta',2,1,NULL,NULL,0,NULL,'Mirza Rizaldy',NULL,'2b643e21-a94c-4713-93f1-f1cbde6ad633','2020-10-05 15:57:07','2020-10-05 15:57:07'),('2d563a3d-b66a-41c9-95e9-62b8f93876c3','JOSEPH',1,'JOSEPH - NP','JOSEPH - NP','08111111111','08111111111','tidakada@tidakada.com','JL. BARU','JL. BARU',1,1,NULL,NULL,0,NULL,'Nining S. (Sales Adm)','Mirza Rizaldy','2b643e21-a94c-4713-93f1-f1cbde6ad633','2020-06-17 06:15:29','2020-10-05 18:30:55'),('2f38b559-0206-421c-a036-fd8fa0e49914','RENDIPTAIS',1,'RENDI PT AIS - NP','RENDI PT AIS - NP','0812-1211-9919','0812-1211-9919','tidakada@tidakada.com','JL RAYA PEMDA Kp. Tunggilis Rt.02 Rw.13 Kel. Kedung Halang Kec. Bogor Utara . Kota Bogor','JL RAYA PEMDA Kp. Tunggilis Rt.02 Rw.13 Kel. Kedung Halang Kec. Bogor Utara . Kota Bogor',1,3,NULL,NULL,0,NULL,'adminsales2',NULL,'2b643e21-a94c-4713-93f1-f1cbde6ad633','2020-10-18 12:59:48','2020-10-18 12:59:48'),('2f45fd81-b485-43cf-a628-685ed13c7d56','DANIELMATIUS',1,'DANIEL MATIUS - NP','DANIEL MATIUS - NP','081280104269','081280104269','tidakada@tidakada.com','JL. Jatinegara Barat 160 RT.006/RW.001. Kelurahan Kampung Melayu, Kecamatan Jatinegara. Jakarta Timur, DKI Jakarta','JL. Jatinegara Barat 160 RT.006/RW.001. Kelurahan Kampung Melayu, Kecamatan Jatinegara. Jakarta Timur, DKI Jakarta',1,4,NULL,NULL,0,NULL,'adminsales2',NULL,'2b643e21-a94c-4713-93f1-f1cbde6ad633','2020-10-18 12:01:51','2020-10-18 12:01:51'),('30de5d04-9539-41fa-8d45-6fca5116f3b7','HERICBR',1,'HERI - CIBUBUR - NP','HERI - CIBUBUR - NP','na','0813-8007-0047','na@na.co','GUNUNG PUTRI , CIANGSANA, CIBONONG','GUNUNG PUTRI , CIANGSANA, CIBONONG',1,1,NULL,NULL,0,NULL,'eko','Mirza Rizaldy','2b643e21-a94c-4713-93f1-f1cbde6ad633','2020-03-07 08:43:36','2020-10-05 19:11:26'),('330f3dc9-3e0a-4bb2-840a-0f3ff8699f54','DANISUBANG',1,'DANI SUBANG - NP','DANI SUBANG - NP','0857-5929-8000','0857-5929-8000','tidakada@tidakada.com','JL. Tugu Utara No.309 Kalijati Timur Subang Jawa Barat 41271','JL. Tugu Utara No.309 Kalijati Timur Subang Jawa Barat 41271',1,3,NULL,NULL,0,NULL,'adminsales2',NULL,'2b643e21-a94c-4713-93f1-f1cbde6ad633','2020-10-18 12:53:53','2020-10-18 12:53:53'),('36928157-6421-4097-835f-791a5fe563fb','WAKIDINJFO',1,'WAKIDIN JFO - NP','WAKIDIN JFO - NP','0821-1232-3102','0821-1232-3102','tidakada@tidakada.com','JL. Kalimaya no.44 Rt.1/ Rw.8 Kapuk. Kec. Cengkareng , Jakarta - Barat 11720','JL. Kalimaya no.44 Rt.1/ Rw.8 Kapuk. Kec. Cengkareng , Jakarta - Barat 11720',1,3,NULL,NULL,0,NULL,'adminsales2',NULL,'2b643e21-a94c-4713-93f1-f1cbde6ad633','2020-10-18 13:04:10','2020-10-18 13:04:10'),('3997c1c7-07fc-40a7-8fc8-0133e48dca6d','MS',2,'CV. MITRA SELARAS','CV. MITRA SELARAS','+62-218724030','+62-218724030','mitraselaras1998@gmail.com','Jl. Pesantren No.17 Pasir Gunung selatan Cimanggis Depok 16951','Jl. Pesantren No.17 Pasir Gunung selatan Cimanggis Depok 16951',1,1,NULL,NULL,0,'25563289412000','Dina','Mirza Rizaldy','2b643e21-a94c-4713-93f1-f1cbde6ad633','2020-10-18 11:31:57','2020-10-18 11:52:33'),('3b59e30e-d5ad-4bca-966b-69d275e140d4','Trio',2,'Trio 1','Juragan Fiber Optik','081311344074','081311344074','jfo@gmail.com','Jl kalimaya no 44B RT 001/08 Kel. kapuk kec. cengkareng','Jl kalimaya no 44B RT 001/08 Kel. kapuk kec. cengkareng',1,1,NULL,NULL,0,NULL,'Dina','Dina','2b643e21-a94c-4713-93f1-f1cbde6ad633','2020-06-18 12:53:11','2020-10-19 15:47:10'),('3d5983af-7c36-47ba-84e5-65298fb4fc96','NOARK',2,'Suzhou Noark Telecom Co, Ltd.','Suzhou Noark Telecom Co., Ltd.','000000','0086-18906251718','fiberoptical@yeah.net','No.128 Unit 1, Xinduhui City Square, No. 249 Gaoxin Road, Songling Town, Wujiang district, Suzhou City. 215200 , China','No.128 Unit 1, Xinduhui City Square, No. 249 Gaoxin Road, Songling Town, Wujiang district, Suzhou City. 215200 , China',1,1,NULL,NULL,0,NULL,'Dina','Dina','2b643e21-a94c-4713-93f1-f1cbde6ad633','2020-10-18 11:36:39','2020-10-18 11:41:39'),('3fb31237-4421-416c-b5ea-b160c48234b3','DEDIBOGOR',1,'DEDI - NP','DEDI - NP','1234567','1234567','tidakada@tidakada.com','Bogor','Bogor',1,2,NULL,NULL,0,NULL,'adminsales2',NULL,'82e9ec8c-5a82-4009-ba2f-ab620eeaa71a','2020-10-10 16:13:29','2020-10-18 13:33:31'),('4059e04b-d10d-4e24-b0dc-d71fe8afbc1d','00002',1,'GREENET','PT. GREENET','08111222222','08111222222','GREENET01@GREENET.COOM','JL.GREN N BLUE','JL.GREN N BLUE',1,4,NULL,NULL,1,'3434.1568.22.220','Nining S. (Sales Adm)',NULL,'2b643e21-a94c-4713-93f1-f1cbde6ad633','2020-06-18 12:21:21','2020-06-18 12:21:21'),('4064d659-c357-43ea-be73-001592b897b2','MUAMMARKHADAFY',1,'MUAMMAR KHADAFY - NP','MUAMMAR KHADAFY - NP','087822876141','087822876141','tidakada@tidakada.com','Ammar Telco\r\nJl. H. Poleng Gg. H. Jamhuri No.9, RT.002/RW.001, Jurang Mangu Barat,\r\nKec. Pd. Aren, Kota Tangerang Selatan, Banten 15222','Ammar Telco\r\nJl. H. Poleng Gg. H. Jamhuri No.9, RT.002/RW.001, Jurang Mangu Barat,\r\nKec. Pd. Aren, Kota Tangerang Selatan, Banten 15222',1,1,NULL,NULL,0,NULL,'adminsales2','adminsales2','2b643e21-a94c-4713-93f1-f1cbde6ad633','2020-10-18 11:39:33','2020-10-18 12:19:02'),('42ba8249-4513-472a-82c7-3f953cb1e7e0','PT.PMS',1,'PT PRIMA MITRATAMA SEJATI - P','PT PRIMA MITRATAMA SEJATI - P','0215669230','0215669225','tidakada@tidakada.com','Komp. Geen Ville Blok No.26 Jakarta Barat 11510 Indonesia','Komp. Geen Ville Blok No.26 Jakarta Barat 11510 Indonesia',1,3,NULL,NULL,1,NULL,'adminsales2','adminsales2','2b643e21-a94c-4713-93f1-f1cbde6ad633','2020-10-18 11:25:01','2020-10-18 14:25:52'),('47425ace-60ef-4038-abe9-e024d9443d3d','PT.PAS',1,'PT PUTERATEL ANDALAN SUKSES - P','PT PUTERATEL ANDALAN SUKSES - P','0216511912, 0216516113, 02165302380','0216511929','admin@puteratel.com','Jl. Danau Sunter Utara Perkantoran Sunter Permai Blok D No. 18','Jl. Danau Sunter Utara Perkantoran Sunter Permai Blok D No. 18',1,3,NULL,NULL,1,'02.747.795.9-048.000','eko','adminsales2','2b643e21-a94c-4713-93f1-f1cbde6ad633','2020-05-15 08:18:18','2020-10-18 14:12:51'),('4795644c-7142-4dba-921b-d9eddb9d585e','KUSDIANTORO',1,'KUSDIANTORO - NP','KUSDIANTORO - NP','081319641932','081319641932','tidakada@tidakada.com','Kampung Karang Anyar Rt.002/004. Karang Sari. Neglasari. Tangerang Banten','Kampung Karang Anyar Rt.002/004. Karang Sari. Neglasari. Tangerang Banten',1,4,NULL,NULL,0,NULL,'adminsales2',NULL,'2b643e21-a94c-4713-93f1-f1cbde6ad633','2020-10-18 11:55:09','2020-10-18 11:55:09'),('4be2f9dc-5e0e-40e1-87c8-485a4f86bbc9','PT.ATN',1,'PT ASIA TELCO NETWORKS - P','PT ASIA TELCO NETWORKS - P','0217985938','0217985938','tidakada@tidakada.com','Gedung Graha Mampang, Lt1 Unit 101. JL.Mampang\r\nPrapatan Raya Kav.100. Kel Duren Tiga . Kec. Pancoran. Jak-Sel\r\nUp. Bp. Alex','Gedung Graha Mampang, Lt1 Unit 101. JL.Mampang\r\nPrapatan Raya Kav.100. Kel Duren Tiga . Kec. Pancoran. Jak-Sel\r\nUp. Bp. Alex',1,4,NULL,NULL,1,NULL,'adminsales2',NULL,'2b643e21-a94c-4713-93f1-f1cbde6ad633','2020-10-18 12:13:51','2020-10-18 12:13:51'),('4d14c932-edce-47e8-917b-96e03b474f80','PT.PAS-P',1,'PT. PUTERATEL ANDALAN SUKSES (PAS)','PT. PUTERATEL ANDALAN SUKSES (PAS)','(021) 6511912','(021) 6511912','info@puteratel.com','Jl. Danau Sunter Utara, Rukan Sunter Permai Blok D no. 18, RW.14, Sunter Agung, Tj. Priok, Kota Jkt Utara, Daerah Khusus Ibukota Jakarta 14350','Jl. Danau Sunter Utara, Rukan Sunter Permai Blok D no. 18, RW.14, Sunter Agung, Tj. Priok, Kota Jkt Utara, Daerah Khusus Ibukota Jakarta 14350',1,2,NULL,NULL,0,NULL,'Mirza Rizaldy',NULL,'82e9ec8c-5a82-4009-ba2f-ab620eeaa71a','2020-10-05 16:40:40','2020-10-18 14:09:40'),('4e8b0f0e-e718-4150-a7fb-9dd619e413c1','FTI-S-0000001',2,'Pak Iban','PT Pak Iban','021 800000001','08111435076','mirza.rizaldy@gmail.com','Di Rumah','Di Rumah',1,3,NULL,NULL,0,'0101010','eko',NULL,'82e9ec8c-5a82-4009-ba2f-ab620eeaa71a','2020-01-08 11:51:49','2020-10-18 11:52:04'),('51a3c1b2-bdd9-45b3-b7c8-a5553cb40100','FTI-C-0000011',1,'EVI - PUTRA JAYA','EVI - PUTRA JAYA','na','0812-2251-1979','na@na.co','JL. JAKARTA 20-22, KOTA KEMBANG -BANDUNG','JL. JAKARTA 20-22, KOTA KEMBANG -BANDUNG',1,1,NULL,NULL,0,NULL,'eko','eko','2b643e21-a94c-4713-93f1-f1cbde6ad633','2020-03-07 08:04:20','2020-03-07 08:37:03'),('53702139-9724-4da5-a882-5220a73cf96b','ARIYANTOCOKRO',1,'ARIYANTO COKRO - NP','ARIYANTO COKRO - NP','0818988551','0818988551','tidakada@tidakada.com','Cokro Tiang, RT.01/ RW.3 Pondok Kopi, kecamatan Duren Sawit, Kota Jakarta Timur, DKI Jakarta 13460','Cokro Tiang, RT.01/ RW.3 Pondok Kopi, kecamatan Duren Sawit, Kota Jakarta Timur, DKI Jakarta 13460',1,1,NULL,NULL,0,NULL,'adminsales2','adminsales2','2b643e21-a94c-4713-93f1-f1cbde6ad633','2020-10-18 11:53:36','2020-10-18 12:09:56'),('56172d75-401d-4779-8a74-6cbf874b8165','PT.MDT-P',1,'PT. MDT Total Solution - P','PT. MDT Total Solution - P','0211234567','0211234567','tidakada@tidakada.com','JL. Raya Tenjo Singabangsa KM18 . Kp. Tegal Pondoh Rt.002/003. Kel. Singabangsa Kec. Tenjo  Kab. Bogor','JL. Raya Tenjo Singabangsa KM18 . Kp. Tegal Pondoh Rt.002/003. Kel. Singabangsa Kec. Tenjo  Kab. Bogor',1,4,NULL,NULL,1,'1234567890','Mirza Rizaldy',NULL,'2b643e21-a94c-4713-93f1-f1cbde6ad633','2020-10-05 18:11:22','2020-10-05 18:11:22'),('5806d475-6f5e-4ce9-b6ac-66afdfbf2bbf','DEDISUPRIADI',1,'DEDI SUPRIADI - NP','DEDI SUPRIADI - NP','081383115559','081383115559','tidakada@tidakada.com','JL. Singgalang Blok J NO.47 RT.008 RW.014. Kelurahan Limo, kecamatan Limo','JL. Singgalang Blok J NO.47 RT.008 RW.014. Kelurahan Limo, kecamatan Limo',1,1,NULL,NULL,0,NULL,'adminsales2',NULL,'2b643e21-a94c-4713-93f1-f1cbde6ad633','2020-10-18 11:57:15','2020-10-18 11:57:15'),('594cdb41-523d-48eb-b205-7f93cda535ab','PT.IIP',1,'PT INDOGUNA INTI PERSADA -P','PT INDOGUNA INTI PERSADA - P','02153132974','081288346647','tidakada@tidakada.com','Jl. Alap-Alap Blok A 27 No.1 RT005/RW007 Kel.Kunciran Indah, Kec.Pinang, Kota Tangerang 15144','Jl. Alap-Alap Blok A 27 No.1 RT005/RW007 Kel.Kunciran Indah, Kec.Pinang, Kota Tangerang 15144',1,4,NULL,NULL,1,'74.615.830.2-416.000','adminsales2',NULL,'2b643e21-a94c-4713-93f1-f1cbde6ad633','2020-10-18 11:05:42','2020-10-18 11:05:42'),('5ca6b7cd-c87b-4805-a395-0a44a2dcd2fe','FTI-C-0000007',1,'Agus - PT AKM','Agus - PT AKM','na','0822-5819-8720','na@na.co','GG. HJ. UMAR , PARUNG SERAB - CILEDUG','GG. HJ. UMAR , PARUNG SERAB - CILEDUG',1,1,NULL,NULL,0,NULL,'eko','eko','2b643e21-a94c-4713-93f1-f1cbde6ad633','2020-03-07 07:59:21','2020-03-07 08:39:27'),('5f04c0c8-a376-4816-a311-6716e99cfa1e','YUDHIHERMAN',1,'YUDHI HERMAN - NP','YUDHI HERMAN - NP','08121976938','08121976938','tidakada@tidakada.com','JL. Patuha Raya No.18 Rt.006 Rw.16, Kayu Ringin Jaya - Bekasi Selatan. Kotamadya Bekasi','JL. Patuha Raya No.18 Rt.006 Rw.16, Kayu Ringin Jaya - Bekasi Selatan. Kotamadya Bekasi',1,4,NULL,NULL,0,NULL,'adminsales2',NULL,'2b643e21-a94c-4713-93f1-f1cbde6ad633','2020-10-18 11:51:43','2020-10-18 11:51:43'),('6194181d-b01f-4c38-bc1b-600fd60e6f07','RIV',1,'RIV - NP','RIV - NP','085105630668','085105630668','tidakada@tidakada.com','C11 Rapid Test Distributor\r\nBandengan utara 85A71 \r\nPenjaringan \r\nJakarta Utara 14440','C11 Rapid Test Distributor\r\nBandengan utara 85A71 \r\nPenjaringan \r\nJakarta Utara 14440',1,4,NULL,NULL,0,NULL,'adminsales2',NULL,'2b643e21-a94c-4713-93f1-f1cbde6ad633','2020-10-18 12:29:08','2020-10-18 12:29:08'),('61dc6863-5ed4-44a0-abc6-c604a753c776','LIYA',1,'LIYA - NP','LIYA - NP','0852-8011-9255','0852-8011-9255','tidakada@tidakada.com','perum simprug diporis blok h1 no 45, poris jaya, batu ceper, kota tangerang','perum simprug diporis blok h1 no 45, poris jaya, batu ceper, kota tangerang',1,4,NULL,NULL,0,NULL,'adminsales2',NULL,'2b643e21-a94c-4713-93f1-f1cbde6ad633','2020-10-18 13:05:25','2020-10-18 13:05:25'),('621538da-23fd-4098-97cd-d56fad695246','FTI-C-0000024',1,'CV KABELINDO SEJAHTERA','CV KABELINDO SEJAHTERA','00000','00000','kabelindosejahtera.cv@gmail.com','000000','000000',1,2,NULL,NULL,0,NULL,'eko',NULL,'2b643e21-a94c-4713-93f1-f1cbde6ad633','2020-05-15 09:01:38','2020-05-15 09:01:38'),('64187ab7-82f8-4829-b686-8116336da82a','JULIAN',1,'JULIAN - NP','JULIAN - NP','0857-7741-8995','0857-7741-8995','tidakada@tidakada.com','JL. Raya Cibeusi 24A Dusun Bojong Eureun 01/12 Jatinangor , Sumedang','JL. Raya Cibeusi 24A Dusun Bojong Eureun 01/12 Jatinangor , Sumedang',1,3,NULL,NULL,0,NULL,'adminsales2',NULL,'2b643e21-a94c-4713-93f1-f1cbde6ad633','2020-10-18 12:55:50','2020-10-18 12:55:50'),('64dcc829-81b4-4cad-879a-858ca36d6ae6','DIDIN',1,'DIDIN - NP','DIDIN - NP','08111892807','08111892807','tidakada@tidakada.com','Vila Bogor Indah Blok CC5 No.64 Kel. Ciparigi - Kec. Bogor Utara, Kota Bogor','Vila Bogor Indah Blok CC5 No.64 Kel. Ciparigi - Kec. Bogor Utara, Kota Bogor',1,4,NULL,NULL,0,NULL,'adminsales2',NULL,'2b643e21-a94c-4713-93f1-f1cbde6ad633','2020-10-18 12:11:42','2020-10-18 12:11:42'),('65bc3a3e-ab7e-43f5-941d-5b667d18de4b','FATYA',1,'FATYA - NP','FATYA - NP','087784412939','087784412939','tidakada@tidakada.com','Lenteng Agung. Gg Zakaria 8 No.28A Rt.008 Rw.003. LENTENG AGUNG. JAGAKARSA . JAKARTA SELATAN - DKI JAKARTA','Lenteng Agung. Gg Zakaria 8 No.28A Rt.008 Rw.003. LENTENG AGUNG. JAGAKARSA . JAKARTA SELATAN - DKI JAKARTA',1,4,NULL,NULL,0,NULL,'adminsales2',NULL,'2b643e21-a94c-4713-93f1-f1cbde6ad633','2020-10-18 11:34:14','2020-10-18 11:34:14'),('682c7cf6-edbe-4f94-9c26-aeae4ef417f3','PT.BSG',1,'PT BENTALA SELARAS GLOBALINDO - P','PT BENTALA SELARAS GLOBALINDO  - P','02175672127','02122756431','tidakada@tidakada.com','Taman Tekno BSD City Sektor XI\r\nBlok A2 No 28, Setu Tangerang Selatan 15314','Taman Tekno BSD City Sektor XI\r\nBlok A2 No 28, Setu Tangerang Selatan 15314',1,4,NULL,NULL,1,NULL,'adminsales2',NULL,'2b643e21-a94c-4713-93f1-f1cbde6ad633','2020-10-18 11:21:19','2020-10-18 11:21:19'),('6c321e1f-f42a-41fa-8069-6d0bd24b0d8d','CITRANET',1,'PT JEMBATAN CITRA NUSANTARA - P','PT JEMBATAN CITRA NUSANTARA - P','0274553066','0274553066','accounting@jogja.citra.net.id','Jl. Petung No.31, Papringan, Caturunggal, Depok, Sleman, Daerah Istimewa Yogyakarta 55281','Jl. Petung No.31, Papringan, Caturunggal, Depok, Sleman, Daerah Istimewa Yogyakarta 55281',1,3,NULL,NULL,1,'02.028.604.3-526.000','adminsales2',NULL,'2b643e21-a94c-4713-93f1-f1cbde6ad633','2020-10-18 10:52:57','2020-10-18 10:52:57'),('6fe4d0f9-8b78-4932-9f6a-c78a6dc22829','YOFCHQ',2,'Yangtze Optical Fibre and Cable Joint Stock Limited Company','Yangtze Optical Fibre and Cable Joint Stock Limited Company','+82 27 872536','+82 27 872541','zhoujie@yofc.com','No.9 Guanggu Avenue, Wuhan, P.R China','No.9 Guanggu Avenue, Wuhan, P.R China',1,5,NULL,NULL,0,NULL,'Dina',NULL,'2b643e21-a94c-4713-93f1-f1cbde6ad633','2020-10-18 11:16:51','2020-10-18 11:16:51'),('7017be3c-f373-4c32-8acc-479b61821152','FIBTELE',2,'Shenzhen Fibtele Optical Communication Co.,LTD.','Shenzhen Fibtele Optical Communication Co.,LTD.','000000','+861376019803','aaa@gmail.com','Room 708, 7 floor ,HangCheng Zhihui Builiding A, Sanwei Community, Hangcheng Street, Baoan District, Shenzhen,China','Room 708, 7 floor ,HangCheng Zhihui Builiding A, Sanwei Community, Hangcheng Street, Baoan District, Shenzhen,China',1,1,NULL,NULL,0,NULL,'Dina','Dina','2b643e21-a94c-4713-93f1-f1cbde6ad633','2020-10-18 11:39:13','2020-10-18 11:43:34'),('7541273e-1092-4772-b62c-1d5f7552354e','PETER',1,'PETER - NP','PETER - NP','087777675958','087777675958','tidakada@tidakada.com','JL. Kartini IV Dalam No.6 RT.003/RW.004. Kel. Kartini Kec.Sawah besar','JL. Kartini IV Dalam No.6 RT.003/RW.004. Kel. Kartini Kec.Sawah besar',1,4,NULL,NULL,0,NULL,'adminsales2',NULL,'2b643e21-a94c-4713-93f1-f1cbde6ad633','2020-10-18 11:58:45','2020-10-18 11:58:45'),('76013415-84d1-4490-8b57-a394ff4b2f2f','AKHMADLUTFIAZIZ',1,'AKHMAD LUTFI AZIZ - NP','AKHMAD LUTFI AZIZ - NP','081317907058','081317907058','tidakada@tidakada.com','Jl. Jagakarsa 1, Gang Aren 2, RT.5 RW.2, No.30 E Jakarta Selatan','Jl. Jagakarsa 1, Gang Aren 2, RT.5 RW.2, No.30 E Jakarta Selatan',1,4,NULL,NULL,0,NULL,'adminsales2',NULL,'2b643e21-a94c-4713-93f1-f1cbde6ad633','2020-10-18 11:49:42','2020-10-18 11:49:42'),('790a14b1-7db7-4438-973e-1fd83c4b9dd8','PT.KRI',1,'PT KENCANA RAYA INDONESIA - NP','PT KENCANA RAYA INDONESIA - NP','0821-2397-1785','0821-2397-1785','tidakada@tidakada.com','Unanamed Road Rt.06/ Rw.05, Sindang Barang Kec. Bogor Barat, Kota Bogor , Jawa Barat  16117','Unanamed Road Rt.06/ Rw.05, Sindang Barang Kec. Bogor Barat, Kota Bogor , Jawa Barat  16117',1,4,NULL,NULL,0,NULL,'adminsales2',NULL,'2b643e21-a94c-4713-93f1-f1cbde6ad633','2020-10-18 13:03:12','2020-10-18 13:03:12'),('79acefdd-92bb-4079-99c3-ba9654250d56','PAS',2,'Chayadi Subrata','PT Puteratel Andalan Sukses','0216511912','02165302380','aaa@gmail.com','Jl danau sunter utara. Perkantoran Sunter Permai blok D no 18','Jl danau sunter utara. Perkantoran Sunter Permai blok D no 18',1,4,NULL,NULL,0,'02.747.795.9-048.000','Dina',NULL,'2b643e21-a94c-4713-93f1-f1cbde6ad633','2020-06-19 10:00:25','2020-06-19 10:00:25'),('7e569fac-69c7-48c1-a851-b4d914943724','FTI-C-0000004',1,'TRIO - JURAGAN FIBER OPTIK','TRIO - JURAGAN FIBER OPTIK','na','0813-1134-4074','na@na.com','JL. KALIMAYA , CENGKENG-JAKARTA','JL. KALIMAYA , CENGKENG-JAKARTA',1,1,NULL,NULL,0,NULL,'eko','eko','2b643e21-a94c-4713-93f1-f1cbde6ad633','2020-03-06 09:35:25','2020-03-07 08:39:47'),('8163fd65-1895-4f96-85d7-bbd3af40f79b','AMG',2,'Koh Aming','aming','0000000000','0000000000','aaa@gmail.com','PIK','PIK',1,1,NULL,NULL,0,NULL,'Dina',NULL,'2b643e21-a94c-4713-93f1-f1cbde6ad633','2020-06-18 12:50:24','2020-06-18 12:50:24'),('8283d753-a886-4980-960a-4c2e5e631ba6','RAFACOM',1,'RAFACOM - NP',NULL,'085776016341','085776016341','tidakada@tidakada.com','Jl Centex Raya Gg.Sopan\r\nRt003/RW.010 No.19 Ciracas\r\nJakarta Timur 13740','Jl Centex Raya Gg.Sopan\r\nRt003/RW.010 No.19 Ciracas\r\nJakarta Timur 13740',1,1,NULL,NULL,0,NULL,'eko','adminsales2','2b643e21-a94c-4713-93f1-f1cbde6ad633','2020-03-06 10:55:37','2020-10-18 15:58:28'),('8894faf4-281a-4c22-b2c2-1aff6f67b346','FTI-S-0000002',2,'Pak Ibos','PT Ibos Makmur','021 989665','0811199181918','ibosjaya@gmail.com','Samping Kanan','Samping Kanan',1,3,NULL,NULL,0,NULL,'eko',NULL,'82e9ec8c-5a82-4009-ba2f-ab620eeaa71a','2020-01-08 15:39:22','2020-10-18 11:52:12'),('89e66263-2b97-412a-a1bb-385b527c604c','LIDWINA',1,'LIDWINA - NP','LIDWINA - NP','0812-3514-3035','0812-3514-3035','tidakada@tidakada.com','JL. Gunung Latimojong No.21 Makassar Sulawesi Selatan','JL. Gunung Latimojong No.21 Makassar Sulawesi Selatan',1,3,NULL,NULL,0,NULL,'adminsales2',NULL,'2b643e21-a94c-4713-93f1-f1cbde6ad633','2020-10-18 12:55:07','2020-10-18 12:55:07'),('8b801fcf-33fc-4fef-bb73-9c0a8805ebae','KFS',2,'PT. KARYA FABEAL SUKSES','PT. KARYA FABEAL SUKSES','082114445911','082114445911','karyafabealsukses@gmail.com','Cluster Colombus Mansion Perumahan MGT 2 Blok P5 N0.59 Bekasi - Jawa Barat 17158','Cluster Colombus Mansion Perumahan MGT 2 Blok P5 N0.59 Bekasi - Jawa Barat 17158',1,3,NULL,NULL,0,'906749528432000','Dina',NULL,'2b643e21-a94c-4713-93f1-f1cbde6ad633','2020-10-18 10:52:11','2020-10-18 10:52:11'),('95109b19-a6fb-4442-8b4c-4fb05606cdbd','PT.SLI',1,'PT SINERGI LAYANAN INTEGRASI - P','PT SINERGI LAYANAN INTEGRASI - P','0217995136','0217983651','suryadi.budiraharjo@gmail.com','Jl. Raya Pasar Minggu No.21 Blok G Kalibata Pancoran V Jakarta Selatan','Jl. Raya Pasar Minggu No.21 Blok G Kalibata Pancoran V Jakarta Selatan',1,1,NULL,NULL,1,'02.399.533.5-061.000','adminsales2','adminsales2','2b643e21-a94c-4713-93f1-f1cbde6ad633','2020-10-18 11:00:11','2020-10-18 11:06:20'),('955e56d8-541c-4491-a615-feb60a6eca5d','SARAH',1,'SARAH - NP','SARAH - NP','082111099905','082111099905','tidakada@tidakada.com','Cluster Permata Karawaci Blok E No.4 Tangerang','Cluster Permata Karawaci Blok E No.4 Tangerang',1,4,NULL,NULL,0,NULL,'adminsales2',NULL,'2b643e21-a94c-4713-93f1-f1cbde6ad633','2020-10-18 12:17:43','2020-10-18 12:17:43'),('96319853-e1ee-46af-b460-969e7de44dad','HERAWATI',1,'HERAWATI NP','HERAWATI - NP','081330255921','081330255921','tidakada@tidakada.com','Toko Jaya Aneka\r\nJl.Bawean No.17 Situbondo, Jawa Timur','Toko Jaya Aneka\r\nJl.Bawean No.17 Situbondo, Jawa Timur',1,4,NULL,NULL,0,NULL,'adminsales2',NULL,'2b643e21-a94c-4713-93f1-f1cbde6ad633','2020-10-18 12:38:26','2020-10-18 12:38:26'),('97939d5d-7c1b-4da6-a0e8-d8b992030a66','BAYUANDIKA',1,'BAYU ANDIKA - NP','BAYU ANDIKA - NP','0856-1973-179','0856-1973-179','tidakada@tidakada.com','TOKO RAYA COMPUTER JL. Raya Petir Cipocok Serang Banten (serang Taman Pinus Residence)','TOKO RAYA COMPUTER JL. Raya Petir Cipocok Serang Banten (serang Taman Pinus Residence)',1,3,NULL,NULL,0,NULL,'adminsales2',NULL,'2b643e21-a94c-4713-93f1-f1cbde6ad633','2020-10-18 12:58:38','2020-10-18 12:58:38'),('9c4257b6-3a16-4c61-9dc0-04fe2ef5d514','YOI',2,'PT Yangtze Optics Indonesia','PT Yangtze Optics Indonesia','+62 813-9858-3389','+62 813-9858-3389','zhoujie@yofc.com','X Kav 1-65 E4,, , Kabupaten Jl. Surya Madya, Mulyasari, Ciampel Karawang, Jawa Barat 41363','X Kav 1-65 E4,, , Kabupaten Jl. Surya Madya, Mulyasari, Ciampel Karawang, Jawa Barat 41363',1,5,NULL,NULL,0,'81.779.778.0-036.000','Dina',NULL,'2b643e21-a94c-4713-93f1-f1cbde6ad633','2020-06-19 09:49:36','2020-06-19 09:49:36'),('9ea60706-92ea-41a9-8f35-01800f396ad9','IMP/CHN/001',2,'IMPORT CHINA - CHEN','FIBERTRON','021220487','082122858663','ftn@go.chn','Jakarta','Jakarta',1,4,NULL,NULL,0,'441216464','Dimas',NULL,'2b643e21-a94c-4713-93f1-f1cbde6ad633','2020-05-18 09:09:34','2020-05-18 09:09:34'),('a3895f2e-39c2-4111-9892-c390a0dc87b6','FTI-C-0000017',1,'HENGKI - TNT','HENGKI - TNT','na','0816-1189-371','na@na.co','PLAZA KENARI MAS , JAKARTA PUSAT','PLAZA KENARI MAS , JAKARTA PUSAT',1,2,NULL,NULL,0,NULL,'eko',NULL,'2b643e21-a94c-4713-93f1-f1cbde6ad633','2020-03-07 08:36:32','2020-03-07 08:36:32'),('a7d927ab-81a3-4be7-ac62-e2aa723891bf','Online-LJ',2,'lancar jaya','shopee','00000000000000','999999999999999','lj@shopee.com','Jakarta','Jakarta',1,1,NULL,NULL,0,NULL,'Dina',NULL,'2b643e21-a94c-4713-93f1-f1cbde6ad633','2020-05-18 07:03:24','2020-05-18 07:03:24'),('a811d8b2-5af8-4ae7-b7cb-5fa55aab76f7','TMM',2,'PT. TUNAS MITRA MAKMUR','PT. TUNAS MITRA MAKMUR','02122028188','02122028187','ferdy@tunasmitra.co.id','Pergudangan Tunas Bitung C.2 No.06 Pasir Jaya Cikupa Kab. Tangerang','Pergudangan Tunas Bitung C.2 No.06 Pasir Jaya Cikupa Kab. Tangerang',1,1,NULL,NULL,0,'762705523452000','Dina',NULL,'2b643e21-a94c-4713-93f1-f1cbde6ad633','2020-10-18 10:55:45','2020-10-18 10:55:45'),('a99e4967-170b-438d-bb3d-77d14487d85c','PT.PC24',1,'PT PC24 CYBER INDONESIA - P','PT PC24 CYBER INDONESIA - P','0218306633','0218306633','budi@fibermedia.co.id','Jl. Wibawa Mukti II No.3 D\r\n(ruko abu-abu sebrang ayam KQ5)\r\nJatiasih - Bekasi Selatan','Jalan Kampung Pamahan RT.04 RW.09 No 13 Kel.Jatimekar Kec.Jatiasih, Bekasi',1,4,NULL,NULL,1,'02.450.207.2-013.000','adminsales2',NULL,'2b643e21-a94c-4713-93f1-f1cbde6ad633','2020-10-18 15:32:05','2020-10-18 15:32:05'),('aa0021af-a3fa-4270-9b86-85cd58ea20ca','FTI-C-0000012',1,'CASMID - BOGOR','CASMID - BOGOR','na','0852-8113-6389','na@na.co','KP. KARET , TAJURHALANG - BOGOR','KP. KARET , TAJURHALANG - BOGOR',1,1,NULL,NULL,0,NULL,'eko','eko','2b643e21-a94c-4713-93f1-f1cbde6ad633','2020-03-07 08:05:55','2020-03-07 08:40:09'),('abe9c7a2-64b9-4b97-9fff-c21c5cf79921','CV.TDU',1,'CV. TRIDAYA UTAMA - P','CV. TRIDAYA UTAMA - P','02147861820','0214716000','msyakhrudi@yahoo.com','Berdagang Alat Telkom dan Komputer','Berdagang Alat Telkom dan Komputer',1,4,NULL,NULL,1,'00.000.000.0-000.000','Mirza Rizaldy','adminsales2','2b643e21-a94c-4713-93f1-f1cbde6ad633','2020-10-05 19:10:50','2020-10-18 14:01:34'),('af98b8e1-9760-4707-a9b2-67d36db49a03','FTI-C-0000013',1,'LUTFI AZIZ','LUTFI AZIZ','na','0812-9046-6900','na@na.co','JL. JAGAKARSA GG.AREN , JAKARTA SELATAN','JL. JAGAKARSA GG.AREN , JAKARTA SELATAN',1,2,NULL,NULL,0,NULL,'eko',NULL,'2b643e21-a94c-4713-93f1-f1cbde6ad633','2020-03-07 08:07:02','2020-03-07 08:07:02'),('b42188e1-e601-42ff-bc91-b9cb036dbaaf','TRIOSUMBODO',1,'TRIO SUMBODO - NP','TRIO SUMBODO - NP','081311344074','081311344074','tidakada@tidakada.com','JL. Kalimaya RT.001 RW.008. Kapuk. Cengkareng. Jakarta Barat - DKI Jakarta','JL. Kalimaya RT.001 RW.008. Kapuk. Cengkareng. Jakarta Barat - DKI Jakarta',1,4,NULL,NULL,0,NULL,'adminsales2',NULL,'2b643e21-a94c-4713-93f1-f1cbde6ad633','2020-10-18 11:36:56','2020-10-18 11:36:56'),('b45ecd89-14df-4d39-8acf-1eb22b838497','GTC',2,'Green Telecom Communication Co. Ltd','Green Telecom Communication Co. Ltd','86 - 574 - 62481666','86 - 574 - 62487187','will@greentel-tech.com','No.192,Beixing Road,Mazhu Town,Yuyao City,Zhejiang,China','No.192,Beixing Road,Mazhu Town,Yuyao City,Zhejiang,China',1,5,NULL,NULL,0,NULL,'Dina',NULL,'2b643e21-a94c-4713-93f1-f1cbde6ad633','2020-10-18 11:23:49','2020-10-18 11:23:49'),('b535a892-0d41-44fd-8f94-bc17afc1cdc3','PT.L1V',1,'PT LINTAS SATU VISI - P','PT LINTAS SATU VISI - P','02221001717','02221001717','noc@l1v.co.id','Istana Regensi, Jl. Magenta Raya No.26 RT.001 RW.006, Bandung','Istana Regensi, Jl. Magenta Raya No.26 RT.001 RW.006, Bandung',1,4,NULL,NULL,1,NULL,'adminsales2',NULL,'2b643e21-a94c-4713-93f1-f1cbde6ad633','2020-10-18 14:19:45','2020-10-18 14:19:45'),('b675bf76-b74c-4bf0-99a1-ebf8f9669fae','FTI-C-0000001',1,'Data Comm','Data Comm','021 861868686','0817777777','admin@com.com','Seberang Kali','Seberang Kali',1,3,NULL,NULL,0,NULL,'eko',NULL,'82e9ec8c-5a82-4009-ba2f-ab620eeaa71a','2020-01-08 15:11:24','2020-05-14 10:38:58'),('b7abf951-17b6-475c-83ee-86affd15dcbc','IDRUSHAKIMI',1,'IDRUS HAKIMI - NP','IDRUS HAKIMI - NP','081212369090','081212369090','tidakada@tidakada.com','Jl. Sei Kapuas No.7a Perum Torganda Darusalam \r\nKel.Medan Babura, Kec.Medan Sunggal\r\nK.pos 20154','Jl. Sei Kapuas No.7a Perum Torganda Darusalam \r\nKel.Medan Babura, Kec.Medan Sunggal\r\nK.pos 20154',1,4,NULL,NULL,0,NULL,'adminsales2',NULL,'2b643e21-a94c-4713-93f1-f1cbde6ad633','2020-10-18 12:16:05','2020-10-18 12:16:05'),('b8cb257b-260f-464d-9010-0c28ef99d95d','JOCOM',1,'JOCOM - NP','JOCOM - NP','081288598652','081288598652','tidakada@tidakada.com','Mangga Dua Mall Lt.4 No.37B\r\nUp. Bp Johan','Mangga Dua Mall Lt.4 No.37B\r\nUp. Bp Johan',1,1,NULL,NULL,0,NULL,'adminsales2','adminsales2','2b643e21-a94c-4713-93f1-f1cbde6ad633','2020-10-18 12:40:01','2020-10-18 12:40:44'),('ba5cd38f-2ffb-4957-a1a2-c23e691b2068','MIK',2,'MIK - Mr Matt','PT Mitra Integrasi Komunikasi','082246895318','082246895318','mattdai@rittech.com.cn','Jl palem manis I kel Gandasari kec. Jatiuwung. Tangerang, Banten','Jl palem manis I kel Gandasari kec. Jatiuwung. Tangerang, Banten',1,1,NULL,NULL,0,'85.709.892.5-402.000','Dina','Mirza Rizaldy','2b643e21-a94c-4713-93f1-f1cbde6ad633','2020-06-19 10:04:43','2020-10-31 14:22:11'),('ba7a799c-91af-4f8e-a11a-0b14789cbb37','MFAIZ',1,'MFAIZ - NP','MFAIZ - NP','082231359975','082231359975','tidakada@tidakada.com','Multikom Cluring, Jl. Raya Cluring No.14 Banyuwangi, Jawa Timur, samping pertigaan patung Minak Jinggo cluring','Multikom Cluring, Jl. Raya Cluring No.14 Banyuwangi, Jawa Timur, samping pertigaan patung Minak Jinggo cluring',1,4,NULL,NULL,0,NULL,'adminsales2',NULL,'2b643e21-a94c-4713-93f1-f1cbde6ad633','2020-10-18 11:29:36','2020-10-18 11:29:36'),('becc0f2a-50ee-4f9a-ace1-a8ae700a3262','PT.CAP',1,'PT CAHAYA ABADI PLASTIK - P','PT CAHAYA ABADI PLASTIK - P','02129612096','02129612096','tidakada@tidakada.com','Jln. Kenari 1 Block G1 No.27, Delta Silicon V, Lippo Cikarang, Bekasi, Jawa Barat, Indonesia','Jln. Kenari 1 Block G1 No.27, Delta Silicon V, Lippo Cikarang, Bekasi, Jawa Barat, Indonesia',1,4,NULL,NULL,1,NULL,'adminsales2',NULL,'2b643e21-a94c-4713-93f1-f1cbde6ad633','2020-10-18 14:24:56','2020-10-18 14:24:56'),('c0006d45-3a66-476d-9264-b2f850121956','Online-LVS',2,'Lenov Shop','shopee','0000000000','0000000000','lvs@gmial.com','Jakarta','Jakarta',1,1,NULL,NULL,0,NULL,'Dina',NULL,'2b643e21-a94c-4713-93f1-f1cbde6ad633','2020-06-18 12:54:33','2020-06-18 12:54:33'),('c1508758-40e4-49ef-bb41-fe502aeab095','FTI-C-0000008',1,'BAYU','BAYU','na','0822-1040-4442','na@na.co','JL.KAYU MANIS, KRAMAT JATI , JAKARTA','JL.KAYU MANIS, KRAMAT JATI , JAKARTA',1,2,NULL,NULL,0,NULL,'eko',NULL,'2b643e21-a94c-4713-93f1-f1cbde6ad633','2020-03-07 08:00:43','2020-03-07 08:00:43'),('c840219d-c54c-4da2-b6d7-cd2e99a328fe','IOI',2,'PT Ilsin OTS Indonesia','PT Ilsin OTS Indonesia','085697991575','085697991575','fxekoprasetyo@gmail.com','Ruko Orchard Square Blok C-03\r\nJl. terusan kelapa hybrida Jakarta 14140','Ruko Orchard Square Blok C-03\r\nJl. terusan kelapa hybrida Jakarta 14140',1,4,NULL,NULL,0,'75.788.236.0-045.000','Dina',NULL,'2b643e21-a94c-4713-93f1-f1cbde6ad633','2020-06-19 09:56:15','2020-06-19 09:56:15'),('c9705c43-e6b5-4fa7-acd4-055f69546e32','IBANDARJATULLOH',1,'IBAN DARJATULLOH - NP','IBAN DARJATULLOH - NP','081297811300','081297811300','tidakada@tidakada.com','Jl. Jati Kencana  Blok B No.03 Rt.001 Rw.008. Kel. Mustikasari Kec. Mustika Jaya. Kota Bekasi . Jawa - Barat','Jl. Jati Kencana  Blok B No.03 Rt.001 Rw.008. Kel. Mustikasari Kec. Mustika Jaya. Kota Bekasi . Jawa - Barat',1,4,NULL,NULL,0,NULL,'adminsales2',NULL,'2b643e21-a94c-4713-93f1-f1cbde6ad633','2020-10-18 11:46:09','2020-10-18 11:46:09'),('cc668a06-4053-4097-af02-e2804b76ed67','PT.VIP',1,'PT VISI INDOTAMA PERKASA - P','PT VISI INDOTAMA PERKASA - P','0895392516937','02129866319','tidakada@tidakada.com','Gd. Grand Slipi Tower Lt.5 Unit F, Jl.Letjend S. Parman Kav. 22-24 Palmerah, Jakarta Barat 11480','Bella Casa Residence Blok Edelwwiss No.E7/7 RT.003/RW.023, Pancoran Mas, Depok, Jawa Barat',1,4,NULL,NULL,1,'83.328.007.6-031.000','adminsales2',NULL,'2b643e21-a94c-4713-93f1-f1cbde6ad633','2020-10-18 11:14:39','2020-10-18 11:14:39'),('d11fb3be-9eb0-4872-9e5a-f2f7c063a884','FTI-C-0000009',1,'BERTOS','BERTOS','na','0813-7777-0878','na@na.co','PESANGGRAHAN , PEDEMANGAN -JKT','PESANGGRAHAN , PEDEMANGAN -JKT',1,2,NULL,NULL,0,NULL,'eko',NULL,'2b643e21-a94c-4713-93f1-f1cbde6ad633','2020-03-07 08:02:17','2020-03-07 08:02:17'),('d1552c40-836a-4847-a834-2856af642b6d','VASCONET',1,'VASCONET - NP','VASCONET - NP','085296000747','085296000747','tidakada@tidakada.com','Jl. Bambu 2A Medan\r\nUp. Bp Kasim','Jl. Bambu 2A Medan\r\nUp. Bp Kasim',1,4,NULL,NULL,0,NULL,'adminsales2',NULL,'2b643e21-a94c-4713-93f1-f1cbde6ad633','2020-10-18 12:43:33','2020-10-18 12:43:33'),('d194dcda-67de-4561-8a26-64511a2d02ec','BDP',1,'BUMI DAYA PLAZA - P','BUMI DAYA PLAZA - P','123456789','123456789','tidakada@tidakada.com','Jl. Imam Bonjol No.61, Jakarta','Jl. Imam Bonjol No.61, Jakarta',1,2,NULL,NULL,1,'01.002.225.9.093.000','adminsales2','adminsales2','2b643e21-a94c-4713-93f1-f1cbde6ad633','2020-10-18 15:21:48','2020-10-18 15:23:28'),('d24ee76c-9f4d-4db6-bb93-187f38e7fe82','FTI-C-0000015',1,'EDHI - PT. DITECH','EDHI - PT. DITECH','na','0811-1000-490','na@na.co','JL. MIRAH DELIMA, RAWALUMBU , BEKASI','JL. MIRAH DELIMA, RAWALUMBU , BEKASI',1,1,NULL,NULL,0,NULL,'eko','eko','2b643e21-a94c-4713-93f1-f1cbde6ad633','2020-03-07 08:09:08','2020-03-07 08:40:48'),('d301d38f-3eac-4420-b193-1f17e3e05856','DESWINFIRMANTO',1,'DESWIN FIRMANTO - NP',NULL,'081296298882','081296298882','tidakada@tidakada.com','Kp. Rawa Bambu RT.003/RW.016. Harapan Jaya . Bekasi Utara. Kota Bekasi. Jawa Barat','Kp. Rawa Bambu RT.003/RW.016. Harapan Jaya . Bekasi Utara. Kota Bekasi. Jawa Barat',1,1,NULL,NULL,0,NULL,'adminsales2','adminsales2','2b643e21-a94c-4713-93f1-f1cbde6ad633','2020-10-18 12:00:10','2020-10-18 15:36:02'),('d66221dc-4dc9-49a8-a361-1e7f6a104fb7','ISAR',1,'ISAR - NP','ISAR - NP','0812-9066-1279','0812-9066-1279','tidakada@tidakada.com','PERUM SEPATAN CITY , Blok sc 3 , Sepatan Timur Tangerang','PERUM SEPATAN CITY , Blok sc 3 , Sepatan Timur Tangerang',1,3,NULL,NULL,0,NULL,'adminsales2',NULL,'2b643e21-a94c-4713-93f1-f1cbde6ad633','2020-10-18 12:51:16','2020-10-18 12:51:16'),('d7c7f2e2-9dfc-4aef-8b3d-f4c8af970861','HEADWAY',2,'HEADWAY - Jason','ZHEJIANG ZHONG TE INTERNET TECHNOLOGY CO LTD','+86-0755 2376 8115','+86-755-2376 8120','jason@headway-cn.com','Economic and Technological Development Zone, Changxing County, Zhejiang, China','Economic and Technological Development Zone, Changxing County, Zhejiang, China',1,1,NULL,NULL,0,NULL,'Dina','Mirza Rizaldy','2b643e21-a94c-4713-93f1-f1cbde6ad633','2020-10-18 11:34:05','2020-10-31 14:08:59'),('dbec913e-2162-4536-8c2b-d27fe0d78c35','FTI-C-0000003',1,'NENENG - JAKARTA','NENENG - JAKARTA','na','0898-7939-156','na@na.com','JL.KEMANGGISAN ILIR - JAKARTA','JL.KEMANGGISAN ILIR - JAKARTA',1,1,NULL,NULL,0,NULL,'eko','eko','2b643e21-a94c-4713-93f1-f1cbde6ad633','2020-03-06 09:33:30','2020-03-07 08:38:21'),('e3cc8628-90d4-45ca-99e6-a540756571be','PT.DADS',1,'PT DUTA ANUGRAH DAMAI SEJAHTERA - P','PT DUTA ANUGRAH DAMAI SEJAHTERA - P','(022) 2020888','(022) 2020888','tidakada@tidakada.com','JL. Prof.Dr.Ir.Sutami Blok B1 No.33. Bandung','JL. Prof.Dr.Ir.Sutami Blok B1 No.33. Bandung',1,4,NULL,NULL,1,NULL,'adminsales2',NULL,'2b643e21-a94c-4713-93f1-f1cbde6ad633','2020-10-18 12:08:36','2020-10-18 12:08:36'),('e3fa93f6-516a-4711-b807-5db3382b406d','PT.IMAM',1,'PT. INTERNET MADJU ABAD MILENINDO - NP','PT. INTERNET MADJU ABAD MILENINDO - NP','083119924666','083119924666','tidakada@tidakada.com','Jl. Raya Kerobokan No.388X, Kerobokan Kelod, Kec. Kuta Utara, Kabupaten Bandung, Bali 80361','Jl. Syarifuddin Yoes No.135-136, Sepinggan, Kecamatan Balikpapan Selatan, Kota Balikpapan, Kalimantan Timur 76115',1,5,NULL,NULL,0,'01.901.977.7-906.000','Mirza Rizaldy','adminsales2','2b643e21-a94c-4713-93f1-f1cbde6ad633','2020-10-05 18:27:08','2020-10-18 14:57:05'),('e738ce1b-8c0d-46e4-a01d-931b9831a4ee','Endy-AIN',2,'Endy','PT. ANUGERAH INTERNASIONAL NUSANTARA','08126098825','08126098825','aaa@gmail.com','Jakarta','Jakarta',1,4,NULL,NULL,0,NULL,'Dina',NULL,'2b643e21-a94c-4713-93f1-f1cbde6ad633','2020-10-18 11:20:01','2020-10-18 11:20:01'),('e8366137-3b36-4e20-a374-de1b365c4356','TYOGENDUT',1,'TYO GENDUT - NP','TYO GENDUT - NP','081298543897','081298543897','tidakada@tidakada.com','Padepokan PSHT Cabang Bekasi\r\nJl. Mawar \r\nSamping Tower Sutet','Padepokan PSHT Cabang Bekasi\r\nJl. Mawar \r\nSamping Tower Sutet',1,4,NULL,NULL,0,NULL,'adminsales2',NULL,'2b643e21-a94c-4713-93f1-f1cbde6ad633','2020-10-18 12:21:14','2020-10-18 12:21:14'),('eab5ca98-6721-4e7a-80b4-462a5926e3ef','MDS - PT SGT',1,'MEDIA DAYA SOLUSI - NP','MEDIA DAYA SOLUSI - NP','02122542300','02122542300','tidakada@tidakada.com','Ruko Botanic Junction Blok H8 No.28\r\nJl. Meruya Selatan Jakarta Barat','Gudang Perumahan Mawar\r\nJl. Haji Saaba No.1\r\nPic. Mrs.Fita/Mr.Cipta',1,4,NULL,NULL,1,NULL,'adminsales2',NULL,'2b643e21-a94c-4713-93f1-f1cbde6ad633','2020-10-18 14:40:15','2020-10-18 14:40:15'),('eeefdacc-f096-4702-9a92-d9c872fd3427','TOKOALFAFAKIRANA',1,'TOKO ALFAFAKIRANA - NP','TOKO ALFAFAKIRANA - NP','0852-2484-8381','0852-2484-8381','tidakada@tidakada.com','Dusun Krajan Rt.14 Rw.04 Desa/ Kec. Sukasari Kab. Subang Jawa Barat','Dusun Krajan Rt.14 Rw.04 Desa/ Kec. Sukasari Kab. Subang Jawa Barat',1,3,NULL,NULL,0,NULL,'adminsales2',NULL,'2b643e21-a94c-4713-93f1-f1cbde6ad633','2020-10-18 12:52:58','2020-10-18 12:52:58'),('f6def93c-b969-425c-a5d2-f3986914ed1f','FTI-C-0000020',1,'PT Abhyudaya Sukses Prima','PT Abhyudaya Sukses Prima','081294148175','081264813468','silviahapsari78@gmail.com','Jl. Rose Garden 5 No.16, RT.002/RW.017, Jaka Setia, Kec. Bekasi Sel., Kota Bks, Jawa Barat 17148','Jl. Rose Garden 5 No.16, RT.002/RW.017, Jaka Setia, Kec. Bekasi Sel., Kota Bks, Jawa Barat 17148',1,3,NULL,NULL,0,NULL,'eko',NULL,'2b643e21-a94c-4713-93f1-f1cbde6ad633','2020-05-15 08:11:31','2020-05-15 08:11:31'),('f71118cf-2fb2-4567-9e83-2d3c5c19530d','PT.RPS',1,'PT RAHAYU PERSADA SAMANTHA - P','PT RAHAYU PERSADA SAMANTHA - P','0881024364739','0881024364739','tidakada@tidakada.com','Clonclave Simatupang, Kawasan Komersial, Cilandak No.410\r\nJl. Cilandak KKO, Cilandak Timur, Pasar Minggu, Jakarta Selatan 12560','Clonclave Simatupang, Kawasan Komersial, Cilandak No.410\r\nJl. Cilandak KKO, Cilandak Timur, Pasar Minggu, Jakarta Selatan 12560',1,4,NULL,NULL,1,NULL,'adminsales2',NULL,'2b643e21-a94c-4713-93f1-f1cbde6ad633','2020-10-18 12:05:56','2020-10-18 12:05:56'),('f8d6c407-bf02-49e5-a548-5ae20913ea67','PT.MDT',1,'PT. MDT Total Solution - NP','PT. MDT Total Solution - NP','0812-9721-7741','0812-9721-7741','tidakada@tidakada.com','JL. Raya Tenjo Singabangsa KM18 . Kp. Tegal Pondoh Rt.002/003. Kel. Singabangsa Kec. Tenjo  Kab. Bogor','JL. Raya Tenjo Singabangsa KM18 . Kp. Tegal Pondoh Rt.002/003. Kel. Singabangsa Kec. Tenjo  Kab. Bogor',1,4,NULL,NULL,0,NULL,'Mirza Rizaldy','Mirza Rizaldy','2b643e21-a94c-4713-93f1-f1cbde6ad633','2020-10-05 16:09:55','2020-10-05 18:08:41'),('f95f503d-abce-4d67-8f02-6ae3dfbcc685','ONLINESUPRIYANTO',1,'SUPRIYANTO - NP','ONLINE','083183950676','083183950676','tidakada@tidakada.com','Perum Taman Yasmin Blok P No.11, Batu Besar, Nongsa, Batam, Kepulauan Riau 29466','Perum Taman Yasmin Blok P No.11, Batu Besar, Nongsa, Batam, Kepulauan Riau 29466',1,1,NULL,NULL,0,NULL,'adminsales2',NULL,'2b643e21-a94c-4713-93f1-f1cbde6ad633','2020-10-19 08:17:24','2020-10-19 08:17:24'),('fbe8cff6-ec7d-4a0d-a69c-450b6ab10739','FTI-C-0000023',1,'PT Trava Zelenaya Netta','PT Trava Zelenaya Netta','0821-29712750','0821-29712750','info@travanetta.com','Graha Simatupang, Tower 2B, 1st Floor Jl. TB Simatupang Kav. 38, Jatipadang. Pasar Minggu, Jakarta Selatan 12540','kantor padicon \r\nRuko tanjung mas barat, no.37',1,2,NULL,NULL,0,NULL,'eko',NULL,'2b643e21-a94c-4713-93f1-f1cbde6ad633','2020-05-15 08:34:53','2020-05-15 08:34:53'),('fcea8a1e-7a57-40e9-bd59-7389828ba12a','PJBG',2,'Budi Bandung','Putra Jaya Bandung','0000000000','0000000000','pjbg@gmail.cxom','Jl jakarta no 20-22. Bandung','Jl jakarta no 20-22. Bandung',1,4,NULL,NULL,0,NULL,'Dina',NULL,'2b643e21-a94c-4713-93f1-f1cbde6ad633','2020-06-18 12:56:30','2020-06-18 12:56:30'),('fe00a2dd-c3fb-40e3-ab55-d49680724aef','FTI-C-0000002',1,'PAS','PT PUTERATEL ANDALAN SUKSES','12345','678910','tampanatus@yahoo.com','Seberang rumah saya','Seberang rumah saya',1,3,NULL,NULL,1,'45678','adminsales1',NULL,'82e9ec8c-5a82-4009-ba2f-ab620eeaa71a','2020-01-13 16:30:35','2020-05-15 08:24:09'),('fe787890-557e-41d4-b80d-6365acb8991e','FTI-C-0000005',1,'ADIT -  PT BINTANG','ADIT -  PT BINTANG','na','0812-8421-1982','na@na.com','Jl. Pintu Air , CINERE - DEPOK','Jl. Pintu Air , CINERE - DEPOK',1,1,NULL,NULL,0,NULL,'eko','eko','2b643e21-a94c-4713-93f1-f1cbde6ad633','2020-03-06 10:54:13','2020-03-07 08:41:29');
/*!40000 ALTER TABLE `contacts` ENABLE KEYS */;
UNLOCK TABLES;

--
-- Table structure for table `deliveries`
--

DROP TABLE IF EXISTS `deliveries`;
/*!40101 SET @saved_cs_client     = @@character_set_client */;
/*!40101 SET character_set_client = utf8 */;
CREATE TABLE `deliveries` (
  `id` char(36) COLLATE utf8mb4_unicode_ci NOT NULL,
  `do_ref` varchar(255) COLLATE utf8mb4_unicode_ci NOT NULL,
  `order_ref` varchar(255) COLLATE utf8mb4_unicode_ci NOT NULL,
  `del_service_id` int(11) NOT NULL,
  `delivery_cost` decimal(50,2) DEFAULT NULL,
  `status_id` char(36) COLLATE utf8mb4_unicode_ci NOT NULL DEFAULT 'c2fdba02-e765-4ee8-8c8c-3073209ddd26',
  `receipt` varchar(255) COLLATE utf8mb4_unicode_ci DEFAULT NULL,
  `delivered_at` datetime DEFAULT NULL,
  `created_by` varchar(255) COLLATE utf8mb4_unicode_ci NOT NULL,
  `updated_by` varchar(255) COLLATE utf8mb4_unicode_ci DEFAULT NULL,
  `created_at` timestamp NULL DEFAULT NULL,
  `updated_at` timestamp NULL DEFAULT NULL,
  PRIMARY KEY (`id`)
) ENGINE=InnoDB DEFAULT CHARSET=utf8mb4 COLLATE=utf8mb4_unicode_ci;
/*!40101 SET character_set_client = @saved_cs_client */;

--
-- Dumping data for table `deliveries`
--

LOCK TABLES `deliveries` WRITE;
/*!40000 ALTER TABLE `deliveries` DISABLE KEYS */;
INSERT INTO `deliveries` VALUES ('00d23ab5-b46b-4255-84a3-b6486626103c','DO/0006/FTI/X/2020','SO/FTI/0013/RAFACOM/X/2020',7,20000.00,'8447cd63-c7e7-4b26-81fc-d2eb3aceec97',NULL,NULL,'Admin Gudang (Katerine)',NULL,'2020-10-18 16:14:49','2020-10-18 16:16:10'),('0748fc8f-7733-4351-bf36-8e03c894a682','DO/0001/FTI/XI/2020','SO/FTI/0001/ENGKIRAHMAT/XI/2020',1,15000.00,'e9395add-e815-4374-8ed3-c0d5f4481ab8','JT12345',NULL,'Finmgr','Finmgr','2020-11-09 14:41:48','2020-11-09 14:49:59'),('11fc8fad-7392-451f-a4eb-fb2b8d51101d','DO/0002/FTI/XI/2020','SO/FTI/0002/JOSEPH/XI/2020',3,15000.00,'c2fdba02-e765-4ee8-8c8c-3073209ddd26',NULL,NULL,'Finmgr',NULL,'2020-11-09 16:00:43','2020-11-09 16:00:43'),('2a04102a-dc67-4d9e-94a9-063d7dd82ca4','DO/0002/FTI/X/2020','SO/FTI/0003/HERICBR/X/2020',3,10000.00,'e3f73f52-00f7-47a6-9831-3a81b36f65e8','qwwe123',NULL,'Admin Gudang (Katerine)','Admin Gudang (Katerine)','2020-10-13 16:41:58','2020-10-13 16:43:26'),('3ac53c48-d031-4857-8c40-a497bb5aef80','DO/0001/FTI/X/2020','SO/FTI/0002/DEDIBOGOR/X/2020',3,10000.00,'6d32841b-2606-43a5-8cf7-b77291ddbfbb','3434',NULL,'Mirza Rizaldy','Mirza Rizaldy','2020-10-10 16:28:26','2020-10-10 16:38:30'),('65803f27-3985-4870-a00e-1ffd963447e4','DO/0004/FTI/X/2020','SO/FTI/0011/DESWINFIRMANTO/X/2020',7,NULL,'8447cd63-c7e7-4b26-81fc-d2eb3aceec97',NULL,NULL,'Admin Gudang (Katerine)',NULL,'2020-10-18 15:39:36','2020-10-18 15:49:37'),('9dfe0fbb-cc3e-42c7-9df4-6bdbbbb23580','DO/0005/FTI/X/2020','SO/FTI/0013/RAFACOM/X/2020',7,NULL,'8447cd63-c7e7-4b26-81fc-d2eb3aceec97',NULL,NULL,'Admin Gudang (Katerine)',NULL,'2020-10-18 16:14:39','2020-10-18 16:17:09'),('beaedb00-e3f3-4a0a-b791-6b950d81eeb6','DO/0003/FTI/X/2020','SO/FTI/0011/DESWINFIRMANTO/X/2020',7,NULL,'8447cd63-c7e7-4b26-81fc-d2eb3aceec97',NULL,NULL,'Admin Gudang (Katerine)',NULL,'2020-10-18 15:39:21','2020-10-18 15:40:50'),('cbce07fe-fb7a-4c22-a975-ffea160dfe9f','DO/0001/FTI/IX/2020','SO/FTI/0001/FTI-C-0000010/IX/2020',1,10000.00,'6d32841b-2606-43a5-8cf7-b77291ddbfbb','resi01',NULL,'Mirza Rizaldy','Mirza Rizaldy','2020-09-30 11:06:51','2020-10-01 18:57:21'),('f9c9049f-fdb7-4a8f-a4fc-9af265f8dbe9','DO/0007/FTI/X/2020','SO/FTI/0014/EMMA/X/2020',7,20000.00,'c2fdba02-e765-4ee8-8c8c-3073209ddd26',NULL,NULL,'Admin Gudang (Katerine)',NULL,'2020-10-18 16:22:33','2020-10-18 16:22:33');
/*!40000 ALTER TABLE `deliveries` ENABLE KEYS */;
UNLOCK TABLES;

--
-- Table structure for table `delivery_items`
--

DROP TABLE IF EXISTS `delivery_items`;
/*!40101 SET @saved_cs_client     = @@character_set_client */;
/*!40101 SET character_set_client = utf8 */;
CREATE TABLE `delivery_items` (
  `id` bigint(20) unsigned NOT NULL AUTO_INCREMENT,
  `delivery_id` char(36) COLLATE utf8mb4_unicode_ci NOT NULL,
  `product_name` varchar(255) COLLATE utf8mb4_unicode_ci NOT NULL,
  `product_quantity` decimal(50,2) NOT NULL,
  `product_shipment` decimal(50,2) NOT NULL,
  `uom_id` int(11) NOT NULL,
  `created_at` timestamp NULL DEFAULT NULL,
  `updated_at` timestamp NULL DEFAULT NULL,
  PRIMARY KEY (`id`),
  KEY `delivery_items_delivery_id_foreign` (`delivery_id`),
  CONSTRAINT `delivery_items_delivery_id_foreign` FOREIGN KEY (`delivery_id`) REFERENCES `deliveries` (`id`) ON DELETE CASCADE ON UPDATE CASCADE
) ENGINE=InnoDB AUTO_INCREMENT=32 DEFAULT CHARSET=utf8mb4 COLLATE=utf8mb4_unicode_ci;
/*!40101 SET character_set_client = @saved_cs_client */;

--
-- Dumping data for table `delivery_items`
--

LOCK TABLES `delivery_items` WRITE;
/*!40000 ALTER TABLE `delivery_items` DISABLE KEYS */;
INSERT INTO `delivery_items` VALUES (1,'cbce07fe-fb7a-4c22-a975-ffea160dfe9f','Adapter Dustcaps Black',150.00,150.00,1,'2020-09-30 11:06:51','2020-09-30 11:06:51'),(2,'3ac53c48-d031-4857-8c40-a497bb5aef80','ODP 18',150.00,150.00,1,'2020-10-10 16:28:26','2020-10-10 16:28:26'),(3,'2a04102a-dc67-4d9e-94a9-063d7dd82ca4','Precon 1 Core SC/APC-SC/APC 100M',250.00,250.00,1,'2020-10-13 16:41:58','2020-10-13 16:41:58'),(4,'2a04102a-dc67-4d9e-94a9-063d7dd82ca4','Precon 1 Core SC/APC-SC/UPC 200M',300.00,0.00,1,'2020-10-13 16:41:58','2020-10-13 16:41:58'),(5,'65803f27-3985-4870-a00e-1ffd963447e4','Dropcable 1 Core, GJYXFCH, LSZH, 1000M FTI',5.00,5.00,4,'2020-10-18 15:39:36','2020-10-18 15:39:36'),(6,'9dfe0fbb-cc3e-42c7-9df4-6bdbbbb23580','Dropcable 1 Core, GJYXFCH, LSZH, 1000M FTI',5.00,5.00,1,'2020-10-18 16:14:39','2020-10-18 16:14:39'),(7,'9dfe0fbb-cc3e-42c7-9df4-6bdbbbb23580','Dropcable 1 Core, GJYXFCH, LSZH, 1000M FTI',3.00,3.00,1,'2020-10-18 16:14:39','2020-10-18 16:14:39'),(8,'9dfe0fbb-cc3e-42c7-9df4-6bdbbbb23580','Patchcord MM DX Out Door SC/UPC-LC/UPC 10m Heat Shrink Kuning',10.00,10.00,1,'2020-10-18 16:14:39','2020-10-18 16:14:39'),(9,'9dfe0fbb-cc3e-42c7-9df4-6bdbbbb23580','Patchcord MM DX Out Door SC/UPC-LC/UPC 10m Heat Shrink Kuning',20.00,20.00,1,'2020-10-18 16:14:39','2020-10-18 16:14:39'),(10,'9dfe0fbb-cc3e-42c7-9df4-6bdbbbb23580','Patchcord MM OM1 DX (2,0mm) LC/PC-LC/PC 3m',10.00,10.00,1,'2020-10-18 16:14:40','2020-10-18 16:14:40'),(11,'9dfe0fbb-cc3e-42c7-9df4-6bdbbbb23580','Patchcord MM OM1 DX (2,0mm) LC/PC-LC/PC 3m',15.00,15.00,1,'2020-10-18 16:14:40','2020-10-18 16:14:40'),(12,'9dfe0fbb-cc3e-42c7-9df4-6bdbbbb23580','Patchcord MM OM1 DX (2,0mm) LC/PC-LC/PC 3m',10.00,10.00,1,'2020-10-18 16:14:40','2020-10-18 16:14:40'),(13,'9dfe0fbb-cc3e-42c7-9df4-6bdbbbb23580','Patchcord MM OM1 DX (3,0mm) SC/UPC-ST/UPC 3m',15.00,15.00,1,'2020-10-18 16:14:40','2020-10-18 16:14:40'),(14,'00d23ab5-b46b-4255-84a3-b6486626103c','Dropcable 1 Core, GJYXFCH, LSZH, 1000M FTI',5.00,5.00,1,'2020-10-18 16:14:50','2020-10-18 16:14:50'),(15,'00d23ab5-b46b-4255-84a3-b6486626103c','Dropcable 1 Core, GJYXFCH, LSZH, 1000M FTI',3.00,3.00,1,'2020-10-18 16:14:50','2020-10-18 16:14:50'),(16,'00d23ab5-b46b-4255-84a3-b6486626103c','Patchcord MM DX Out Door SC/UPC-LC/UPC 10m Heat Shrink Kuning',10.00,10.00,1,'2020-10-18 16:14:50','2020-10-18 16:14:50'),(17,'00d23ab5-b46b-4255-84a3-b6486626103c','Patchcord MM DX Out Door SC/UPC-LC/UPC 10m Heat Shrink Kuning',20.00,20.00,1,'2020-10-18 16:14:50','2020-10-18 16:14:50'),(18,'00d23ab5-b46b-4255-84a3-b6486626103c','Patchcord MM OM1 DX (2,0mm) LC/PC-LC/PC 3m',10.00,10.00,1,'2020-10-18 16:14:50','2020-10-18 16:14:50'),(19,'00d23ab5-b46b-4255-84a3-b6486626103c','Patchcord MM OM1 DX (2,0mm) LC/PC-LC/PC 3m',15.00,15.00,1,'2020-10-18 16:14:50','2020-10-18 16:14:50'),(20,'00d23ab5-b46b-4255-84a3-b6486626103c','Patchcord MM OM1 DX (2,0mm) LC/PC-LC/PC 3m',10.00,10.00,1,'2020-10-18 16:14:50','2020-10-18 16:14:50'),(21,'00d23ab5-b46b-4255-84a3-b6486626103c','Patchcord MM OM1 DX (3,0mm) SC/UPC-ST/UPC 3m',15.00,15.00,1,'2020-10-18 16:14:51','2020-10-18 16:14:51'),(22,'f9c9049f-fdb7-4a8f-a4fc-9af265f8dbe9','Patchcord MM DX Out Door SC/UPC-LC/UPC 10m Heat Shrink Kuning',1.00,1.00,1,'2020-10-18 16:22:33','2020-10-18 16:22:33'),(23,'f9c9049f-fdb7-4a8f-a4fc-9af265f8dbe9','Patchcord MM DX Out Door SC/UPC-LC/UPC 5m Heat Shrink Hitam PAZ',1.00,1.00,1,'2020-10-18 16:22:33','2020-10-18 16:22:33'),(24,'f9c9049f-fdb7-4a8f-a4fc-9af265f8dbe9','Patchcord MM DX Out Door SC/UPC-LC/UPC 5m Heat Shrink Hitam PAZ',1.00,1.00,1,'2020-10-18 16:22:33','2020-10-18 16:22:33'),(25,'f9c9049f-fdb7-4a8f-a4fc-9af265f8dbe9','Patchcord MM DX Out Door SC/UPC-SC/UPC 5m Heat Shrink Hitam',1.00,1.00,1,'2020-10-18 16:22:33','2020-10-18 16:22:33'),(26,'f9c9049f-fdb7-4a8f-a4fc-9af265f8dbe9','Precon 1 Core SC/APC-SC/APC 100M',1.00,1.00,1,'2020-10-18 16:22:33','2020-10-18 16:22:33'),(27,'f9c9049f-fdb7-4a8f-a4fc-9af265f8dbe9','Precon 1 Core SC/APC-SC/APC 100M',1.00,1.00,1,'2020-10-18 16:22:34','2020-10-18 16:22:34'),(28,'f9c9049f-fdb7-4a8f-a4fc-9af265f8dbe9','Precon 1 Core SC/APC-SC/APC 100M',1.00,1.00,1,'2020-10-18 16:22:34','2020-10-18 16:22:34'),(29,'f9c9049f-fdb7-4a8f-a4fc-9af265f8dbe9','Precon 1 Core SC/APC-SC/APC 120M',1.00,1.00,1,'2020-10-18 16:22:34','2020-10-18 16:22:34'),(30,'0748fc8f-7733-4351-bf36-8e03c894a682','Pigtail MM OM2 DX (3,0mm) ST/PC 3m',10.00,10.00,1,'2020-11-09 14:41:49','2020-11-09 14:41:49'),(31,'11fc8fad-7392-451f-a4eb-fb2b8d51101d','Patchcord SM SX (3,0mm) SC/UPC-SC/APC 20m',70.00,0.00,1,'2020-11-09 16:00:43','2020-11-09 16:00:43');
/*!40000 ALTER TABLE `delivery_items` ENABLE KEYS */;
UNLOCK TABLES;

--
-- Table structure for table `delivery_services`
--

DROP TABLE IF EXISTS `delivery_services`;
/*!40101 SET @saved_cs_client     = @@character_set_client */;
/*!40101 SET character_set_client = utf8 */;
CREATE TABLE `delivery_services` (
  `id` bigint(20) unsigned NOT NULL AUTO_INCREMENT,
  `delivery_name` varchar(255) COLLATE utf8mb4_unicode_ci NOT NULL,
  `status_id` char(36) COLLATE utf8mb4_unicode_ci NOT NULL DEFAULT '2b643e21-a94c-4713-93f1-f1cbde6ad633',
  `created_by` varchar(255) COLLATE utf8mb4_unicode_ci NOT NULL,
  `updated_by` varchar(255) COLLATE utf8mb4_unicode_ci DEFAULT NULL,
  `created_at` timestamp NULL DEFAULT NULL,
  `updated_at` timestamp NULL DEFAULT NULL,
  PRIMARY KEY (`id`)
) ENGINE=InnoDB AUTO_INCREMENT=8 DEFAULT CHARSET=utf8mb4 COLLATE=utf8mb4_unicode_ci;
/*!40101 SET character_set_client = @saved_cs_client */;

--
-- Dumping data for table `delivery_services`
--

LOCK TABLES `delivery_services` WRITE;
/*!40000 ALTER TABLE `delivery_services` DISABLE KEYS */;
INSERT INTO `delivery_services` VALUES (1,'J&T','2b643e21-a94c-4713-93f1-f1cbde6ad633','eko',NULL,'2020-01-07 16:07:02','2020-01-07 16:07:02'),(2,'JNE','2b643e21-a94c-4713-93f1-f1cbde6ad633','eko',NULL,'2020-01-08 11:59:41','2020-01-08 11:59:41'),(3,'SICEPAT','2b643e21-a94c-4713-93f1-f1cbde6ad633','eko',NULL,'2020-01-08 12:00:41','2020-01-08 12:00:41'),(4,'TIKI','2b643e21-a94c-4713-93f1-f1cbde6ad633','eko',NULL,'2020-01-08 12:00:57','2020-01-08 12:00:57'),(5,'REDEX','2b643e21-a94c-4713-93f1-f1cbde6ad633','eko',NULL,'2020-01-08 12:01:14','2020-01-08 12:01:14'),(6,'MITRA NUSANTARA','2b643e21-a94c-4713-93f1-f1cbde6ad633','eko',NULL,'2020-01-08 12:02:00','2020-01-08 12:02:00'),(7,'FTI LOGISTIC','2b643e21-a94c-4713-93f1-f1cbde6ad633','Dimas','Dimas','2020-05-18 09:04:25','2020-05-19 01:38:30');
/*!40000 ALTER TABLE `delivery_services` ENABLE KEYS */;
UNLOCK TABLES;

--
-- Table structure for table `divisions`
--

DROP TABLE IF EXISTS `divisions`;
/*!40101 SET @saved_cs_client     = @@character_set_client */;
/*!40101 SET character_set_client = utf8 */;
CREATE TABLE `divisions` (
  `id` char(36) COLLATE utf8mb4_unicode_ci NOT NULL,
  `name` varchar(255) COLLATE utf8mb4_unicode_ci NOT NULL,
  `created_by` varchar(255) COLLATE utf8mb4_unicode_ci NOT NULL,
  `updated_by` varchar(255) COLLATE utf8mb4_unicode_ci DEFAULT NULL,
  `created_at` timestamp NULL DEFAULT NULL,
  `updated_at` timestamp NULL DEFAULT NULL,
  PRIMARY KEY (`id`)
) ENGINE=InnoDB DEFAULT CHARSET=utf8mb4 COLLATE=utf8mb4_unicode_ci;
/*!40101 SET character_set_client = @saved_cs_client */;

--
-- Dumping data for table `divisions`
--

LOCK TABLES `divisions` WRITE;
/*!40000 ALTER TABLE `divisions` DISABLE KEYS */;
INSERT INTO `divisions` VALUES ('1886a2b3-2fb7-4f40-b577-dad076a5d3b1','Finance','eko',NULL,'2020-01-09 12:29:27','2020-01-09 12:29:27'),('413ec199-f1dd-42a7-a346-67a74fb807b0','IT','eko',NULL,'2019-09-04 16:46:23','2019-09-04 16:46:23'),('784f06d5-0e19-490f-91d4-60ea243eae53','Sales','eko',NULL,'2020-01-09 12:29:16','2020-01-09 12:29:16'),('9f94e00b-5fdc-4dc9-8057-fd21ded69869','Gudang','eko',NULL,'2020-01-09 12:30:08','2020-01-09 12:30:08'),('ee6ae9ab-40b7-4c03-8610-de7a45377cae','Logistik','eko',NULL,'2020-01-09 12:30:01','2020-01-09 12:30:01'),('fe97cbde-836a-439e-8b64-31783aaee279','Produksi','eko',NULL,'2020-01-10 14:22:13','2020-01-10 14:22:13');
/*!40000 ALTER TABLE `divisions` ENABLE KEYS */;
UNLOCK TABLES;

--
-- Table structure for table `internal_items`
--

DROP TABLE IF EXISTS `internal_items`;
/*!40101 SET @saved_cs_client     = @@character_set_client */;
/*!40101 SET character_set_client = utf8 */;
CREATE TABLE `internal_items` (
  `id` bigint(20) unsigned NOT NULL AUTO_INCREMENT,
  `mutasi_id` bigint(20) unsigned NOT NULL,
  `product_name` varchar(255) COLLATE utf8mb4_unicode_ci NOT NULL,
  `quantity` decimal(50,2) NOT NULL,
  `uom_id` char(36) COLLATE utf8mb4_unicode_ci NOT NULL,
  `created_at` timestamp NULL DEFAULT NULL,
  `updated_at` timestamp NULL DEFAULT NULL,
  PRIMARY KEY (`id`),
  KEY `internal_items_mutasi_id_foreign` (`mutasi_id`),
  CONSTRAINT `internal_items_mutasi_id_foreign` FOREIGN KEY (`mutasi_id`) REFERENCES `internal_transfers` (`id`) ON DELETE CASCADE ON UPDATE CASCADE
) ENGINE=InnoDB AUTO_INCREMENT=32 DEFAULT CHARSET=utf8mb4 COLLATE=utf8mb4_unicode_ci;
/*!40101 SET character_set_client = @saved_cs_client */;

--
-- Dumping data for table `internal_items`
--

LOCK TABLES `internal_items` WRITE;
/*!40000 ALTER TABLE `internal_items` DISABLE KEYS */;
INSERT INTO `internal_items` VALUES (1,1,'Adapter Dustcaps Black',150.00,'1','2020-09-30 11:06:51','2020-09-30 11:06:51'),(2,4,'ODP 18',150.00,'1','2020-10-10 16:28:26','2020-10-10 16:28:26'),(3,5,'Precon 1 Core SC/APC-SC/APC 100M',250.00,'1','2020-10-13 16:41:58','2020-10-13 16:41:58'),(4,5,'Precon 1 Core SC/APC-SC/UPC 200M',0.00,'1','2020-10-13 16:41:58','2020-10-13 16:41:58'),(5,7,'Dropcable 1 Core, GJYXFCH, LSZH, 1000M FTI',5.00,'4','2020-10-18 15:39:36','2020-10-18 15:39:36'),(6,8,'Dropcable 1 Core, GJYXFCH, LSZH, 1000M FTI',5.00,'1','2020-10-18 16:14:39','2020-10-18 16:14:39'),(7,8,'Dropcable 1 Core, GJYXFCH, LSZH, 1000M FTI',3.00,'1','2020-10-18 16:14:39','2020-10-18 16:14:39'),(8,8,'Patchcord MM DX Out Door SC/UPC-LC/UPC 10m Heat Shrink Kuning',10.00,'1','2020-10-18 16:14:39','2020-10-18 16:14:39'),(9,8,'Patchcord MM DX Out Door SC/UPC-LC/UPC 10m Heat Shrink Kuning',20.00,'1','2020-10-18 16:14:39','2020-10-18 16:14:39'),(10,8,'Patchcord MM OM1 DX (2,0mm) LC/PC-LC/PC 3m',10.00,'1','2020-10-18 16:14:40','2020-10-18 16:14:40'),(11,8,'Patchcord MM OM1 DX (2,0mm) LC/PC-LC/PC 3m',15.00,'1','2020-10-18 16:14:40','2020-10-18 16:14:40'),(12,8,'Patchcord MM OM1 DX (2,0mm) LC/PC-LC/PC 3m',10.00,'1','2020-10-18 16:14:40','2020-10-18 16:14:40'),(13,8,'Patchcord MM OM1 DX (3,0mm) SC/UPC-ST/UPC 3m',15.00,'1','2020-10-18 16:14:40','2020-10-18 16:14:40'),(14,9,'Dropcable 1 Core, GJYXFCH, LSZH, 1000M FTI',5.00,'1','2020-10-18 16:14:50','2020-10-18 16:14:50'),(15,9,'Dropcable 1 Core, GJYXFCH, LSZH, 1000M FTI',3.00,'1','2020-10-18 16:14:50','2020-10-18 16:14:50'),(16,9,'Patchcord MM DX Out Door SC/UPC-LC/UPC 10m Heat Shrink Kuning',10.00,'1','2020-10-18 16:14:50','2020-10-18 16:14:50'),(17,9,'Patchcord MM DX Out Door SC/UPC-LC/UPC 10m Heat Shrink Kuning',20.00,'1','2020-10-18 16:14:50','2020-10-18 16:14:50'),(18,9,'Patchcord MM OM1 DX (2,0mm) LC/PC-LC/PC 3m',10.00,'1','2020-10-18 16:14:50','2020-10-18 16:14:50'),(19,9,'Patchcord MM OM1 DX (2,0mm) LC/PC-LC/PC 3m',15.00,'1','2020-10-18 16:14:50','2020-10-18 16:14:50'),(20,9,'Patchcord MM OM1 DX (2,0mm) LC/PC-LC/PC 3m',10.00,'1','2020-10-18 16:14:50','2020-10-18 16:14:50'),(21,9,'Patchcord MM OM1 DX (3,0mm) SC/UPC-ST/UPC 3m',15.00,'1','2020-10-18 16:14:51','2020-10-18 16:14:51'),(22,10,'Patchcord MM DX Out Door SC/UPC-LC/UPC 10m Heat Shrink Kuning',1.00,'1','2020-10-18 16:22:33','2020-10-18 16:22:33'),(23,10,'Patchcord MM DX Out Door SC/UPC-LC/UPC 5m Heat Shrink Hitam PAZ',1.00,'1','2020-10-18 16:22:33','2020-10-18 16:22:33'),(24,10,'Patchcord MM DX Out Door SC/UPC-LC/UPC 5m Heat Shrink Hitam PAZ',1.00,'1','2020-10-18 16:22:33','2020-10-18 16:22:33'),(25,10,'Patchcord MM DX Out Door SC/UPC-SC/UPC 5m Heat Shrink Hitam',1.00,'1','2020-10-18 16:22:33','2020-10-18 16:22:33'),(26,10,'Precon 1 Core SC/APC-SC/APC 100M',1.00,'1','2020-10-18 16:22:33','2020-10-18 16:22:33'),(27,10,'Precon 1 Core SC/APC-SC/APC 100M',1.00,'1','2020-10-18 16:22:34','2020-10-18 16:22:34'),(28,10,'Precon 1 Core SC/APC-SC/APC 100M',1.00,'1','2020-10-18 16:22:34','2020-10-18 16:22:34'),(29,10,'Precon 1 Core SC/APC-SC/APC 120M',1.00,'1','2020-10-18 16:22:34','2020-10-18 16:22:34'),(30,11,'Pigtail MM OM2 DX (3,0mm) ST/PC 3m',10.00,'1','2020-11-09 14:41:49','2020-11-09 14:41:49'),(31,12,'Patchcord SM SX (3,0mm) SC/UPC-SC/APC 20m',0.00,'1','2020-11-09 16:00:43','2020-11-09 16:00:43');
/*!40000 ALTER TABLE `internal_items` ENABLE KEYS */;
UNLOCK TABLES;

--
-- Table structure for table `internal_transfers`
--

DROP TABLE IF EXISTS `internal_transfers`;
/*!40101 SET @saved_cs_client     = @@character_set_client */;
/*!40101 SET character_set_client = utf8 */;
CREATE TABLE `internal_transfers` (
  `id` bigint(20) unsigned NOT NULL AUTO_INCREMENT,
  `order_ref` varchar(255) COLLATE utf8mb4_unicode_ci NOT NULL,
  `from_wh` varchar(255) COLLATE utf8mb4_unicode_ci NOT NULL,
  `to_wh` varchar(255) COLLATE utf8mb4_unicode_ci NOT NULL,
  `status_id` char(36) COLLATE utf8mb4_unicode_ci NOT NULL DEFAULT '8083f49e-f0aa-4094-894f-f64cd2e9e4e9',
  `created_by` varchar(255) COLLATE utf8mb4_unicode_ci NOT NULL,
  `updated_by` varchar(255) COLLATE utf8mb4_unicode_ci DEFAULT NULL,
  `received_by` varchar(255) COLLATE utf8mb4_unicode_ci DEFAULT NULL,
  `created_at` timestamp NULL DEFAULT NULL,
  `updated_at` timestamp NULL DEFAULT NULL,
  PRIMARY KEY (`id`)
) ENGINE=InnoDB AUTO_INCREMENT=13 DEFAULT CHARSET=utf8mb4 COLLATE=utf8mb4_unicode_ci;
/*!40101 SET character_set_client = @saved_cs_client */;

--
-- Dumping data for table `internal_transfers`
--

LOCK TABLES `internal_transfers` WRITE;
/*!40000 ALTER TABLE `internal_transfers` DISABLE KEYS */;
INSERT INTO `internal_transfers` VALUES (1,'SO/FTI/0001/FTI-C-0000010/IX/2020','Gudang Utama','Gudang Pengiriman','314f31d1-4e50-4ad9-ae8c-65f0f7ebfc43','Mirza Rizaldy','Mirza Rizaldy',NULL,'2020-09-30 11:06:51','2020-09-30 11:06:51'),(2,'TG/FTI0001/IX/2020','Gudang Utama','Gudang Produksi','8083f49e-f0aa-4094-894f-f64cd2e9e4e9','Mirza Rizaldy',NULL,NULL,'2020-09-30 12:05:33','2020-09-30 12:05:33'),(3,'TG/FTI0002/IX/2020','Gudang Utama','Gudang Produksi','8083f49e-f0aa-4094-894f-f64cd2e9e4e9','Mirza Rizaldy',NULL,NULL,'2020-09-30 12:05:40','2020-09-30 12:05:40'),(4,'SO/FTI/0002/DEDIBOGOR/X/2020','Gudang Utama','Gudang Pengiriman','314f31d1-4e50-4ad9-ae8c-65f0f7ebfc43','Mirza Rizaldy','Mirza Rizaldy',NULL,'2020-10-10 16:28:26','2020-10-10 16:28:26'),(5,'SO/FTI/0003/HERICBR/X/2020','Gudang Utama','Gudang Pengiriman','314f31d1-4e50-4ad9-ae8c-65f0f7ebfc43','Admin Gudang (Katerine)','Admin Gudang (Katerine)',NULL,'2020-10-13 16:41:58','2020-10-13 16:41:58'),(6,'SO/FTI/0011/DESWINFIRMANTO/X/2020','Gudang Utama','Gudang Pengiriman','314f31d1-4e50-4ad9-ae8c-65f0f7ebfc43','Admin Gudang (Katerine)','Admin Gudang (Katerine)',NULL,'2020-10-18 15:39:21','2020-10-18 15:39:21'),(7,'SO/FTI/0011/DESWINFIRMANTO/X/2020','Gudang Utama','Gudang Pengiriman','314f31d1-4e50-4ad9-ae8c-65f0f7ebfc43','Admin Gudang (Katerine)','Admin Gudang (Katerine)',NULL,'2020-10-18 15:39:36','2020-10-18 15:39:36'),(8,'SO/FTI/0013/RAFACOM/X/2020','Gudang Utama','Gudang Pengiriman','314f31d1-4e50-4ad9-ae8c-65f0f7ebfc43','Admin Gudang (Katerine)','Admin Gudang (Katerine)',NULL,'2020-10-18 16:14:39','2020-10-18 16:14:39'),(9,'SO/FTI/0013/RAFACOM/X/2020','Gudang Utama','Gudang Pengiriman','314f31d1-4e50-4ad9-ae8c-65f0f7ebfc43','Admin Gudang (Katerine)','Admin Gudang (Katerine)',NULL,'2020-10-18 16:14:50','2020-10-18 16:14:50'),(10,'SO/FTI/0014/EMMA/X/2020','Gudang Utama','Gudang Pengiriman','314f31d1-4e50-4ad9-ae8c-65f0f7ebfc43','Admin Gudang (Katerine)','Admin Gudang (Katerine)',NULL,'2020-10-18 16:22:33','2020-10-18 16:22:33'),(11,'SO/FTI/0001/ENGKIRAHMAT/XI/2020','Gudang Utama','Gudang Pengiriman','314f31d1-4e50-4ad9-ae8c-65f0f7ebfc43','Finmgr','Finmgr',NULL,'2020-11-09 14:41:48','2020-11-09 14:41:48'),(12,'SO/FTI/0002/JOSEPH/XI/2020','Gudang Utama','Gudang Pengiriman','314f31d1-4e50-4ad9-ae8c-65f0f7ebfc43','Finmgr','Finmgr',NULL,'2020-11-09 16:00:43','2020-11-09 16:00:43');
/*!40000 ALTER TABLE `internal_transfers` ENABLE KEYS */;
UNLOCK TABLES;

--
-- Table structure for table `inventories`
--

DROP TABLE IF EXISTS `inventories`;
/*!40101 SET @saved_cs_client     = @@character_set_client */;
/*!40101 SET character_set_client = utf8 */;
CREATE TABLE `inventories` (
  `id` bigint(20) unsigned NOT NULL AUTO_INCREMENT,
  `product_id` char(36) COLLATE utf8mb4_unicode_ci NOT NULL,
  `product_name` varchar(255) COLLATE utf8mb4_unicode_ci NOT NULL,
  `warehouse_name` varchar(255) COLLATE utf8mb4_unicode_ci NOT NULL,
  `min_stock` decimal(50,2) NOT NULL,
  `opening_amount` decimal(50,2) NOT NULL,
  `closing_amount` decimal(50,2) NOT NULL,
  `created_at` timestamp NULL DEFAULT NULL,
  `updated_at` timestamp NULL DEFAULT NULL,
  PRIMARY KEY (`id`)
) ENGINE=InnoDB AUTO_INCREMENT=907 DEFAULT CHARSET=utf8mb4 COLLATE=utf8mb4_unicode_ci;
/*!40101 SET character_set_client = @saved_cs_client */;

--
-- Dumping data for table `inventories`
--

LOCK TABLES `inventories` WRITE;
/*!40000 ALTER TABLE `inventories` DISABLE KEYS */;
INSERT INTO `inventories` VALUES (1,'5d9aaffa-33c0-11ea-aec2-2e728ce88125','AC 1/2PK','Gudang Utama',100.00,0.00,4.00,'2020-05-16 07:14:11','2020-10-05 18:54:47'),(2,'5d9ab270-33c0-11ea-aec2-2e728ce88125','AC 1PK','Gudang Utama',100.00,0.00,4.00,'2020-05-16 07:14:11','2020-10-05 18:58:41'),(3,'5d9ab3d8-33c0-11ea-aec2-2e728ce88125','AC 5PK','Gudang Utama',100.00,0.00,0.00,'2020-05-16 07:14:11','2020-05-16 07:14:11'),(4,'5d9ab536-33c0-11ea-aec2-2e728ce88125','Adapter Dustcaps Black','Gudang Utama',100.00,0.00,850.00,'2020-05-16 07:14:11','2020-09-30 11:06:51'),(5,'5d9ac882-33c0-11ea-aec2-2e728ce88125','Adapter Dustcaps Blue','Gudang Utama',100.00,0.00,1500.00,'2020-05-16 07:14:11','2020-09-30 10:28:59'),(6,'5d9aca26-33c0-11ea-aec2-2e728ce88125','Adapter Dustcaps Green','Gudang Utama',100.00,0.00,2000.00,'2020-05-16 07:14:11','2020-09-30 10:28:44'),(7,'5d9acb70-33c0-11ea-aec2-2e728ce88125','Adapter MM DX LC/PC','Gudang Utama',100.00,0.00,1500.00,'2020-05-16 07:14:11','2020-10-14 12:24:13'),(8,'5d9acca6-33c0-11ea-aec2-2e728ce88125','Adapter MM SX SC/PC','Gudang Utama',100.00,0.00,0.00,'2020-05-16 07:14:11','2020-05-16 07:14:11'),(9,'5d9ae2c2-33c0-11ea-aec2-2e728ce88125','Adapter SC/APC','Gudang Utama',100.00,0.00,0.00,'2020-05-16 07:14:11','2020-05-16 07:14:11'),(10,'5d9ae448-33c0-11ea-aec2-2e728ce88125','Adapter SC/UPC','Gudang Utama',100.00,0.00,0.00,'2020-05-16 07:14:11','2020-05-16 07:14:11'),(11,'5d9ae9b6-33c0-11ea-aec2-2e728ce88125','Adapter SC/UPC Auto Shutter','Gudang Utama',100.00,0.00,0.00,'2020-05-16 07:14:11','2020-10-18 17:19:04'),(12,'5d9aeb3c-33c0-11ea-aec2-2e728ce88125','Adapter SM LC/UPC','Gudang Utama',100.00,0.00,0.00,'2020-05-16 07:14:11','2020-05-16 07:14:11'),(13,'5d9b0464-33c0-11ea-aec2-2e728ce88125','Adapter SM LC/UPC DX','Gudang Utama',100.00,0.00,0.00,'2020-05-16 07:14:11','2020-05-16 07:14:11'),(14,'5d9b05ea-33c0-11ea-aec2-2e728ce88125','Adapter SM SC/APC (BESI) (Dimika)','Gudang Utama',100.00,0.00,0.00,'2020-05-16 07:14:11','2020-05-16 07:14:11'),(15,'5d9b0734-33c0-11ea-aec2-2e728ce88125','Adapter SM SC/APC (BESI) (Dimika) (Tente)','Gudang Utama',100.00,0.00,0.00,'2020-05-16 07:14:11','2020-05-16 07:14:11'),(16,'5d9b0874-33c0-11ea-aec2-2e728ce88125','Adapter SM SC/UPC ( BESI ) ( Dimika ) Tutup Biru','Gudang Utama',100.00,0.00,179.00,'2020-05-16 07:14:11','2020-10-18 11:38:53'),(17,'5d9b09aa-33c0-11ea-aec2-2e728ce88125','Adapter SM SC/UPC ( BESI ) ( Dimika ) Tutup Hitam','Gudang Utama',100.00,0.00,0.00,'2020-05-16 07:14:11','2020-05-16 07:14:11'),(18,'5d9b0d60-33c0-11ea-aec2-2e728ce88125','Adapter SM SC/UPC DX','Gudang Utama',100.00,0.00,0.00,'2020-05-16 07:14:11','2020-05-16 07:14:11'),(19,'5d9b0ed2-33c0-11ea-aec2-2e728ce88125','Adapter SM SC/UPC PAZ ','Gudang Utama',100.00,0.00,0.00,'2020-05-16 07:14:11','2020-05-16 07:14:11'),(20,'5d9b1008-33c0-11ea-aec2-2e728ce88125','Adapter ST/UPC','Gudang Utama',100.00,0.00,0.00,'2020-05-16 07:14:11','2020-05-16 07:14:11'),(21,'5d9b113e-33c0-11ea-aec2-2e728ce88125','Alat Potong Kertas (Paper Cutter)','Gudang Utama',100.00,0.00,0.00,'2020-05-16 07:14:11','2020-05-16 07:14:11'),(22,'5d9b127e-33c0-11ea-aec2-2e728ce88125','Alkohol 70%','Gudang Utama',100.00,0.00,0.00,'2020-05-16 07:14:11','2020-05-16 07:14:11'),(23,'5d9b13b4-33c0-11ea-aec2-2e728ce88125','Alkohol 96%','Gudang Utama',100.00,0.00,0.00,'2020-05-16 07:14:11','2020-05-16 07:14:11'),(24,'5d9b16e8-33c0-11ea-aec2-2e728ce88125','Amplas Sheet 1500Cw','Gudang Utama',100.00,0.00,0.00,'2020-05-16 07:14:11','2020-05-16 07:14:11'),(25,'5d9b1832-33c0-11ea-aec2-2e728ce88125','Amplas Sheet 150Cw','Gudang Utama',100.00,0.00,0.00,'2020-05-16 07:14:11','2020-05-16 07:14:11'),(26,'5d9b1968-33c0-11ea-aec2-2e728ce88125','Baut L Ukuran 12x3mm','Gudang Utama',100.00,0.00,0.00,'2020-05-16 07:14:11','2020-05-16 07:14:11'),(27,'5d9b1a9e-33c0-11ea-aec2-2e728ce88125','Baut L Ukuran 16x3mm','Gudang Utama',100.00,0.00,0.00,'2020-05-16 07:14:11','2020-05-16 07:14:11'),(28,'5d9b1ce2-33c0-11ea-aec2-2e728ce88125','BIG CRIMP RING (2,00mm)','Gudang Utama',100.00,0.00,0.00,'2020-05-16 07:14:11','2020-07-28 08:05:48'),(29,'5d9b1e36-33c0-11ea-aec2-2e728ce88125','BIG CRIMP RING (3,00mm)','Gudang Utama',100.00,0.00,0.00,'2020-05-16 07:14:11','2020-05-16 07:14:11'),(39,'5d9b2ff2-33c0-11ea-aec2-2e728ce88125','BOOT SM FC APC (0,9mm) Green','Gudang Utama',100.00,0.00,0.00,'2020-05-16 07:14:11','2020-05-16 07:14:11'),(40,'5d9b3146-33c0-11ea-aec2-2e728ce88125','BOOT SM FC APC (2,00mm) Green','Gudang Utama',100.00,0.00,0.00,'2020-05-16 07:14:11','2020-05-16 07:14:11'),(41,'5d9b327c-33c0-11ea-aec2-2e728ce88125','BOOT SM FC APC (3,00mm) Green','Gudang Utama',100.00,0.00,0.00,'2020-05-16 07:14:11','2020-05-16 07:14:11'),(42,'5d9b3632-33c0-11ea-aec2-2e728ce88125','BOOT SM LC/APC (0,9mm) Green','Gudang Utama',100.00,0.00,0.00,'2020-05-16 07:14:11','2020-05-16 07:14:11'),(43,'5d9b379a-33c0-11ea-aec2-2e728ce88125','BOOT SM LC/APC (2,00mm - 3,00mm) Green','Gudang Utama',100.00,0.00,0.00,'2020-05-16 07:14:11','2020-05-16 07:14:11'),(44,'5d9b38d0-33c0-11ea-aec2-2e728ce88125','BOOT SM LC/UPC (0,9mm) Blue/White','Gudang Utama',100.00,0.00,0.00,'2020-05-16 07:14:11','2020-05-16 07:14:11'),(45,'5d9b3a10-33c0-11ea-aec2-2e728ce88125','BOOT SM LC/UPC (2,00mm, 3,00mm) Blue/White','Gudang Utama',100.00,0.00,0.00,'2020-05-16 07:14:11','2020-05-16 07:14:11'),(46,'5d9b3b46-33c0-11ea-aec2-2e728ce88125','BOOT SM SC/APC (0,9mm) Green','Gudang Utama',100.00,0.00,0.00,'2020-05-16 07:14:11','2020-05-16 07:14:11'),(47,'5d9b3dc6-33c0-11ea-aec2-2e728ce88125','BOOT SM SC/APC (2,00mm) Green','Gudang Utama',100.00,0.00,0.00,'2020-05-16 07:14:11','2020-05-16 07:14:11'),(48,'5d9b3f24-33c0-11ea-aec2-2e728ce88125','BOOT SM SC/APC (3,00mm) Green','Gudang Utama',100.00,0.00,0.00,'2020-05-16 07:14:11','2020-05-16 07:14:11'),(49,'5d9b4244-33c0-11ea-aec2-2e728ce88125','BOOT SM SC/UPC (0,9mm) Blue','Gudang Utama',100.00,0.00,0.00,'2020-05-16 07:14:11','2020-05-16 07:14:11'),(50,'5d9b43a2-33c0-11ea-aec2-2e728ce88125','BOOT SM SC/UPC (2,00mm) Blue','Gudang Utama',100.00,0.00,0.00,'2020-05-16 07:14:11','2020-05-16 07:14:11'),(51,'5d9b44e2-33c0-11ea-aec2-2e728ce88125','BOOT SM SC/UPC (3,00mm) Blue','Gudang Utama',100.00,0.00,0.00,'2020-05-16 07:14:11','2020-05-16 07:14:11'),(52,'5d9b4618-33c0-11ea-aec2-2e728ce88125','BOOT SM/MM FC UPC (0,9mm) Black/Blue','Gudang Utama',100.00,0.00,0.00,'2020-05-16 07:14:11','2020-05-16 07:14:11'),(53,'5d9b474e-33c0-11ea-aec2-2e728ce88125','BOOT SM/MM FC UPC (2,00mm) Black/Blue','Gudang Utama',100.00,0.00,0.00,'2020-05-16 07:14:11','2020-05-16 07:14:11'),(54,'5d9b488e-33c0-11ea-aec2-2e728ce88125','BOOT SM/MM FC UPC (3,00mm) Black','Gudang Utama',100.00,0.00,0.00,'2020-05-16 07:14:11','2020-05-16 07:14:11'),(55,'5d9b4b90-33c0-11ea-aec2-2e728ce88125','BOOT ST UPC (0,9mm)','Gudang Utama',100.00,0.00,0.00,'2020-05-16 07:14:11','2020-05-16 07:14:11'),(56,'5d9b4cf8-33c0-11ea-aec2-2e728ce88125','BOOT ST UPC (2,00mm)','Gudang Utama',100.00,0.00,0.00,'2020-05-16 07:14:11','2020-05-16 07:14:11'),(57,'5d9b4e38-33c0-11ea-aec2-2e728ce88125','Box ONT Huawei','Gudang Utama',100.00,0.00,0.00,'2020-05-16 07:14:11','2020-05-16 07:14:11'),(58,'5d9b4f8c-33c0-11ea-aec2-2e728ce88125','Box Splitter 1:8 (Kosongan)','Gudang Utama',100.00,0.00,0.00,'2020-05-16 07:14:11','2020-05-16 07:14:11'),(59,'5d9b50b8-33c0-11ea-aec2-2e728ce88125','Box Splitter 1:8 (Splitter Plc 1:8 SC/APC)','Gudang Utama',100.00,0.00,0.00,'2020-05-16 07:14:11','2020-05-16 07:14:11'),(60,'5d9b51ee-33c0-11ea-aec2-2e728ce88125','Bundle Cable LC/UPC 8F 1 sisi 12m','Gudang Utama',100.00,0.00,0.00,'2020-05-16 07:14:11','2020-05-16 07:14:11'),(61,'5d9b5536-33c0-11ea-aec2-2e728ce88125','Bundle Cable LC/UPC 8F 1 sisi 19m','Gudang Utama',100.00,0.00,0.00,'2020-05-16 07:14:11','2020-05-16 07:14:11'),(62,'5d9b5676-33c0-11ea-aec2-2e728ce88125','Bundle Cable LC/UPC 8F 1 sisi 20m','Gudang Utama',100.00,0.00,0.00,'2020-05-16 07:14:11','2020-05-16 07:14:11'),(63,'5d9b57b6-33c0-11ea-aec2-2e728ce88125','Bundle Cable LC/UPC 8F 1 sisi 24m','Gudang Utama',100.00,0.00,0.00,'2020-05-16 07:14:11','2020-05-16 07:14:11'),(64,'5d9b58ec-33c0-11ea-aec2-2e728ce88125','Bundle Cable LC/UPC 8F 1 sisi 25m','Gudang Utama',100.00,0.00,0.00,'2020-05-16 07:14:11','2020-05-16 07:14:11'),(65,'5d9b5aae-33c0-11ea-aec2-2e728ce88125','Bundle Cable LC/UPC 8F 1 sisi 26m','Gudang Utama',100.00,0.00,0.00,'2020-05-16 07:14:11','2020-05-16 07:14:11'),(66,'5d9b5c16-33c0-11ea-aec2-2e728ce88125','Bundle Cable LC/UPC 8F 1 sisi 38m','Gudang Utama',100.00,0.00,0.00,'2020-05-16 07:14:11','2020-05-16 07:14:11'),(67,'5d9b5efa-33c0-11ea-aec2-2e728ce88125','Bundle Cable SC/UPC 8F 1 sisi 10m','Gudang Utama',100.00,0.00,0.00,'2020-05-16 07:14:11','2020-05-16 07:14:11'),(68,'5d9b6058-33c0-11ea-aec2-2e728ce88125','Bundle Cable SC/UPC 8F 1 sisi 11m','Gudang Utama',100.00,0.00,0.00,'2020-05-16 07:14:11','2020-05-16 07:14:11'),(69,'5d9b6198-33c0-11ea-aec2-2e728ce88125','Bundle Cable SC/UPC 8F 1 sisi 12m','Gudang Utama',100.00,0.00,0.00,'2020-05-16 07:14:11','2020-05-16 07:14:11'),(70,'5d9b62ce-33c0-11ea-aec2-2e728ce88125','Bundle Cable SC/UPC 8F 1 sisi 13m','Gudang Utama',100.00,0.00,0.00,'2020-05-16 07:14:11','2020-05-16 07:14:11'),(71,'5d9b6404-33c0-11ea-aec2-2e728ce88125','Bundle Cable SC/UPC 8F 1 sisi 14m','Gudang Utama',100.00,0.00,0.00,'2020-05-16 07:14:11','2020-05-16 07:14:11'),(72,'5d9b653a-33c0-11ea-aec2-2e728ce88125','Bundle Cable SC/UPC 8F 1 sisi 15m','Gudang Utama',100.00,0.00,0.00,'2020-05-16 07:14:11','2020-05-16 07:14:11'),(73,'5d9b6828-33c0-11ea-aec2-2e728ce88125','Bundle Cable SC/UPC 8F 1 sisi 16m','Gudang Utama',100.00,0.00,0.00,'2020-05-16 07:14:11','2020-05-16 07:14:11'),(74,'5d9b699a-33c0-11ea-aec2-2e728ce88125','Bundle Cable SC/UPC 8F 1 sisi 17m','Gudang Utama',100.00,0.00,0.00,'2020-05-16 07:14:11','2020-05-16 07:14:11'),(75,'5d9b6ada-33c0-11ea-aec2-2e728ce88125','Bundle Cable SC/UPC 8F 1 sisi 18m','Gudang Utama',100.00,0.00,0.00,'2020-05-16 07:14:11','2020-05-16 07:14:11'),(76,'5d9b6c06-33c0-11ea-aec2-2e728ce88125','Bundle Cable SC/UPC 8F 1 sisi 19m','Gudang Utama',100.00,0.00,0.00,'2020-05-16 07:14:11','2020-05-16 07:14:11'),(77,'5d9b6d3c-33c0-11ea-aec2-2e728ce88125','Bundle Cable SC/UPC 8F 1 sisi 20m','Gudang Utama',100.00,0.00,0.00,'2020-05-16 07:14:11','2020-05-16 07:14:11'),(78,'5d9b7048-33c0-11ea-aec2-2e728ce88125','Bundle Cable SC/UPC 8F 1 sisi 21m','Gudang Utama',100.00,0.00,0.00,'2020-05-16 07:14:11','2020-05-16 07:14:11'),(79,'5d9b71ba-33c0-11ea-aec2-2e728ce88125','Bundle Cable SC/UPC 8F 1 sisi 22m','Gudang Utama',100.00,0.00,0.00,'2020-05-16 07:14:11','2020-05-16 07:14:11'),(80,'5d9b8588-33c0-11ea-aec2-2e728ce88125','Bundle Cable SC/UPC 8F 1 sisi 23m','Gudang Utama',100.00,0.00,0.00,'2020-05-16 07:14:11','2020-05-16 07:14:11'),(81,'5d9b86fa-33c0-11ea-aec2-2e728ce88125','Bundle Cable SC/UPC 8F 1 sisi 24m','Gudang Utama',100.00,0.00,0.00,'2020-05-16 07:14:11','2020-05-16 07:14:11'),(82,'5d9b8830-33c0-11ea-aec2-2e728ce88125','Bundle Cable SC/UPC 8F 1 sisi 25m','Gudang Utama',100.00,0.00,0.00,'2020-05-16 07:14:11','2020-05-16 07:14:11'),(83,'5d9b8970-33c0-11ea-aec2-2e728ce88125','Bundle Cable SC/UPC 8F 1 sisi 27m','Gudang Utama',100.00,0.00,0.00,'2020-05-16 07:14:11','2020-05-16 07:14:11'),(84,'5d9b8aa6-33c0-11ea-aec2-2e728ce88125','Bundle Cable SC/UPC 8F 1 sisi 28m','Gudang Utama',100.00,0.00,0.00,'2020-05-16 07:14:11','2020-05-16 07:14:11'),(85,'5d9b8bdc-33c0-11ea-aec2-2e728ce88125','Bundle Cable SC/UPC 8F 1 sisi 40m','Gudang Utama',100.00,0.00,0.00,'2020-05-16 07:14:11','2020-05-16 07:14:11'),(86,'5d9b8eca-33c0-11ea-aec2-2e728ce88125','Bundle Cable SC/UPC 8F 1 sisi 42m','Gudang Utama',100.00,0.00,0.00,'2020-05-16 07:14:11','2020-05-16 07:14:11'),(87,'5d9b946a-33c0-11ea-aec2-2e728ce88125','Bundle Cable SC/UPC 8F 1 sisi 55m','Gudang Utama',100.00,0.00,0.00,'2020-05-16 07:14:11','2020-05-16 07:14:11'),(88,'5d9b95fa-33c0-11ea-aec2-2e728ce88125','Bundle Cable SC/UPC 8F 1 sisi 5m','Gudang Utama',100.00,0.00,0.00,'2020-05-16 07:14:11','2020-05-16 07:14:11'),(89,'5d9b9744-33c0-11ea-aec2-2e728ce88125','Bundle Cable SC/UPC 8F 1 sisi 60m','Gudang Utama',100.00,0.00,0.00,'2020-05-16 07:14:11','2020-05-16 07:14:11'),(90,'5d9b9884-33c0-11ea-aec2-2e728ce88125','Bundle Cable SC/UPC 8F 1 sisi 65m','Gudang Utama',100.00,0.00,0.00,'2020-05-16 07:14:11','2020-05-16 07:14:11'),(91,'5d9b9b5e-33c0-11ea-aec2-2e728ce88125','Bundle Cable SC/UPC 8F 1 sisi 7m','Gudang Utama',100.00,0.00,0.00,'2020-05-16 07:14:11','2020-05-16 07:14:11'),(92,'5d9b9cbc-33c0-11ea-aec2-2e728ce88125','Bundle Cable SC/UPC 8F 1 sisi 8m','Gudang Utama',100.00,0.00,0.00,'2020-05-16 07:14:11','2020-05-16 07:14:11'),(93,'5d9b9dfc-33c0-11ea-aec2-2e728ce88125','Bundle Cable SC/UPC 8F 1 sisi 9m','Gudang Utama',100.00,0.00,0.00,'2020-05-16 07:14:11','2020-05-16 07:14:11'),(94,'5d9b9f3c-33c0-11ea-aec2-2e728ce88125','Bundle Cable SC/UPC 8F 2 sisi 40m ','Gudang Utama',100.00,0.00,0.00,'2020-05-16 07:14:11','2020-05-16 07:14:11'),(95,'5d9ba068-33c0-11ea-aec2-2e728ce88125','Bundle Cable SC/UPC 8F 2 sisi 60m ','Gudang Utama',100.00,0.00,0.00,'2020-05-16 07:14:11','2020-05-16 07:14:11'),(96,'5d9ba1a8-33c0-11ea-aec2-2e728ce88125','Bundle Core 12C 2 sisi SC-LC 10m','Gudang Utama',100.00,0.00,0.00,'2020-05-16 07:14:11','2020-05-16 07:14:11'),(97,'5d9ba2de-33c0-11ea-aec2-2e728ce88125','Bundle Core 2 Sisi 8c SC-SC 5m','Gudang Utama',100.00,0.00,0.00,'2020-05-16 07:14:11','2020-05-16 07:14:11'),(98,'5d9ba5f4-33c0-11ea-aec2-2e728ce88125','C TYPE RING ST UPC (2,00mm)','Gudang Utama',100.00,0.00,0.00,'2020-05-16 07:14:11','2020-05-16 07:14:11'),(99,'5d9ba734-33c0-11ea-aec2-2e728ce88125','Cable Dropcore Putih ','Gudang Utama',100.00,0.00,0.00,'2020-05-16 07:14:11','2020-05-16 07:14:11'),(100,'5d9ba946-33c0-11ea-aec2-2e728ce88125','Cable Manager W/Cover 1U','Gudang Utama',100.00,0.00,0.00,'2020-05-16 07:14:11','2020-05-16 07:14:11'),(101,'5d9baacc-33c0-11ea-aec2-2e728ce88125','Cable MM OM1 SX (3,0mm)','Gudang Utama',0.00,0.00,0.00,'2020-05-16 07:14:11','2020-05-16 07:14:11'),(103,'5d9bae00-33c0-11ea-aec2-2e728ce88125','Cable MM OM2 DX (3,0mm)','Gudang Utama',0.00,0.00,0.00,'2020-05-16 07:14:11','2020-05-16 07:14:11'),(104,'5d9bb116-33c0-11ea-aec2-2e728ce88125','Cable MM OM2 SX (0,9mm) Orange','Gudang Utama',100.00,0.00,0.00,'2020-05-16 07:14:11','2020-05-16 07:14:11'),(105,'5d9bb27e-33c0-11ea-aec2-2e728ce88125','Cable MM OM2 SX (0,9mm) Orange Import','Gudang Utama',100.00,0.00,0.00,'2020-05-16 07:14:11','2020-05-16 07:14:11'),(106,'5d9bb3be-33c0-11ea-aec2-2e728ce88125','Cable MM OM2 SX (3,0mm)','Gudang Utama',0.00,0.00,0.00,'2020-05-16 07:14:11','2020-05-16 07:14:11'),(107,'5d9bb4f4-33c0-11ea-aec2-2e728ce88125','Cable MM OM2 SX (2,0mm)','Gudang Utama',0.00,0.00,0.00,'2020-05-16 07:14:11','2020-05-16 07:14:11'),(111,'5d9c8032-33c0-11ea-aec2-2e728ce88125','Cable MM OM4 DX (2,0mm) Blue','Gudang Utama',100.00,0.00,0.00,'2020-05-16 07:14:11','2020-05-16 07:14:11'),(112,'5d9c8190-33c0-11ea-aec2-2e728ce88125','Cable MM OM4 DX (2,0mm) Corning PVC Red','Gudang Utama',100.00,0.00,0.00,'2020-05-16 07:14:11','2020-05-16 07:14:11'),(113,'5d9c8492-33c0-11ea-aec2-2e728ce88125','Cable MM OM4 DX (2,0mm) FTI Aqua','Gudang Utama',100.00,0.00,0.00,'2020-05-16 07:14:11','2020-05-16 07:14:11'),(114,'5d9c860e-33c0-11ea-aec2-2e728ce88125','Cable MM OM4 DX (2,0mm) FTI Blue','Gudang Utama',100.00,0.00,0.00,'2020-05-16 07:14:11','2020-05-16 07:14:11'),(115,'5d9c874e-33c0-11ea-aec2-2e728ce88125','Cable MM OM4 DX (2,0mm) FTI Orange','Gudang Utama',100.00,0.00,0.00,'2020-05-16 07:14:11','2020-05-16 07:14:11'),(116,'5d9c8a28-33c0-11ea-aec2-2e728ce88125','Cable MM OM4 DX (2,0mm) LSZH Blue','Gudang Utama',100.00,0.00,0.00,'2020-05-16 07:14:11','2020-05-16 07:14:11'),(117,'5d9c8d8e-33c0-11ea-aec2-2e728ce88125','Cable MM OM4 DX (2,0mm) LSZH Corning Blue','Gudang Utama',100.00,0.00,0.00,'2020-05-16 07:14:11','2020-05-16 07:14:11'),(118,'5d9c8eec-33c0-11ea-aec2-2e728ce88125','Cable MM OM4 DX (2,0mm) Orange','Gudang Utama',100.00,0.00,0.00,'2020-05-16 07:14:11','2020-05-16 07:14:11'),(119,'5d9c9036-33c0-11ea-aec2-2e728ce88125','Cable MM OM4 DX (2,0mm) YOFC Aqua','Gudang Utama',100.00,0.00,0.00,'2020-05-16 07:14:11','2020-05-16 07:14:11'),(120,'5d9c9176-33c0-11ea-aec2-2e728ce88125','Cable SM DX (2,0mm) Yellow','Gudang Utama',0.00,0.00,0.00,'2020-05-16 07:14:11','2020-05-16 07:14:11'),(121,'5d9c975c-33c0-11ea-aec2-2e728ce88125','Cable SM DX (2,0mm) Corning','Gudang Utama',100.00,0.00,0.00,'2020-05-16 07:14:11','2020-05-16 07:14:11'),(122,'5d9c9950-33c0-11ea-aec2-2e728ce88125','Cable SM DX (2,0mm) G.652D PVC','Gudang Utama',100.00,0.00,0.00,'2020-05-16 07:14:11','2020-05-16 07:14:11'),(123,'5d9c9c2a-33c0-11ea-aec2-2e728ce88125','Cable SM DX (2,0mm) G.657A2 LSZH','Gudang Utama',100.00,0.00,0.00,'2020-05-16 07:14:11','2020-05-16 07:14:11'),(124,'5d9c9d92-33c0-11ea-aec2-2e728ce88125','Cable SM DX (2,0mm) LSZH','Gudang Utama',100.00,0.00,0.00,'2020-05-16 07:14:11','2020-05-16 07:14:11'),(125,'5d9c9ec8-33c0-11ea-aec2-2e728ce88125','Cable SM DX (3,0mm) Yellow','Gudang Utama',0.00,0.00,0.00,'2020-05-16 07:14:11','2020-05-16 07:14:11'),(126,'5d9c9ffe-33c0-11ea-aec2-2e728ce88125','Cable SM DX (3,0mm) G.657A2 LSZH','Gudang Utama',100.00,0.00,0.00,'2020-05-16 07:14:11','2020-05-16 07:14:11'),(127,'5d9ca134-33c0-11ea-aec2-2e728ce88125','Cable SM SX (0,9mm) Brown','Gudang Utama',100.00,0.00,0.00,'2020-05-16 07:14:11','2020-05-16 07:14:11'),(128,'5d9ca26a-33c0-11ea-aec2-2e728ce88125','Cable SM SX (0,9mm) G652D PVC White','Gudang Utama',100.00,0.00,0.00,'2020-05-16 07:14:11','2020-05-16 07:14:11'),(129,'5d9ca3a0-33c0-11ea-aec2-2e728ce88125','Cable SM SX (0,9mm) G652D PVC Yellow','Gudang Utama',100.00,0.00,0.00,'2020-05-16 07:14:11','2020-05-16 07:14:11'),(130,'5d9ca940-33c0-11ea-aec2-2e728ce88125','Cable SM SX (0,9mm) G657A2 PVC White','Gudang Utama',100.00,0.00,0.00,'2020-05-16 07:14:11','2020-05-16 07:14:11'),(131,'5d9caad0-33c0-11ea-aec2-2e728ce88125','Cable SM SX (0,9mm) GJJH 1B6a2 G.657A2 Yellow ','Gudang Utama',100.00,0.00,0.00,'2020-05-16 07:14:11','2020-05-16 07:14:11'),(132,'5d9cac1a-33c0-11ea-aec2-2e728ce88125','Cable SM SX (0,9mm) Grey','Gudang Utama',100.00,0.00,0.00,'2020-05-16 07:14:11','2020-05-16 07:14:11'),(133,'5d9cad96-33c0-11ea-aec2-2e728ce88125','Cable SM SX (0,9mm) Orange','Gudang Utama',100.00,0.00,0.00,'2020-05-16 07:14:11','2020-05-16 07:14:11'),(134,'5d9caee0-33c0-11ea-aec2-2e728ce88125','Cable SM SX (0.9mm) Yellow Import','Gudang Utama',100.00,0.00,0.00,'2020-05-16 07:14:11','2020-05-16 07:14:11'),(135,'5d9cb016-33c0-11ea-aec2-2e728ce88125','Cable SM SX (2,0mm) G.652D LSZH','Gudang Utama',100.00,0.00,0.00,'2020-05-16 07:14:11','2020-05-16 07:14:11'),(136,'5d9cb318-33c0-11ea-aec2-2e728ce88125','Cable SM SX (2,0mm) G.652D PVC ','Gudang Utama',100.00,0.00,0.00,'2020-05-16 07:14:11','2020-05-16 07:14:11'),(137,'5d9cb46c-33c0-11ea-aec2-2e728ce88125','Cable SM SX (2,0mm) G.657A2 LSZH','Gudang Utama',100.00,0.00,0.00,'2020-05-16 07:14:11','2020-05-16 07:14:11'),(138,'5d9cb5b6-33c0-11ea-aec2-2e728ce88125','Cable SM SX (2,0mm) LSZH','Gudang Utama',100.00,0.00,0.00,'2020-05-16 07:14:11','2020-05-16 07:14:11'),(139,'5d9cb6f6-33c0-11ea-aec2-2e728ce88125','Cable SM SX (2,0mm) Yellow','Gudang Utama',0.00,0.00,0.00,'2020-05-16 07:14:11','2020-07-10 06:38:14'),(141,'5d9cba66-33c0-11ea-aec2-2e728ce88125','Cable SM SX 3,0mm PVC','Gudang Utama',100.00,0.00,0.00,'2020-05-16 07:14:11','2020-05-16 07:14:11'),(142,'5d9cbd54-33c0-11ea-aec2-2e728ce88125','Cable UTP CAT 6 LS ','Gudang Utama',100.00,0.00,0.00,'2020-05-16 07:14:11','2020-05-16 07:14:11'),(143,'5d9cbef8-33c0-11ea-aec2-2e728ce88125','Cable UTP CAT 6 Schneider ','Gudang Utama',100.00,0.00,0.00,'2020-05-16 07:14:11','2020-05-16 07:14:11'),(144,'5d9cc038-33c0-11ea-aec2-2e728ce88125','Cable UTP CAT 6 Vasco Link','Gudang Utama',100.00,0.00,0.00,'2020-05-16 07:14:11','2020-05-16 07:14:11'),(145,'5d9cc16e-33c0-11ea-aec2-2e728ce88125','Cassete FO 24core  ( Black )','Gudang Utama',100.00,0.00,0.00,'2020-05-16 07:14:11','2020-05-16 07:14:11'),(146,'5d9cc2e0-33c0-11ea-aec2-2e728ce88125','Cassete FO 8 Core','Gudang Utama',100.00,0.00,0.00,'2020-05-16 07:14:11','2020-05-16 07:14:11'),(147,'5d9cc420-33c0-11ea-aec2-2e728ce88125','Cassete FO 96core ( Putih )','Gudang Utama',100.00,0.00,0.00,'2020-05-16 07:14:11','2020-05-16 07:14:11'),(148,'5d9cc556-33c0-11ea-aec2-2e728ce88125','Clamp A (Bracket) (Dead End)/Clamp Buaya uk 20/50','Gudang Utama',100.00,0.00,0.00,'2020-05-16 07:14:11','2020-05-16 07:14:11'),(149,'5d9cc876-33c0-11ea-aec2-2e728ce88125','Clamp Pipa Conduit ','Gudang Utama',100.00,0.00,0.00,'2020-05-16 07:14:11','2020-05-16 07:14:11'),(150,'5d9cc9c0-33c0-11ea-aec2-2e728ce88125','Clamp Ring 3 Lubang ','Gudang Utama',100.00,0.00,0.00,'2020-05-16 07:14:11','2020-05-16 07:14:11'),(151,'5d9ccaf6-33c0-11ea-aec2-2e728ce88125','Clamp Slang 10 Inch','Gudang Utama',100.00,0.00,0.00,'2020-05-16 07:14:11','2020-05-16 07:14:11'),(152,'5d9ccc36-33c0-11ea-aec2-2e728ce88125','Clamp Slang 5 Inch','Gudang Utama',100.00,0.00,0.00,'2020-05-16 07:14:11','2020-05-16 07:14:11'),(153,'5d9ccd62-33c0-11ea-aec2-2e728ce88125','Cleaver FC-65/Made In China','Gudang Utama',100.00,0.00,0.00,'2020-05-16 07:14:11','2020-05-16 07:14:11'),(154,'5d9ccea2-33c0-11ea-aec2-2e728ce88125','Cleaver Merk Senter','Gudang Utama',100.00,0.00,0.00,'2020-05-16 07:14:11','2020-05-16 07:14:11'),(155,'5d9cd172-33c0-11ea-aec2-2e728ce88125','Cleaver Sumitomo ','Gudang Utama',100.00,0.00,0.00,'2020-05-16 07:14:11','2020-05-16 07:14:11'),(156,'5d9cd2d0-33c0-11ea-aec2-2e728ce88125','Clip MM LC/PC Brown','Gudang Utama',100.00,0.00,0.00,'2020-05-16 07:14:11','2020-05-16 07:14:11'),(157,'5d9cd41a-33c0-11ea-aec2-2e728ce88125','Clip MM LC/UPC (Transparent)','Gudang Utama',100.00,0.00,0.00,'2020-05-16 07:14:11','2020-05-16 07:14:11'),(158,'5d9cd55a-33c0-11ea-aec2-2e728ce88125','Clip MM SC/PC Brown','Gudang Utama',100.00,0.00,0.00,'2020-05-16 07:14:11','2020-05-16 07:14:11'),(159,'5d9cd690-33c0-11ea-aec2-2e728ce88125','Clip SM LC/APC Green','Gudang Utama',100.00,0.00,0.00,'2020-05-16 07:14:11','2020-05-16 07:14:11'),(160,'5d9cd7d0-33c0-11ea-aec2-2e728ce88125','Clip SM LC/UPC Blue','Gudang Utama',100.00,0.00,0.00,'2020-05-16 07:14:11','2020-05-16 07:14:11'),(161,'5d9cdadc-33c0-11ea-aec2-2e728ce88125','Clip SM SC/APC Green ','Gudang Utama',100.00,0.00,0.00,'2020-05-16 07:14:11','2020-05-16 07:14:11'),(162,'5d9cdc4e-33c0-11ea-aec2-2e728ce88125','Clip SM SC/UPC Blue','Gudang Utama',100.00,0.00,0.00,'2020-05-16 07:14:11','2020-05-16 07:14:11'),(163,'5d9cdd8e-33c0-11ea-aec2-2e728ce88125','Closure 288 Core ','Gudang Utama',100.00,0.00,0.00,'2020-05-16 07:14:11','2020-05-16 07:14:11'),(164,'5d9cdec4-33c0-11ea-aec2-2e728ce88125','Closure 48 Core (Fiber Trone)','Gudang Utama',100.00,0.00,0.00,'2020-05-16 07:14:11','2020-05-16 07:14:11'),(165,'5d9cdffa-33c0-11ea-aec2-2e728ce88125','Closure 48 Core (PAZ)','Gudang Utama',100.00,0.00,0.00,'2020-05-16 07:14:11','2020-05-16 07:14:11'),(166,'5d9ce1ee-33c0-11ea-aec2-2e728ce88125','Closure 96 Core ( Kulit Jeruk)','Gudang Utama',100.00,0.00,0.00,'2020-05-16 07:14:11','2020-05-16 07:14:11'),(167,'5d9ce4fa-33c0-11ea-aec2-2e728ce88125','Closure 96 Core ( No brand )','Gudang Utama',100.00,0.00,0.00,'2020-05-16 07:14:11','2020-05-16 07:14:11'),(168,'5d9ce662-33c0-11ea-aec2-2e728ce88125','Closure 96 Core ( No brand Tidak Complete) (Tanpa Kardus)','Gudang Utama',100.00,0.00,0.00,'2020-05-16 07:14:11','2020-05-16 07:14:11'),(169,'5d9ce798-33c0-11ea-aec2-2e728ce88125','Closure 96 Core Dome ( PAZ )','Gudang Utama',100.00,0.00,0.00,'2020-05-16 07:14:11','2020-05-16 07:14:11'),(170,'5d9cea18-33c0-11ea-aec2-2e728ce88125','Closure 96 Core Tanpa Kunci+Kardus Litech','Gudang Utama',100.00,0.00,0.00,'2020-05-16 07:14:11','2020-05-16 07:14:11'),(171,'5d9cebc6-33c0-11ea-aec2-2e728ce88125','Closure AIS 12/24 Core (Duck) ','Gudang Utama',100.00,0.00,0.00,'2020-05-16 07:14:11','2020-05-16 07:14:11'),(172,'5d9ced06-33c0-11ea-aec2-2e728ce88125','Closure AIS 96 Core (Duck) ','Gudang Utama',100.00,0.00,0.00,'2020-05-16 07:14:11','2020-05-16 07:14:11'),(173,'5d9cefb8-33c0-11ea-aec2-2e728ce88125','Connector Box SC/APC','Gudang Utama',100.00,0.00,0.00,'2020-05-16 07:14:11','2020-05-16 07:14:11'),(174,'5d9cf116-33c0-11ea-aec2-2e728ce88125','Connector MM LC/PC (0,9mm)','Gudang Utama',100.00,0.00,8950.00,'2020-05-16 07:14:11','2020-10-18 12:14:33'),(175,'5d9cf24c-33c0-11ea-aec2-2e728ce88125','Connector MM LC/PC (2,0mm)','Gudang Utama',100.00,0.00,11000.00,'2020-05-16 07:14:11','2020-10-18 12:15:36'),(176,'5d9cf38c-33c0-11ea-aec2-2e728ce88125','Connector MM SC/PC (0,9mm)','Gudang Utama',100.00,0.00,6400.00,'2020-05-16 07:14:11','2020-10-18 12:18:40'),(177,'5d9cf58a-33c0-11ea-aec2-2e728ce88125','Connector MM SC/PC (2,0mm)','Gudang Utama',100.00,0.00,5000.00,'2020-05-16 07:14:11','2020-10-18 12:19:27'),(178,'5d9cf8a0-33c0-11ea-aec2-2e728ce88125','Connector MM SC/PC 3,0mm Tanpa Spring','Gudang Utama',100.00,0.00,0.00,'2020-05-16 07:14:11','2020-05-16 07:14:11'),(179,'5d9cfa08-33c0-11ea-aec2-2e728ce88125','Connector Set ST Semi Finished Include Ferulle 2mm','Gudang Utama',100.00,0.00,0.00,'2020-05-16 07:14:11','2020-05-16 07:14:11'),(180,'5d9cfb48-33c0-11ea-aec2-2e728ce88125','Connector MM ST/PC (2,0mm)','Gudang Utama',0.00,0.00,0.00,'2020-05-16 07:14:11','2020-09-22 19:23:28'),(181,'5d9cfc7e-33c0-11ea-aec2-2e728ce88125','Connector MM ST/PC (3,0mm)','Gudang Utama',0.00,0.00,0.00,'2020-05-16 07:14:11','2020-05-16 07:14:11'),(182,'5d9cfdbe-33c0-11ea-aec2-2e728ce88125','Connector MM FC/PC (2,0mm) ','Gudang Utama',0.00,0.00,0.00,'2020-05-16 07:14:11','2020-05-16 07:14:11'),(183,'5d9cfef4-33c0-11ea-aec2-2e728ce88125','Connector MM LC/PC (3,0mm)','Gudang Utama',0.00,0.00,0.00,'2020-05-16 07:14:11','2020-05-16 07:14:11'),(184,'5d9d002a-33c0-11ea-aec2-2e728ce88125','Connector MM SC/PC 3,0mm','Gudang Utama',0.00,0.00,0.00,'2020-05-16 07:14:11','2020-09-25 07:10:10'),(185,'5d9d02f0-33c0-11ea-aec2-2e728ce88125','Connector SM FC/APC (0,9mm)','Gudang Utama',100.00,0.00,0.00,'2020-05-16 07:14:11','2020-05-16 07:14:11'),(186,'5d9d04b2-33c0-11ea-aec2-2e728ce88125','Connector SM FC/APC (2,0mm)','Gudang Utama',100.00,0.00,9700.00,'2020-05-16 07:14:11','2020-10-18 12:29:15'),(187,'5d9d0610-33c0-11ea-aec2-2e728ce88125','Connector SM FC/UPC (0,9mm)','Gudang Utama',100.00,0.00,0.00,'2020-05-16 07:14:11','2020-05-16 07:14:11'),(188,'5d9d0750-33c0-11ea-aec2-2e728ce88125','Connector SM FC/UPC (2,0mm)','Gudang Utama',100.00,0.00,0.00,'2020-05-16 07:14:11','2020-05-16 07:14:11'),(189,'5d9d0962-33c0-11ea-aec2-2e728ce88125','Connector SM FC/UPC (3,0mm)','Gudang Utama',0.00,0.00,2000.00,'2020-05-16 07:14:11','2020-10-18 12:30:23'),(190,'5d9d0b24-33c0-11ea-aec2-2e728ce88125','Connector SM LC/APC (0,9mm)','Gudang Utama',100.00,0.00,0.00,'2020-05-16 07:14:11','2020-05-16 07:14:11'),(191,'5d9d0e3a-33c0-11ea-aec2-2e728ce88125','Connector SM LC/APC (2,0mm)','Gudang Utama',100.00,0.00,8000.00,'2020-05-16 07:14:11','2020-10-18 12:31:33'),(192,'5d9d0f84-33c0-11ea-aec2-2e728ce88125','Connector SM LC/APC 3,0mm','Gudang Utama',100.00,0.00,15000.00,'2020-05-16 07:14:11','2020-10-18 12:33:29'),(193,'5d9d10ba-33c0-11ea-aec2-2e728ce88125','Connector SM LC/UPC (0,9mm)','Gudang Utama',100.00,0.00,23000.00,'2020-05-16 07:14:11','2020-10-18 12:34:20'),(194,'5d9d11f0-33c0-11ea-aec2-2e728ce88125','Connector SM LC/UPC (2,0mm)','Gudang Utama',100.00,0.00,37000.00,'2020-05-16 07:14:11','2020-10-18 12:36:52'),(195,'5d9d1628-33c0-11ea-aec2-2e728ce88125','Connector SM LC/UPC 3,0mm','Gudang Utama',100.00,0.00,19000.00,'2020-05-16 07:14:11','2020-10-18 12:37:23'),(196,'5d9d17cc-33c0-11ea-aec2-2e728ce88125','Connector SM SC/APC (0,9mm)','Gudang Utama',100.00,0.00,0.00,'2020-05-16 07:14:11','2020-05-16 07:14:11'),(197,'5d9d1af6-33c0-11ea-aec2-2e728ce88125','Connector SM SC/APC (2,0mm)','Gudang Utama',100.00,0.00,0.00,'2020-05-16 07:14:11','2020-05-16 07:14:11'),(198,'5d9d1c40-33c0-11ea-aec2-2e728ce88125','Connector SM SC/APC 3,0mm','Gudang Utama',100.00,0.00,0.00,'2020-05-16 07:14:11','2020-05-16 07:14:11'),(199,'5d9d1d76-33c0-11ea-aec2-2e728ce88125','Connector SM SC/APC 3,0mm (Tanpa Big Crimp Ring  & Dust Cups)','Gudang Utama',100.00,0.00,0.00,'2020-05-16 07:14:11','2020-05-16 07:14:11'),(200,'5d9d1eac-33c0-11ea-aec2-2e728ce88125','Connector SM SC/APC 3,0mm (Tanpa Dustcups)','Gudang Utama',100.00,0.00,0.00,'2020-05-16 07:14:11','2020-05-16 07:14:11'),(201,'5d9d2000-33c0-11ea-aec2-2e728ce88125','Connector SM SC/APC 5cm Precon Semi Assembly','Gudang Utama',100.00,0.00,0.00,'2020-05-16 07:14:11','2020-05-16 07:14:11'),(202,'5d9d2140-33c0-11ea-aec2-2e728ce88125','Connector SM SC/APC Semi Finished + Ferulle','Gudang Utama',100.00,0.00,0.00,'2020-05-16 07:14:11','2020-05-16 07:14:11'),(203,'5d9d241a-33c0-11ea-aec2-2e728ce88125','Connector SM SC/UPC (0,9mm)','Gudang Utama',100.00,0.00,54000.00,'2020-05-16 07:14:11','2020-10-18 12:37:59'),(204,'5d9d25b4-33c0-11ea-aec2-2e728ce88125','Connector SM SC/UPC (2,0mm)','Gudang Utama',100.00,0.00,47000.00,'2020-05-16 07:14:11','2020-10-18 12:43:40'),(206,'5d9d2848-33c0-11ea-aec2-2e728ce88125','Connector SM SC/UPC (3,0mm)','Gudang Utama',0.00,0.00,0.00,'2020-05-16 07:14:11','2020-05-16 07:14:11'),(207,'5d9d297e-33c0-11ea-aec2-2e728ce88125','Connector SM ST/UPC (2,0mm)','Gudang Utama',0.00,0.00,0.00,'2020-05-16 07:14:11','2020-05-16 07:14:11'),(208,'5d9d2ab4-33c0-11ea-aec2-2e728ce88125','Connector SM ST/UPC (3,0mm)','Gudang Utama',0.00,0.00,0.00,'2020-05-16 07:14:11','2020-05-16 07:14:11'),(209,'5d9d2bea-33c0-11ea-aec2-2e728ce88125','Connector SM SC/UPC 5cm Precon Semi Assembly','Gudang Utama',100.00,0.00,0.00,'2020-05-16 07:14:11','2020-05-16 07:14:11'),(210,'5d9d300e-33c0-11ea-aec2-2e728ce88125','Connector SM SC/UPC Semi Finished Include Ferulle ','Gudang Utama',100.00,0.00,0.00,'2020-05-16 07:14:11','2020-05-16 07:14:11'),(211,'5d9d3176-33c0-11ea-aec2-2e728ce88125','COUPLING NUT ST/UPC (2,00mm)','Gudang Utama',100.00,0.00,0.00,'2020-05-16 07:14:11','2020-05-16 07:14:11'),(212,'5d9d32b6-33c0-11ea-aec2-2e728ce88125','CRIMP RING LC (3,00mm)','Gudang Utama',100.00,0.00,0.00,'2020-05-16 07:14:11','2020-05-16 07:14:11'),(213,'5d9d33f6-33c0-11ea-aec2-2e728ce88125','CRIMP RING Precon SC UPC/APC Semi Assembly','Gudang Utama',100.00,0.00,0.00,'2020-05-16 07:14:11','2020-05-16 07:14:11'),(214,'5d9d3568-33c0-11ea-aec2-2e728ce88125','CRIMP RING Precon SC UPC/APC Semi Finished','Gudang Utama',100.00,0.00,0.00,'2020-05-16 07:14:11','2020-05-16 07:14:11'),(215,'5d9d382e-33c0-11ea-aec2-2e728ce88125','CRIMP RING ST UPC (2,00mm)','Gudang Utama',100.00,0.00,0.00,'2020-05-16 07:14:11','2020-05-16 07:14:11'),(216,'5d9d3ac2-33c0-11ea-aec2-2e728ce88125','Crimping Tools','Gudang Utama',100.00,0.00,0.00,'2020-05-16 07:14:11','2020-05-16 07:14:11'),(217,'5d9d7956-33c0-11ea-aec2-2e728ce88125','Cutter Besar (Kenko)','Gudang Utama',100.00,0.00,0.00,'2020-05-16 07:14:11','2020-05-16 07:14:11'),(218,'5d9d7d2a-33c0-11ea-aec2-2e728ce88125','D-clamp','Gudang Utama',100.00,0.00,0.00,'2020-05-16 07:14:11','2020-05-16 07:14:11'),(219,'5d9d7fb4-33c0-11ea-aec2-2e728ce88125','Doubletape Kecil','Gudang Utama',100.00,0.00,0.00,'2020-05-16 07:14:11','2020-05-16 07:14:11'),(220,'5d9d8162-33c0-11ea-aec2-2e728ce88125','Doubletape Sedang','Gudang Utama',100.00,0.00,0.00,'2020-05-16 07:14:11','2020-05-16 07:14:11'),(221,'5d9d84aa-33c0-11ea-aec2-2e728ce88125','Drop Cable 1 Core 100 Meter','Gudang Utama',100.00,0.00,0.00,'2020-05-16 07:14:11','2020-05-16 07:14:11'),(222,'5d9d85fe-33c0-11ea-aec2-2e728ce88125','Drop Cable 1 Core 150 Meter ','Gudang Utama',100.00,0.00,0.00,'2020-05-16 07:14:11','2020-05-16 07:14:11'),(223,'5d9d8734-33c0-11ea-aec2-2e728ce88125','Drop Cable 1 Core 200 Meter','Gudang Utama',100.00,0.00,0.00,'2020-05-16 07:14:11','2020-05-16 07:14:11'),(224,'5d9d886a-33c0-11ea-aec2-2e728ce88125','Drop Cable 1 Core 250 Meter','Gudang Utama',100.00,0.00,0.00,'2020-05-16 07:14:11','2020-05-16 07:14:11'),(225,'5d9d89a0-33c0-11ea-aec2-2e728ce88125','Drop Cable 1 Core 300 Meter','Gudang Utama',100.00,0.00,0.00,'2020-05-16 07:14:11','2020-05-16 07:14:11'),(226,'5d9d8ad6-33c0-11ea-aec2-2e728ce88125','Drop Cable 1 Core 50 Meter','Gudang Utama',100.00,0.00,0.00,'2020-05-16 07:14:11','2020-05-16 07:14:11'),(227,'5d9d8f0e-33c0-11ea-aec2-2e728ce88125','Drop Cable 1 Core 63 Meter','Gudang Utama',100.00,0.00,0.00,'2020-05-16 07:14:11','2020-05-16 07:14:11'),(228,'5d9d9094-33c0-11ea-aec2-2e728ce88125','Drop Cable 1 Core 75 Meter','Gudang Utama',100.00,0.00,0.00,'2020-05-16 07:14:11','2020-05-16 07:14:11'),(229,'5d9dadc2-33c0-11ea-aec2-2e728ce88125','Drop Cable 1 Core 80 Meter','Gudang Utama',100.00,0.00,0.00,'2020-05-16 07:14:11','2020-05-16 07:14:11'),(230,'5d9daf3e-33c0-11ea-aec2-2e728ce88125','Drop Cable 1 Core Polos','Gudang Utama',100.00,0.00,0.00,'2020-05-16 07:14:11','2020-05-16 07:14:11'),(231,'5d9db092-33c0-11ea-aec2-2e728ce88125','Drop Cable 1 Core Telkom','Gudang Utama',100.00,0.00,0.00,'2020-05-16 07:14:11','2020-05-16 07:14:11'),(232,'5d9db1d2-33c0-11ea-aec2-2e728ce88125','Dropcable 1 Core, G657A2, LSZH, 1000M FRP YOFC TelkomAkses','Gudang Utama',100.00,0.00,0.00,'2020-05-16 07:14:11','2020-05-16 07:14:11'),(233,'5d9db664-33c0-11ea-aec2-2e728ce88125','Dropcable 1 Core, GJYXFCH, LSZH, 1000M FTI','Gudang Utama',100.00,0.00,0.00,'2020-05-16 07:14:11','2020-10-18 16:17:09'),(234,'5d9db97a-33c0-11ea-aec2-2e728ce88125','Dropcable 1 Core, GJYXFCH, LSZH, 1000M HUASHIN','Gudang Utama',100.00,0.00,0.00,'2020-05-16 07:14:11','2020-05-16 07:14:11'),(235,'5d9dbaf6-33c0-11ea-aec2-2e728ce88125','Dropcable 2C 1000M','Gudang Utama',100.00,0.00,0.00,'2020-05-16 07:14:11','2020-05-16 07:14:11'),(236,'5d9dbdb2-33c0-11ea-aec2-2e728ce88125','Dropcable 2C With 2 Stell Wire.LSZH 1000M','Gudang Utama',100.00,0.00,0.00,'2020-05-16 07:14:11','2020-05-16 07:14:11'),(237,'5d9dbf2e-33c0-11ea-aec2-2e728ce88125','Dropcable 4 Core, G657A1, LSZH, TWO STEEL WIRE 1000M','Gudang Utama',100.00,0.00,0.00,'2020-05-16 07:14:11','2020-05-16 07:14:11'),(238,'5d9dc06e-33c0-11ea-aec2-2e728ce88125','DUST CAP LC Green','Gudang Utama',100.00,0.00,0.00,'2020-05-16 07:14:11','2020-05-16 07:14:11'),(239,'5d9dc352-33c0-11ea-aec2-2e728ce88125','DUST CAP LC White','Gudang Utama',100.00,0.00,0.00,'2020-05-16 07:14:11','2020-05-16 07:14:11'),(240,'5d9dc4b0-33c0-11ea-aec2-2e728ce88125','DUST CAP SC-FC-ST Green','Gudang Utama',100.00,0.00,0.00,'2020-05-16 07:14:11','2020-05-16 07:14:11'),(241,'5d9dc5f0-33c0-11ea-aec2-2e728ce88125','DUST CAP SC-FC-ST Transparent','Gudang Utama',100.00,0.00,0.00,'2020-05-16 07:14:11','2020-05-16 07:14:11'),(242,'5d9dc726-33c0-11ea-aec2-2e728ce88125','Fashconector SC/UPC Model BARU','Gudang Utama',100.00,0.00,0.00,'2020-05-16 07:14:11','2020-05-16 07:14:11'),(243,'5d9dc85c-33c0-11ea-aec2-2e728ce88125','Fashconector SC/UPC Model Lama','Gudang Utama',100.00,0.00,0.00,'2020-05-16 07:14:11','2020-05-16 07:14:11'),(244,'5d9dc992-33c0-11ea-aec2-2e728ce88125','Ferulle 125uf MM LC/PC','Gudang Utama',100.00,0.00,0.00,'2020-05-16 07:14:11','2020-05-16 07:14:11'),(245,'5d9dcef6-33c0-11ea-aec2-2e728ce88125','Ferulle 125uf SM LC/APC','Gudang Utama',100.00,0.00,0.00,'2020-05-16 07:14:11','2020-05-16 07:14:11'),(246,'5d9dd090-33c0-11ea-aec2-2e728ce88125','Ferulle 125uf SM LC/UPC','Gudang Utama',100.00,0.00,0.00,'2020-05-16 07:14:11','2020-05-16 07:14:11'),(247,'5d9dd374-33c0-11ea-aec2-2e728ce88125','Ferulle 250uf MM SC/PC - FC/PC','Gudang Utama',100.00,0.00,0.00,'2020-05-16 07:14:11','2020-05-16 07:14:11'),(248,'5d9dd4dc-33c0-11ea-aec2-2e728ce88125','Ferulle 250uf SC/APC Semi Assembly','Gudang Utama',100.00,0.00,0.00,'2020-05-16 07:14:11','2020-05-16 07:14:11'),(249,'5d9dd61c-33c0-11ea-aec2-2e728ce88125','Ferulle 250uf SC/APC Semi Finished','Gudang Utama',100.00,0.00,0.00,'2020-05-16 07:14:11','2020-05-16 07:14:11'),(250,'5d9dd8ec-33c0-11ea-aec2-2e728ce88125','Ferulle 250uf SC/UPC Semi Assembly','Gudang Utama',100.00,0.00,0.00,'2020-05-16 07:14:11','2020-05-16 07:14:11'),(251,'5d9dda5e-33c0-11ea-aec2-2e728ce88125','Ferulle 250uf SC/UPC Semi Finished','Gudang Utama',100.00,0.00,0.00,'2020-05-16 07:14:11','2020-05-16 07:14:11'),(252,'5d9ddd42-33c0-11ea-aec2-2e728ce88125','Ferulle 250uf SM SC/FC - APC','Gudang Utama',100.00,0.00,0.00,'2020-05-16 07:14:11','2020-05-16 07:14:11'),(253,'5d9ddeaa-33c0-11ea-aec2-2e728ce88125','Ferulle 250uf SM SC/FC - UPC','Gudang Utama',100.00,0.00,0.00,'2020-05-16 07:14:11','2020-07-10 06:38:14'),(254,'5d9e1f0a-33c0-11ea-aec2-2e728ce88125','Ferulle 250uf ST/UPC','Gudang Utama',100.00,0.00,0.00,'2020-05-16 07:14:11','2020-05-16 07:14:11'),(255,'5d9e20e0-33c0-11ea-aec2-2e728ce88125','Heat Shrink Cable ( Black) 3mm','Gudang Utama',100.00,0.00,0.00,'2020-05-16 07:14:11','2020-05-16 07:14:11'),(256,'5d9e223e-33c0-11ea-aec2-2e728ce88125','Heat Shrink Cable ( Black) 4mm','Gudang Utama',100.00,0.00,0.00,'2020-05-16 07:14:11','2020-05-16 07:14:11'),(257,'5d9e237e-33c0-11ea-aec2-2e728ce88125','Heat Shrink LC White','Gudang Utama',100.00,0.00,0.00,'2020-05-16 07:14:11','2020-05-16 07:14:11'),(258,'5d9e261c-33c0-11ea-aec2-2e728ce88125','Heat Shrink LC Yellow','Gudang Utama',100.00,0.00,0.00,'2020-05-16 07:14:11','2020-05-16 07:14:11'),(259,'5d9e296e-33c0-11ea-aec2-2e728ce88125','Holder SOC SC/UPC Sumitomo','Gudang Utama',100.00,0.00,0.00,'2020-05-16 07:14:11','2020-05-16 07:14:11'),(260,'5d9e2c70-33c0-11ea-aec2-2e728ce88125','HOUSING MM LC (0,9mm, 2,00mm, 3,00mm)','Gudang Utama',100.00,0.00,0.00,'2020-05-16 07:14:11','2020-05-16 07:14:11'),(261,'5d9e2dba-33c0-11ea-aec2-2e728ce88125','HOUSING MM SC (0,9mm, 2,00mm, 3,00mm)','Gudang Utama',100.00,0.00,0.00,'2020-05-16 07:14:11','2020-05-16 07:14:11'),(262,'5d9e2f04-33c0-11ea-aec2-2e728ce88125','HOUSING SM LC/APC (0,9mm, 2,00mm, 3,00mm) Green','Gudang Utama',100.00,0.00,0.00,'2020-05-16 07:14:11','2020-05-16 07:14:11'),(263,'5d9e31fc-33c0-11ea-aec2-2e728ce88125','HOUSING SM LC/UPC (0,9mm, 2,00mm, 3,00mm) Blue','Gudang Utama',100.00,0.00,0.00,'2020-05-16 07:14:11','2020-05-16 07:14:11'),(264,'5d9e336e-33c0-11ea-aec2-2e728ce88125','HOUSING SM SC/APC (0,9mm), 2,00mm, 3,00mm) Green','Gudang Utama',100.00,0.00,1200.00,'2020-05-16 07:14:11','2020-10-18 12:45:25'),(265,'5d9e34ae-33c0-11ea-aec2-2e728ce88125','HOUSING SM SC/UPC (0,9mm), 2,00mm, 3,00mm) Blue','Gudang Utama',100.00,0.00,0.00,'2020-05-16 07:14:11','2020-05-16 07:14:11'),(266,'5d9e35ee-33c0-11ea-aec2-2e728ce88125','Ink Ribbon Nomor','Gudang Utama',100.00,0.00,0.00,'2020-05-16 07:14:11','2020-05-16 07:14:11'),(267,'5d9e3724-33c0-11ea-aec2-2e728ce88125','Isi Cutter Besar','Gudang Utama',100.00,0.00,0.00,'2020-05-16 07:14:11','2020-05-16 07:14:11'),(268,'5d9e385a-33c0-11ea-aec2-2e728ce88125','Isi Cutter Kecil','Gudang Utama',100.00,0.00,0.00,'2020-05-16 07:14:11','2020-05-16 07:14:11'),(269,'5d9e3990-33c0-11ea-aec2-2e728ce88125','Jacket Purcation Tube 2mm Yellow Aramid','Gudang Utama',100.00,0.00,0.00,'2020-05-16 07:14:11','2020-05-16 07:14:11'),(270,'5d9e3c92-33c0-11ea-aec2-2e728ce88125','Kardus 10 x 22 x 22 Kecil','Gudang Utama',100.00,0.00,0.00,'2020-05-16 07:14:11','2020-05-16 07:14:11'),(271,'5d9e3dfa-33c0-11ea-aec2-2e728ce88125','Kardus 22 x 22 x 22 Sedang','Gudang Utama',100.00,0.00,0.00,'2020-05-16 07:14:11','2020-05-16 07:14:11'),(272,'5d9e4160-33c0-11ea-aec2-2e728ce88125','Kardus 60 x 39 x 25 Besar','Gudang Utama',100.00,0.00,0.00,'2020-05-16 07:14:11','2020-05-16 07:14:11'),(273,'5d9e42c8-33c0-11ea-aec2-2e728ce88125','Karet Pad 850-70 110mm (Mesin Manual)','Gudang Utama',100.00,0.00,0.00,'2020-05-16 07:14:11','2020-05-16 07:14:11'),(274,'5d9e444e-33c0-11ea-aec2-2e728ce88125','Karet Pad 850-75 110mm (Mesin Manual)','Gudang Utama',100.00,0.00,0.00,'2020-05-16 07:14:11','2020-05-16 07:14:11'),(275,'5d9e4598-33c0-11ea-aec2-2e728ce88125','Karet Pad 850-80 110mm (Mesin Manual)','Gudang Utama',100.00,0.00,0.00,'2020-05-16 07:14:11','2020-05-16 07:14:11'),(276,'5d9e46d8-33c0-11ea-aec2-2e728ce88125','Karet Pad 850-90 110mm (Mesin Manual)','Gudang Utama',100.00,0.00,0.00,'2020-05-16 07:14:11','2020-05-16 07:14:11'),(277,'5d9e4a16-33c0-11ea-aec2-2e728ce88125','Karet Pad D-9 Khu (Mesin Manual)','Gudang Utama',100.00,0.00,0.00,'2020-05-16 07:14:11','2020-05-16 07:14:11'),(278,'5d9e4b56-33c0-11ea-aec2-2e728ce88125','Karet Pad PR5X-500-70','Gudang Utama',100.00,0.00,0.00,'2020-05-16 07:14:11','2020-05-16 07:14:11'),(279,'5d9e4c96-33c0-11ea-aec2-2e728ce88125','Karet Pad PR5X-500-75','Gudang Utama',100.00,0.00,0.00,'2020-05-16 07:14:11','2020-05-16 07:14:11'),(280,'5d9e4dcc-33c0-11ea-aec2-2e728ce88125','Karet Pad PR5X-500-80','Gudang Utama',100.00,0.00,0.00,'2020-05-16 07:14:11','2020-05-16 07:14:11'),(281,'5d9e4f02-33c0-11ea-aec2-2e728ce88125','Karet Pad PR5X-500-90 (Mesin Mekanika)','Gudang Utama',100.00,0.00,0.00,'2020-05-16 07:14:11','2020-05-16 07:14:11'),(282,'5d9e5042-33c0-11ea-aec2-2e728ce88125','Karet Pad ukuran D,30 SAPO (Mesin Manual)','Gudang Utama',100.00,0.00,0.00,'2020-05-16 07:14:11','2020-05-16 07:14:11'),(283,'5d9e5236-33c0-11ea-aec2-2e728ce88125','Karet Pad ukuran D3 SAM (Mesin Manual)','Gudang Utama',100.00,0.00,0.00,'2020-05-16 07:14:11','2020-05-16 07:14:11'),(284,'5d9e5376-33c0-11ea-aec2-2e728ce88125','Karet Pad ukuran Final 0,5 (Mesin Manual)','Gudang Utama',100.00,0.00,0.00,'2020-05-16 07:14:11','2020-05-16 07:14:11'),(285,'5d9e5650-33c0-11ea-aec2-2e728ce88125','Kelvar Scissor (Tang Gunting)','Gudang Utama',100.00,0.00,0.00,'2020-05-16 07:14:11','2020-05-16 07:14:11'),(286,'5d9e57a4-33c0-11ea-aec2-2e728ce88125','Krone LSA','Gudang Utama',100.00,0.00,0.00,'2020-05-16 07:14:11','2020-05-16 07:14:11'),(287,'5d9e5934-33c0-11ea-aec2-2e728ce88125','KTB Walmount 8 C','Gudang Utama',100.00,0.00,0.00,'2020-05-16 07:14:11','2020-05-16 07:14:11'),(288,'5d9e5a7e-33c0-11ea-aec2-2e728ce88125','Label Barcode','Gudang Utama',100.00,0.00,0.00,'2020-05-16 07:14:11','2020-05-16 07:14:11'),(289,'5d9e5bbe-33c0-11ea-aec2-2e728ce88125','Label Barcode Ribbon','Gudang Utama',100.00,0.00,0.00,'2020-05-16 07:14:11','2020-05-16 07:14:11'),(290,'5d9e5cfe-33c0-11ea-aec2-2e728ce88125','Lakban Bening Besar','Gudang Utama',100.00,0.00,0.00,'2020-05-16 07:14:11','2020-05-16 07:14:11'),(291,'5d9e5f92-33c0-11ea-aec2-2e728ce88125','Lakban Bening Kecil','Gudang Utama',100.00,0.00,0.00,'2020-05-16 07:14:11','2020-05-16 07:14:11'),(292,'5d9e6604-33c0-11ea-aec2-2e728ce88125','Lakban Bening Sedang','Gudang Utama',100.00,0.00,0.00,'2020-05-16 07:14:11','2020-05-16 07:14:11'),(293,'5d9e6820-33c0-11ea-aec2-2e728ce88125','Lakban Coklat Besar','Gudang Utama',100.00,0.00,0.00,'2020-05-16 07:14:11','2020-05-16 07:14:11'),(294,'5d9e6988-33c0-11ea-aec2-2e728ce88125','Lakban Fragile ( Merah )','Gudang Utama',100.00,0.00,0.00,'2020-05-16 07:14:11','2020-05-16 07:14:11'),(295,'5d9e6abe-33c0-11ea-aec2-2e728ce88125','Lakban Isolasi Hitam','Gudang Utama',100.00,0.00,0.00,'2020-05-16 07:14:11','2020-05-16 07:14:11'),(296,'5d9e6c08-33c0-11ea-aec2-2e728ce88125','Lakban Kertas kecil','Gudang Utama',100.00,0.00,0.00,'2020-05-16 07:14:11','2020-05-16 07:14:11'),(297,'5d9e6f32-33c0-11ea-aec2-2e728ce88125','Lakban Kertas Sedang','Gudang Utama',100.00,0.00,0.00,'2020-05-16 07:14:11','2020-05-16 07:14:11'),(298,'5d9e707c-33c0-11ea-aec2-2e728ce88125','Lakban Putih Susu','Gudang Utama',100.00,0.00,0.00,'2020-05-16 07:14:11','2020-05-16 07:14:11'),(299,'5d9e71b2-33c0-11ea-aec2-2e728ce88125','Lan Tester','Gudang Utama',100.00,0.00,0.00,'2020-05-16 07:14:11','2020-05-16 07:14:11'),(300,'5d9e73ce-33c0-11ea-aec2-2e728ce88125','Lem Epoxy (Lem Bundle) A & B','Gudang Utama',100.00,0.00,0.00,'2020-05-16 07:14:11','2020-05-16 07:14:11'),(301,'5d9e7554-33c0-11ea-aec2-2e728ce88125','Lem Epoxy AB ( KIT )','Gudang Utama',100.00,0.00,0.00,'2020-05-16 07:14:11','2020-05-16 07:14:11'),(302,'5d9e76d0-33c0-11ea-aec2-2e728ce88125','Lem Korea One Drop','Gudang Utama',100.00,0.00,0.00,'2020-05-16 07:14:11','2020-05-16 07:14:11'),(303,'5d9e781a-33c0-11ea-aec2-2e728ce88125','Marker Number Bening','Gudang Utama',100.00,0.00,0.00,'2020-05-16 07:14:11','2020-05-16 07:14:11'),(304,'5d9e7afe-33c0-11ea-aec2-2e728ce88125','Marker Number Hitam','Gudang Utama',100.00,0.00,0.00,'2020-05-16 07:14:11','2020-05-16 07:14:11'),(305,'5d9e7edc-33c0-11ea-aec2-2e728ce88125','Marker Number Putih 2mm','Gudang Utama',100.00,0.00,0.00,'2020-05-16 07:14:11','2020-05-16 07:14:11'),(306,'5d9e8152-33c0-11ea-aec2-2e728ce88125','Mata Bor Nankai','Gudang Utama',100.00,0.00,0.00,'2020-05-16 07:14:11','2020-05-16 07:14:11'),(307,'5d9e82ba-33c0-11ea-aec2-2e728ce88125','Media Converter 10/100','Gudang Utama',100.00,0.00,0.00,'2020-05-16 07:14:11','2020-05-16 07:14:11'),(308,'5d9e8404-33c0-11ea-aec2-2e728ce88125','Media Converter 10/100 ( B )','Gudang Utama',100.00,0.00,0.00,'2020-05-16 07:14:11','2020-05-16 07:14:11'),(309,'5d9e8742-33c0-11ea-aec2-2e728ce88125','Media converter 10/1000','Gudang Utama',100.00,0.00,0.00,'2020-05-16 07:14:11','2020-05-16 07:14:11'),(310,'5d9e88b4-33c0-11ea-aec2-2e728ce88125','Mesin Cek Polishing','Gudang Utama',100.00,0.00,0.00,'2020-05-16 07:14:11','2020-05-16 07:14:11'),(311,'5d9e89fe-33c0-11ea-aec2-2e728ce88125','Mesin Manual','Gudang Utama',100.00,0.00,0.00,'2020-05-16 07:14:11','2020-05-16 07:14:11'),(312,'5d9e8b34-33c0-11ea-aec2-2e728ce88125','Mesin Mechanical','Gudang Utama',100.00,0.00,0.00,'2020-05-16 07:14:11','2020-05-16 07:14:11'),(313,'5d9e8c74-33c0-11ea-aec2-2e728ce88125','Mesin Oven','Gudang Utama',100.00,0.00,0.00,'2020-05-16 07:14:11','2020-05-16 07:14:11'),(314,'5d9e8daa-33c0-11ea-aec2-2e728ce88125','Mesin Pemeriksa DB','Gudang Utama',100.00,0.00,0.00,'2020-05-16 07:14:11','2020-05-16 07:14:11'),(315,'5d9e90d4-33c0-11ea-aec2-2e728ce88125','Mesin Press','Gudang Utama',100.00,0.00,0.00,'2020-05-16 07:14:11','2020-05-16 07:14:11'),(316,'5d9e9246-33c0-11ea-aec2-2e728ce88125','Mesin Print Number','Gudang Utama',100.00,0.00,0.00,'2020-05-16 07:14:11','2020-05-16 07:14:11'),(317,'5d9e9386-33c0-11ea-aec2-2e728ce88125','Mesin Suntikan Lem','Gudang Utama',100.00,0.00,0.00,'2020-05-16 07:14:11','2020-05-16 07:14:11'),(318,'5d9e94bc-33c0-11ea-aec2-2e728ce88125','Minyak Kayu Putih','Gudang Utama',100.00,0.00,0.00,'2020-05-16 07:14:11','2020-05-16 07:14:11'),(319,'5d9e9714-33c0-11ea-aec2-2e728ce88125','Minyak Kompresor','Gudang Utama',100.00,0.00,0.00,'2020-05-16 07:14:11','2020-05-16 07:14:11'),(320,'5d9e9854-33c0-11ea-aec2-2e728ce88125','MM OM2 DUCT CABLE ARMORED 12 Core/GYFA-12OM2/2Tube','Gudang Utama',100.00,0.00,0.00,'2020-05-16 07:14:11','2020-05-16 07:14:11'),(321,'5d9e9994-33c0-11ea-aec2-2e728ce88125','MM OM2 DUCT CABLE ARMORED 24 Core/GYFA-24OM2/4Tube','Gudang Utama',100.00,0.00,0.00,'2020-05-16 07:14:11','2020-05-16 07:14:11'),(322,'5d9e9caa-33c0-11ea-aec2-2e728ce88125','MM OM2 DUCT CABLE ARMORED 48 Core/GYFA-48OM2/4Tube','Gudang Utama',100.00,0.00,0.00,'2020-05-16 07:14:11','2020-05-16 07:14:11'),(323,'5d9e9e12-33c0-11ea-aec2-2e728ce88125','MM OM2 DUCT CABLE ARMORED 6 Core/GYFA-6OM2/1Tube','Gudang Utama',100.00,0.00,0.00,'2020-05-16 07:14:11','2020-05-16 07:14:11'),(324,'5d9e9f66-33c0-11ea-aec2-2e728ce88125','NUT FC (0,9mm)','Gudang Utama',100.00,0.00,0.00,'2020-05-16 07:14:11','2020-05-16 07:14:11'),(325,'5d9ea0a6-33c0-11ea-aec2-2e728ce88125','NUT FC (2,00mm, 3,00mm)','Gudang Utama',100.00,0.00,0.00,'2020-05-16 07:14:11','2020-05-16 07:14:11'),(326,'5d9ea1dc-33c0-11ea-aec2-2e728ce88125','ODC 48 Core','Gudang Utama',100.00,0.00,0.00,'2020-05-16 07:14:11','2020-05-16 07:14:11'),(327,'5d9ea312-33c0-11ea-aec2-2e728ce88125','ODC Mini 96C/ODP 96C','Gudang Utama',100.00,0.00,0.00,'2020-05-16 07:14:11','2020-05-16 07:14:11'),(328,'5d9ea5e2-33c0-11ea-aec2-2e728ce88125','ODP 12 Core Kosongan ','Gudang Utama',100.00,0.00,0.00,'2020-05-16 07:14:11','2020-05-16 07:14:11'),(329,'5d9ea754-33c0-11ea-aec2-2e728ce88125','ODP 12 Core Pole','Gudang Utama',100.00,0.00,0.00,'2020-05-16 07:14:11','2020-05-16 07:14:11'),(330,'5d9ea894-33c0-11ea-aec2-2e728ce88125','ODP 12 Core YOFC','Gudang Utama',100.00,0.00,0.00,'2020-05-16 07:14:11','2020-05-16 07:14:11'),(331,'5d9ea9d4-33c0-11ea-aec2-2e728ce88125','ODP 12 Core YOFC Tanpa Pigtail SC/APC','Gudang Utama',100.00,0.00,1000.00,'2020-05-16 07:14:11','2020-10-14 12:07:23'),(332,'5d9eab0a-33c0-11ea-aec2-2e728ce88125','ODP 12 Core YOFC Tanpa Pigtail+Kardus+Kunci SC/APC','Gudang Utama',100.00,0.00,0.00,'2020-05-16 07:14:11','2020-05-16 07:14:11'),(333,'5d9eac40-33c0-11ea-aec2-2e728ce88125','ODP 16 Core ( TIS )','Gudang Utama',100.00,0.00,0.00,'2020-05-16 07:14:11','2020-05-16 07:14:11'),(334,'5d9eaefc-33c0-11ea-aec2-2e728ce88125','ODP 16 Core (Polos)','Gudang Utama',100.00,0.00,0.00,'2020-05-16 07:14:11','2020-05-16 07:14:11'),(335,'5d9eb0a0-33c0-11ea-aec2-2e728ce88125','ODP 16 Core (Sunsea)','Gudang Utama',100.00,0.00,0.00,'2020-05-16 07:14:11','2020-05-16 07:14:11'),(336,'5d9eb1f4-33c0-11ea-aec2-2e728ce88125','ODP 16 Core CA (Huawei) Black','Gudang Utama',100.00,0.00,0.00,'2020-05-16 07:14:11','2020-05-16 07:14:11'),(337,'5d9eb32a-33c0-11ea-aec2-2e728ce88125','ODP 24 Core ( No Brand ) Tanpa Kunci','Gudang Utama',100.00,0.00,0.00,'2020-05-16 07:14:11','2020-05-16 07:14:11'),(338,'5d9eb46a-33c0-11ea-aec2-2e728ce88125','ODP 24 Core SC/APC','Gudang Utama',100.00,0.00,0.00,'2020-05-16 07:14:11','2020-05-16 07:14:11'),(339,'5d9eb636-33c0-11ea-aec2-2e728ce88125','ODP 24 Core YOFC Tanpa Kardus SC/UPC','Gudang Utama',100.00,0.00,0.00,'2020-05-16 07:14:11','2020-05-16 07:14:11'),(340,'5d9eb794-33c0-11ea-aec2-2e728ce88125','ODP 24 Core YOFC Tanpa Kunci+Kardus SC/UPC','Gudang Utama',100.00,0.00,0.00,'2020-05-16 07:14:11','2020-05-16 07:14:11'),(341,'5d9ebaaa-33c0-11ea-aec2-2e728ce88125','ODP 24 Core YOFC Tanpa Pigtail SC/UPC ','Gudang Utama',100.00,0.00,0.00,'2020-05-16 07:14:11','2020-05-16 07:14:11'),(342,'5d9ebc08-33c0-11ea-aec2-2e728ce88125','ODP Solid 8 Core + Splitter 1:8 SC/UPC Auto Shutter','Gudang Utama',100.00,0.00,0.00,'2020-05-16 07:14:11','2020-05-16 07:14:11'),(343,'5d9ebd3e-33c0-11ea-aec2-2e728ce88125','ODP/FAT 12 Core SC/UPC ','Gudang Utama',100.00,0.00,0.00,'2020-05-16 07:14:11','2020-05-16 07:14:11'),(344,'5d9ebe7e-33c0-11ea-aec2-2e728ce88125','OLS J4','Gudang Utama',100.00,0.00,0.00,'2020-05-16 07:14:11','2020-05-16 07:14:11'),(345,'5d9ebfb4-33c0-11ea-aec2-2e728ce88125','ONT ZTE Versi 3','Gudang Utama',100.00,0.00,0.00,'2020-05-16 07:14:11','2020-05-16 07:14:11'),(346,'5d9ec0f4-33c0-11ea-aec2-2e728ce88125','Optical Light Source (OLS) JW','Gudang Utama',100.00,0.00,0.00,'2020-05-16 07:14:11','2020-05-16 07:14:11'),(347,'5d9ec3ba-33c0-11ea-aec2-2e728ce88125','Optical Power Meter (AMG)','Gudang Utama',100.00,0.00,0.00,'2020-05-16 07:14:11','2020-05-16 07:14:11'),(348,'5d9ec7ca-33c0-11ea-aec2-2e728ce88125','Optical Power Meter (No Brand)','Gudang Utama',100.00,0.00,0.00,'2020-05-16 07:14:11','2020-05-16 07:14:11'),(349,'5d9ec950-33c0-11ea-aec2-2e728ce88125','Optical Power Meter JoinWitt','Gudang Utama',100.00,0.00,0.00,'2020-05-16 07:14:11','2020-05-16 07:14:11'),(350,'5d9ecaa4-33c0-11ea-aec2-2e728ce88125','OTB 24 Core SC (Hitam)','Gudang Utama',100.00,0.00,0.00,'2020-05-16 07:14:11','2020-05-16 07:14:11'),(351,'5d9ecbe4-33c0-11ea-aec2-2e728ce88125','OTB 24 Core SC (Krim)','Gudang Utama',100.00,0.00,0.00,'2020-05-16 07:14:11','2020-05-16 07:14:11'),(352,'5d9ecd1a-33c0-11ea-aec2-2e728ce88125','OTB 24 Core SC/APC (No Brand)','Gudang Utama',100.00,0.00,0.00,'2020-05-16 07:14:11','2020-05-16 07:14:11'),(353,'5d9ece50-33c0-11ea-aec2-2e728ce88125','OTB 48 Core SC/APC (No Brand)','Gudang Utama',100.00,0.00,0.00,'2020-05-16 07:14:11','2020-05-16 07:14:11'),(354,'5d9ed134-33c0-11ea-aec2-2e728ce88125','OTB 48 Core SC/APC (No Brand) Kunci Rusak','Gudang Utama',100.00,0.00,0.00,'2020-05-16 07:14:11','2020-05-16 07:14:11'),(355,'5d9ed27e-33c0-11ea-aec2-2e728ce88125','OTB RACK 12 Core SC/UPC Tanpa Pigtail ( PAZ )','Gudang Utama',100.00,0.00,0.00,'2020-05-16 07:14:11','2020-05-16 07:14:11'),(356,'5d9ed3be-33c0-11ea-aec2-2e728ce88125','OTB RACK 24 Core SC/UPC Tanpa Pigtail ( PAZ )','Gudang Utama',100.00,0.00,0.00,'2020-05-16 07:14:11','2020-05-16 07:14:11'),(357,'5d9ed4f4-33c0-11ea-aec2-2e728ce88125','OTB RACK 48 Core SC/UPC Tanpa Pigtail ( PAZ )','Gudang Utama',100.00,0.00,0.00,'2020-05-16 07:14:11','2020-05-16 07:14:11'),(358,'5d9ed666-33c0-11ea-aec2-2e728ce88125','OTB Rack Splitter PLC 1:32 SC/APC','Gudang Utama',100.00,0.00,0.00,'2020-05-16 07:14:11','2020-05-16 07:14:11'),(359,'5d9ed7d8-33c0-11ea-aec2-2e728ce88125','Paku beton','Gudang Utama',100.00,0.00,0.00,'2020-05-16 07:14:11','2020-05-16 07:14:11'),(360,'5d9edb0c-33c0-11ea-aec2-2e728ce88125','Paladin Buffer Stripper','Gudang Utama',100.00,0.00,0.00,'2020-05-16 07:14:11','2020-05-16 07:14:11'),(361,'5d9edd00-33c0-11ea-aec2-2e728ce88125','Palu Kecil ( CAB )','Gudang Utama',100.00,0.00,0.00,'2020-05-16 07:14:11','2020-05-16 07:14:11'),(362,'5d9ede5e-33c0-11ea-aec2-2e728ce88125','Pantong','Gudang Utama',100.00,0.00,0.00,'2020-05-16 07:14:11','2020-05-16 07:14:11'),(363,'5d9edfa8-33c0-11ea-aec2-2e728ce88125','Patchcord MM DX Out Door LC/UPC-LC/UPC 10m Heat Shrink Kuning','Gudang Utama',100.00,0.00,1500.00,'2020-05-16 07:14:11','2020-10-18 17:15:39'),(364,'5d9ee142-33c0-11ea-aec2-2e728ce88125','Patchcord MM DX Out Door SC/UPC-LC/UPC 10m Heat Shrink Kuning','Gudang Utama',100.00,0.00,1499.00,'2020-05-16 07:14:11','2020-10-18 17:16:04'),(365,'5d9ee282-33c0-11ea-aec2-2e728ce88125','Patchcord MM DX Out Door SC/UPC-LC/UPC 5m Heat Shrink Hitam PAZ','Gudang Utama',100.00,0.00,-2.00,'2020-05-16 07:14:11','2020-10-18 16:22:33'),(366,'5d9ee3c2-33c0-11ea-aec2-2e728ce88125','Patchcord MM DX Out Door SC/UPC-SC/UPC 5m Heat Shrink Hitam','Gudang Utama',100.00,0.00,-1.00,'2020-05-16 07:14:11','2020-10-18 16:22:33'),(367,'5d9ee6ba-33c0-11ea-aec2-2e728ce88125','Patchcord MM DX Out Door SC/UPC-SC/UPC 5m Heat Shrink Kuning','Gudang Utama',100.00,0.00,0.00,'2020-05-16 07:14:11','2020-05-16 07:14:11'),(368,'5d9ee80e-33c0-11ea-aec2-2e728ce88125','Patchcord MM OM1 DX (2,0mm) LC/PC-LC/PC 3m ','Gudang Utama',100.00,0.00,2000.00,'2020-05-16 07:14:11','2020-10-18 16:17:09'),(369,'5d9ee94e-33c0-11ea-aec2-2e728ce88125','Patchcord MM OM1 DX (3,0mm) SC/UPC-ST/UPC 3m','Gudang Utama',100.00,0.00,1500.00,'2020-05-16 07:14:11','2020-10-18 16:17:09'),(370,'5d9eea84-33c0-11ea-aec2-2e728ce88125','Patchcord MM OM1 SX (2,0mm) FC/UPC-LC/UPC 10m','Gudang Utama',100.00,0.00,1500.00,'2020-05-16 07:14:11','2020-10-14 11:50:31'),(371,'5d9eebc4-33c0-11ea-aec2-2e728ce88125','Patchcord MM OM1 SX (2,0mm) FC/UPC-LC/UPC 15m','Gudang Utama',100.00,0.00,1500.00,'2020-05-16 07:14:11','2020-10-14 11:50:59'),(372,'5d9eecfa-33c0-11ea-aec2-2e728ce88125','Patchcord MM OM1 SX (2,0mm) FC/UPC-LC/UPC 20m','Gudang Utama',100.00,0.00,2000.00,'2020-05-16 07:14:11','2020-10-14 12:01:52'),(373,'5d9ef056-33c0-11ea-aec2-2e728ce88125','Patchcord MM OM1 SX (2,0mm) FC/UPC-LC/UPC 30m','Gudang Utama',100.00,0.00,5000.00,'2020-05-16 07:14:11','2020-10-14 12:05:56'),(374,'5d9ef1c8-33c0-11ea-aec2-2e728ce88125','Patchcord MM OM1 SX (2,0mm) FC/UPC-LC/UPC 40m ','Gudang Utama',100.00,0.00,0.00,'2020-05-16 07:14:11','2020-05-16 07:14:11'),(375,'5d9ef312-33c0-11ea-aec2-2e728ce88125','Patchcord MM OM1 SX (2,0mm) LC/UPC-LC/UPC 10m ','Gudang Utama',100.00,0.00,0.00,'2020-05-16 07:14:11','2020-05-16 07:14:11'),(376,'5d9ef448-33c0-11ea-aec2-2e728ce88125','Patchcord MM OM1 SX (2,0mm) LC/UPC-LC/UPC 15m','Gudang Utama',100.00,0.00,0.00,'2020-05-16 07:14:11','2020-05-16 07:14:11'),(377,'5d9ef57e-33c0-11ea-aec2-2e728ce88125','Patchcord MM OM1 SX (2,0mm) LC/UPC-LC/UPC 20m','Gudang Utama',100.00,0.00,0.00,'2020-05-16 07:14:11','2020-05-16 07:14:11'),(378,'5d9ef6be-33c0-11ea-aec2-2e728ce88125','Patchcord MM OM1 SX (2,0mm) LC/UPC-LC/UPC 25m ','Gudang Utama',100.00,0.00,0.00,'2020-05-16 07:14:11','2020-05-16 07:14:11'),(379,'5d9ef7f4-33c0-11ea-aec2-2e728ce88125','Patchcord MM OM1 SX (2,0mm) LC/UPC-LC/UPC 30m','Gudang Utama',100.00,0.00,0.00,'2020-05-16 07:14:11','2020-05-16 07:14:11'),(380,'5d9efc36-33c0-11ea-aec2-2e728ce88125','Patchcord MM OM1 SX (2,0mm) LC/UPC-LC/UPC 3m','Gudang Utama',100.00,0.00,0.00,'2020-05-16 07:14:11','2020-05-16 07:14:11'),(381,'5d9efe70-33c0-11ea-aec2-2e728ce88125','Patchcord MM OM1 SX (2,0mm) LC/UPC-LC/UPC 5m','Gudang Utama',100.00,0.00,0.00,'2020-05-16 07:14:11','2020-05-16 07:14:11'),(382,'5d9f000a-33c0-11ea-aec2-2e728ce88125','Patchcord MM OM1 SX (2,0mm) LC/UPC-LC/UPC 60m','Gudang Utama',100.00,0.00,0.00,'2020-05-16 07:14:11','2020-05-16 07:14:11'),(383,'5d9f014a-33c0-11ea-aec2-2e728ce88125','Patchcord MM OM1 SX (2,0mm) SC/UPC-LC/UPC 10m','Gudang Utama',100.00,0.00,0.00,'2020-05-16 07:14:11','2020-05-16 07:14:11'),(384,'5d9f0280-33c0-11ea-aec2-2e728ce88125','Patchcord MM OM1 SX (2,0mm) SC/UPC-LC/UPC 20m','Gudang Utama',100.00,0.00,0.00,'2020-05-16 07:14:11','2020-05-16 07:14:11'),(385,'5d9f0442-33c0-11ea-aec2-2e728ce88125','Patchcord MM OM1 SX (2,0mm) SC/UPC-LC/UPC 50m','Gudang Utama',100.00,0.00,0.00,'2020-05-16 07:14:11','2020-05-16 07:14:11'),(386,'5d9f0712-33c0-11ea-aec2-2e728ce88125','Patchcord MM OM1 SX (2,0mm) SC/UPC-SC/UPC 1m','Gudang Utama',100.00,0.00,0.00,'2020-05-16 07:14:11','2020-05-16 07:14:11'),(387,'5d9f0866-33c0-11ea-aec2-2e728ce88125','Patchcord MM OM1 SX (2,0mm) ST/UPC-ST/UPC 10m','Gudang Utama',100.00,0.00,0.00,'2020-05-16 07:14:11','2020-05-16 07:14:11'),(388,'5d9f09b0-33c0-11ea-aec2-2e728ce88125','Patchcord MM OM1 SX (3,0mm) LC/UPC-LC/UPC 50m','Gudang Utama',100.00,0.00,0.00,'2020-05-16 07:14:11','2020-05-16 07:14:11'),(389,'5d9f0ae6-33c0-11ea-aec2-2e728ce88125','Patchcord MM OM2 DX (2,0mm) FC/PC-LC/PC 15m','Gudang Utama',100.00,0.00,0.00,'2020-05-16 07:14:11','2020-05-16 07:14:11'),(390,'5d9f0c1c-33c0-11ea-aec2-2e728ce88125','Patchcord MM OM2 DX (2,0mm) LC/PC-LC/PC 10m ','Gudang Utama',100.00,0.00,0.00,'2020-05-16 07:14:11','2020-05-16 07:14:11'),(391,'5d9f0d52-33c0-11ea-aec2-2e728ce88125','Patchcord MM OM2 DX (2,0mm) LC/PC-LC/PC 2m','Gudang Utama',100.00,0.00,0.00,'2020-05-16 07:14:11','2020-05-16 07:14:11'),(392,'5d9f1040-33c0-11ea-aec2-2e728ce88125','Patchcord MM OM2 DX (2,0mm) LC/PC-LC/PC 30m','Gudang Utama',100.00,0.00,0.00,'2020-05-16 07:14:11','2020-05-16 07:14:11'),(393,'5d9f11b2-33c0-11ea-aec2-2e728ce88125','Patchcord MM OM2 DX (2,0mm) SC/PC-LC/PC 15m','Gudang Utama',100.00,0.00,0.00,'2020-05-16 07:14:11','2020-05-16 07:14:11'),(394,'5d9f12fc-33c0-11ea-aec2-2e728ce88125','Patchcord MM OM2 DX (2,0mm) SC/PC-LC/PC 1m','Gudang Utama',100.00,0.00,0.00,'2020-05-16 07:14:11','2020-05-16 07:14:11'),(395,'5d9f1432-33c0-11ea-aec2-2e728ce88125','Patchcord MM OM2 DX (2,0mm) SC/PC-SC/PC 1m','Gudang Utama',100.00,0.00,0.00,'2020-05-16 07:14:11','2020-05-16 07:14:11'),(396,'5d9f1568-33c0-11ea-aec2-2e728ce88125','Patchcord MM OM2 DX (2,0mm) SC/PC-SC/PC 2m','Gudang Utama',100.00,0.00,0.00,'2020-05-16 07:14:11','2020-05-16 07:14:11'),(397,'5d9f16a8-33c0-11ea-aec2-2e728ce88125','Patchcord MM OM2 DX (2,0mm) SC/UPC-LC/UPC 2m','Gudang Utama',100.00,0.00,0.00,'2020-05-16 07:14:11','2020-05-16 07:14:11'),(398,'5d9f1950-33c0-11ea-aec2-2e728ce88125','Patchcord MM OM2 DX (3,0mm) ST/UPC-LC/UPC 1m','Gudang Utama',100.00,0.00,0.00,'2020-05-16 07:14:11','2020-05-16 07:14:11'),(399,'5d9f1aae-33c0-11ea-aec2-2e728ce88125','Patchcord MM OM2 DX (3,0mm) ST/UPC-ST/UPC 5m','Gudang Utama',100.00,0.00,0.00,'2020-05-16 07:14:11','2020-05-16 07:14:11'),(400,'5d9f1bee-33c0-11ea-aec2-2e728ce88125','Patchcord MM OM2 SX (2,0mm) SC/UPC-SC/UPC 2m','Gudang Utama',100.00,0.00,0.00,'2020-05-16 07:14:11','2020-05-16 07:14:11'),(401,'5d9f1d24-33c0-11ea-aec2-2e728ce88125','Patchcord MM OM2 SX (3,0mm) SC/UPC-SC/UPC 3m','Gudang Utama',100.00,0.00,0.00,'2020-05-16 07:14:11','2020-05-16 07:14:11'),(402,'5d9f1e64-33c0-11ea-aec2-2e728ce88125','Patchcord MM OM3 DX (2,0mm) LC/PC-LC/PC 100m','Gudang Utama',100.00,0.00,0.00,'2020-05-16 07:14:11','2020-05-16 07:14:11'),(403,'5d9f1f9a-33c0-11ea-aec2-2e728ce88125','Patchcord MM OM3 DX (2,0mm) LC/PC-LC/PC 10m','Gudang Utama',100.00,0.00,0.00,'2020-05-16 07:14:11','2020-05-16 07:14:11'),(404,'5d9f2256-33c0-11ea-aec2-2e728ce88125','Patchcord MM OM3 DX (2,0mm) LC/PC-LC/PC 1m Aqua','Gudang Utama',100.00,0.00,0.00,'2020-05-16 07:14:11','2020-05-16 07:14:11'),(405,'5d9f23b4-33c0-11ea-aec2-2e728ce88125','Patchcord MM OM3 DX (2,0mm) LC/PC-LC/PC 20m Aqua','Gudang Utama',100.00,0.00,0.00,'2020-05-16 07:14:11','2020-05-16 07:14:11'),(406,'5d9f24f4-33c0-11ea-aec2-2e728ce88125','Patchcord MM OM3 DX (2,0mm) LC/PC-LC/PC 25m Aqua','Gudang Utama',100.00,0.00,0.00,'2020-05-16 07:14:11','2020-05-16 07:14:11'),(407,'5d9f262a-33c0-11ea-aec2-2e728ce88125','Patchcord MM OM3 DX (2,0mm) LC/PC-LC/PC 30m Aqua ','Gudang Utama',100.00,0.00,0.00,'2020-05-16 07:14:11','2020-05-16 07:14:11'),(408,'5d9f276a-33c0-11ea-aec2-2e728ce88125','Patchcord MM OM3 DX (2,0mm) LC/PC-LC/PC 3m Aqua','Gudang Utama',100.00,0.00,0.00,'2020-05-16 07:14:11','2020-05-16 07:14:11'),(409,'5d9f28a0-33c0-11ea-aec2-2e728ce88125','Patchcord MM OM3 DX (2,0mm) LC/PC-LC/PC 50m Aqua','Gudang Utama',100.00,0.00,0.00,'2020-05-16 07:14:11','2020-05-16 07:14:11'),(410,'5d9f2bfc-33c0-11ea-aec2-2e728ce88125','Patchcord MM OM3 DX (2,0mm) LC/PC-LC/PC 5m','Gudang Utama',100.00,0.00,0.00,'2020-05-16 07:14:11','2020-05-16 07:14:11'),(411,'5d9f2db4-33c0-11ea-aec2-2e728ce88125','Patchcord MM OM3 DX (2,0mm) SC/PC-LC/PC 15m Aqua','Gudang Utama',100.00,0.00,0.00,'2020-05-16 07:14:11','2020-05-16 07:14:11'),(412,'5d9f2f08-33c0-11ea-aec2-2e728ce88125','Patchcord MM OM3 DX (2,0mm) SC/PC-LC/PC 20m Aqua','Gudang Utama',100.00,0.00,0.00,'2020-05-16 07:14:11','2020-05-16 07:14:11'),(413,'5d9f3048-33c0-11ea-aec2-2e728ce88125','Patchcord MM OM3 DX (2,0mm) SC/PC-LC/PC 30m Aqua','Gudang Utama',100.00,0.00,0.00,'2020-05-16 07:14:11','2020-05-16 07:14:11'),(414,'5d9f317e-33c0-11ea-aec2-2e728ce88125','Patchcord MM OM4 DX (2,0mm) FC/PC-LC/PC 15m Biru','Gudang Utama',100.00,0.00,0.00,'2020-05-16 07:14:11','2020-05-16 07:14:11'),(415,'5d9f32e6-33c0-11ea-aec2-2e728ce88125','Patchcord MM OM4 DX (2,0mm) LC/PC-LC/PC 10m Biru','Gudang Utama',100.00,0.00,0.00,'2020-05-16 07:14:11','2020-05-16 07:14:11'),(416,'5d9f3610-33c0-11ea-aec2-2e728ce88125','Patchcord MM OM4 DX (2,0mm) LC/PC-LC/PC 20m Biru','Gudang Utama',100.00,0.00,0.00,'2020-05-16 07:14:11','2020-05-16 07:14:11'),(417,'5d9f38fe-33c0-11ea-aec2-2e728ce88125','Patchcord MM SM DX (2,0mm) FC/UPC-FC/UPC 10m','Gudang Utama',100.00,0.00,1.00,'2020-05-16 07:14:11','2020-10-18 13:40:58'),(418,'5d9f3a5c-33c0-11ea-aec2-2e728ce88125','Patchcord SM DX (2,0mm) FC/UPC-FC/UPC 3m','Gudang Utama',100.00,0.00,0.00,'2020-05-16 07:14:11','2020-05-16 07:14:11'),(419,'5d9f3b9c-33c0-11ea-aec2-2e728ce88125','Patchcord SM DX (2,0mm) FC/UPC-LC/UPC 10m','Gudang Utama',100.00,0.00,1.00,'2020-05-16 07:14:11','2020-10-18 13:43:28'),(420,'5d9f3cd2-33c0-11ea-aec2-2e728ce88125','Patchcord SM DX (2,0mm) FC/UPC-LC/UPC 15m','Gudang Utama',100.00,0.00,3.00,'2020-05-16 07:14:11','2020-10-18 13:45:28'),(421,'5d9f3eb2-33c0-11ea-aec2-2e728ce88125','Patchcord SM DX (2,0mm) FC/UPC-LC/UPC 20m','Gudang Utama',100.00,0.00,0.00,'2020-05-16 07:14:11','2020-05-16 07:14:11'),(422,'5d9f4006-33c0-11ea-aec2-2e728ce88125','Patchcord SM DX (2,0mm) FC/UPC-LC/UPC 30m','Gudang Utama',100.00,0.00,0.00,'2020-05-16 07:14:11','2020-05-16 07:14:11'),(423,'5d9f43e4-33c0-11ea-aec2-2e728ce88125','Patchcord SM DX (2,0mm) FC/UPC-LC/UPC 3m','Gudang Utama',100.00,0.00,1.00,'2020-05-16 07:14:11','2020-10-18 13:47:37'),(424,'5d9f45c4-33c0-11ea-aec2-2e728ce88125','Patchcord SM DX (2,0mm) FC/UPC-LC/UPC 5m','Gudang Utama',100.00,0.00,0.00,'2020-05-16 07:14:11','2020-05-16 07:14:11'),(425,'5d9f472c-33c0-11ea-aec2-2e728ce88125','Patchcord SM DX (2,0mm) FC/UPC-LC/UPC 7m','Gudang Utama',100.00,0.00,1.00,'2020-05-16 07:14:11','2020-10-18 13:49:46'),(426,'5d9f489e-33c0-11ea-aec2-2e728ce88125','Patchcord SM DX (2,0mm) LC/UPC-LC/UPC 1,5m','Gudang Utama',100.00,0.00,0.00,'2020-05-16 07:14:11','2020-05-16 07:14:11'),(427,'5d9f49de-33c0-11ea-aec2-2e728ce88125','Patchcord SM DX (2,0mm) LC/UPC-LC/UPC 10m','Gudang Utama',100.00,0.00,2.00,'2020-05-16 07:14:11','2020-10-18 13:51:24'),(428,'5d9f4b1e-33c0-11ea-aec2-2e728ce88125','Patchcord SM DX (2,0mm) LC/UPC-LC/UPC 1m','Gudang Utama',100.00,0.00,0.00,'2020-05-16 07:14:11','2020-05-16 07:14:11'),(429,'5d9f4dc6-33c0-11ea-aec2-2e728ce88125','Patchcord SM DX (2,0mm) LC/UPC-LC/UPC 20m','Gudang Utama',100.00,0.00,2.00,'2020-05-16 07:14:11','2020-10-18 13:52:45'),(430,'5d9f4f2e-33c0-11ea-aec2-2e728ce88125','Patchcord SM DX (2,0mm) LC/UPC-LC/UPC 25m','Gudang Utama',100.00,0.00,11.00,'2020-05-16 07:14:11','2020-10-18 13:53:53'),(431,'5d9f506e-33c0-11ea-aec2-2e728ce88125','Patchcord SM DX (2,0mm) LC/UPC-LC/UPC 2m','Gudang Utama',100.00,0.00,0.00,'2020-05-16 07:14:11','2020-05-16 07:14:11'),(432,'5d9f5262-33c0-11ea-aec2-2e728ce88125','Patchcord SM DX (2,0mm) LC/UPC-LC/UPC 3m','Gudang Utama',100.00,0.00,0.00,'2020-05-16 07:14:11','2020-05-16 07:14:11'),(433,'5d9f53ca-33c0-11ea-aec2-2e728ce88125','Patchcord SM DX (2,0mm) LC/UPC-LC/UPC 5m','Gudang Utama',100.00,0.00,1.00,'2020-05-16 07:14:11','2020-10-18 13:55:46'),(434,'5d9f550a-33c0-11ea-aec2-2e728ce88125','Patchcord SM DX (2,0mm) LC/UPC-LC/UPC 7m','Gudang Utama',100.00,0.00,0.00,'2020-05-16 07:14:11','2020-05-16 07:14:11'),(435,'da59bc17-ffaa-4db8-80cc-019de857ad3c','Patchcord SM DX (2,0mm) SC/APC-LC/UPC 30m','Gudang Utama',100.00,0.00,0.00,'2020-05-16 07:14:11','2020-05-16 07:14:11'),(436,'e5081045-c074-47e5-b528-4458f6e055c5','Patchcord SM DX (2,0mm) SC/APC-SC/APC 10m','Gudang Utama',100.00,0.00,0.00,'2020-05-16 07:14:11','2020-05-16 07:14:11'),(437,'6de3eb99-4883-48d3-9e3f-2ec2b4322172','Patchcord SM DX (2,0mm) SC/UPC-FC/UPC 10m','Gudang Utama',100.00,0.00,1.00,'2020-05-16 07:14:11','2020-10-18 13:56:32'),(438,'825061bb-e1bc-4a49-bd95-306338997289','Patchcord SM DX (2,0mm) SC/UPC-FC/UPC 15m','Gudang Utama',100.00,0.00,0.00,'2020-05-16 07:14:11','2020-05-16 07:14:11'),(439,'2beb3665-fc2d-4fbc-a69d-9dc8103d2a06','Patchcord SM DX (2,0mm) SC/UPC-FC/UPC 1m','Gudang Utama',100.00,0.00,0.00,'2020-05-16 07:14:11','2020-05-16 07:14:11'),(440,'0497a34d-138a-43ea-8efc-4dad2b77120d','Patchcord SM DX (2,0mm) SC/UPC-FC/UPC 20m','Gudang Utama',100.00,0.00,0.00,'2020-05-16 07:14:11','2020-05-16 07:14:11'),(441,'c945a0d7-7c85-445b-bfc2-e8463c980b55','Patchcord SM DX (2,0mm) SC/UPC-FC/UPC 3m','Gudang Utama',100.00,0.00,0.00,'2020-05-16 07:14:11','2020-05-16 07:14:11'),(442,'713d7ca0-273c-4933-b697-4b96c659a94a','Patchcord SM DX (2,0mm) SC/UPC-FC/UPC 5m','Gudang Utama',100.00,0.00,0.00,'2020-05-16 07:14:11','2020-05-16 07:14:11'),(443,'6a27aaa8-2789-4743-b870-386ca67a9941','Patchcord SM DX (2,0mm) SC/UPC-LC/UPC 1,5m','Gudang Utama',100.00,0.00,0.00,'2020-05-16 07:14:11','2020-05-16 07:14:11'),(444,'a89fda8d-993f-4178-9f25-719d65573850','Patchcord SM DX (2,0mm) SC/UPC-LC/UPC 100m','Gudang Utama',100.00,0.00,0.00,'2020-05-16 07:14:11','2020-05-16 07:14:11'),(445,'e86d8046-da40-47b2-b116-f59166459e43','Patchcord SM DX (2,0mm) SC/UPC-LC/UPC 10m','Gudang Utama',100.00,0.00,0.00,'2020-05-16 07:14:11','2020-05-16 07:14:11'),(446,'7b8c932f-739f-47f3-9ec8-18987646c13b','Patchcord SM DX (2,0mm) SC/UPC-LC/UPC 15m','Gudang Utama',100.00,0.00,2.00,'2020-05-16 07:14:11','2020-10-18 13:57:23'),(447,'419c1402-e5d7-42ed-8f23-f7012d862ea6','Patchcord SM DX (2,0mm) SC/UPC-LC/UPC 1m','Gudang Utama',100.00,0.00,10.00,'2020-05-16 07:14:11','2020-10-18 13:58:20'),(448,'13dc56cb-08d2-44aa-9fab-a236d47ec7a1','Patchcord SM DX (2,0mm) SC/UPC-LC/UPC 20m','Gudang Utama',100.00,0.00,1.00,'2020-05-16 07:14:11','2020-10-18 13:59:12'),(449,'5636ef6f-a6a1-4ec9-a1c1-6a5f97d0296b','Patchcord SM DX (2,0mm) SC/UPC-LC/UPC 2m','Gudang Utama',100.00,0.00,0.00,'2020-05-16 07:14:11','2020-05-16 07:14:11'),(450,'f7ce68cc-98e2-4f8c-a9cf-1176c70a4f59','Patchcord SM DX (2,0mm) SC/UPC-LC/UPC 30m','Gudang Utama',100.00,0.00,0.00,'2020-05-16 07:14:11','2020-05-16 07:14:11'),(451,'5c321c72-30ca-4967-a602-57802d122c9b','Patchcord SM DX (2,0mm) SC/UPC-LC/UPC 35m','Gudang Utama',100.00,0.00,0.00,'2020-05-16 07:14:11','2020-05-16 07:14:11'),(452,'b2dcd8d9-4f62-49ae-9cef-cc9b3e3d00c4','Patchcord SM DX (2,0mm) SC/UPC-LC/UPC 3m','Gudang Utama',100.00,0.00,0.00,'2020-05-16 07:14:11','2020-05-16 07:14:11'),(453,'3b178ef1-8a34-44ba-9f41-766d452f4b43','Patchcord SM DX (2,0mm) SC/UPC-LC/UPC 45m','Gudang Utama',100.00,0.00,0.00,'2020-05-16 07:14:11','2020-05-16 07:14:11'),(454,'06de61c9-219f-4f09-b1f1-b9b0cf936594','Patchcord SM DX (2,0mm) SC/UPC-LC/UPC 5m','Gudang Utama',100.00,0.00,0.00,'2020-05-16 07:14:11','2020-05-18 06:24:52'),(455,'32a3b6ce-d7fc-4814-8ffb-7dc3ca1919fb','Patchcord SM DX (2,0mm) SC/UPC-LC/UPC 7m','Gudang Utama',100.00,0.00,0.00,'2020-05-16 07:14:11','2020-05-16 07:14:11'),(456,'350e590d-80a7-4cee-a0d8-98d1cfa3c1bc','Patchcord SM DX (2,0mm) SC/UPC-LC/UPC 8m','Gudang Utama',100.00,0.00,0.00,'2020-05-16 07:14:11','2020-05-16 07:14:11'),(457,'90cfdfe4-0187-4a56-84f9-f49a77d782bc','Patchcord SM DX (2,0mm) SC/UPC-SC/APC 5m','Gudang Utama',100.00,0.00,0.00,'2020-05-16 07:14:11','2020-05-16 07:14:11'),(458,'147b6863-bd86-4283-88b6-d1907cffb225','Patchcord SM DX (2,0mm) SC/UPC-SC/UPC 15m','Gudang Utama',100.00,0.00,0.00,'2020-05-16 07:14:11','2020-05-16 07:14:11'),(459,'9a37507d-da13-4d8f-80ae-895f892b09ce','Patchcord SM DX (2,0mm) SC/UPC-SC/UPC 2m','Gudang Utama',100.00,0.00,0.00,'2020-05-16 07:14:11','2020-05-16 07:14:11'),(460,'18747432-0693-46b7-9c83-441b2ea3300b','Patchcord SM DX (2,0mm) SC/UPC-SC/UPC 3m','Gudang Utama',100.00,0.00,4.00,'2020-05-16 07:14:11','2020-10-18 14:00:21'),(461,'32462549-e3c3-4406-9c70-0c5ad8c82d52','Patchcord SM DX (2,0mm) SC/UPC-SC/UPC 5m','Gudang Utama',100.00,0.00,0.00,'2020-05-16 07:14:11','2020-05-16 07:14:11'),(462,'d6dd0772-93f6-478d-b5aa-1feaba91830f','Patchcord SM DX (2,0mm) SC/UPC-ST/UPC 3m','Gudang Utama',100.00,0.00,0.00,'2020-05-16 07:14:11','2020-05-16 07:14:11'),(463,'bf1a910a-9b04-4d75-959f-d576324ec881','Patchcord SM DX (2,0mm) ST/UPC-SC/UPC 5m','Gudang Utama',100.00,0.00,0.00,'2020-05-16 07:14:11','2020-05-16 07:14:11'),(464,'b9b36732-c249-4df2-a031-f0a21c14657d','Patchcord SM DX (3,0mm) FC/UPC-FC/UPC 2m','Gudang Utama',100.00,0.00,0.00,'2020-05-16 07:14:11','2020-05-16 07:14:11'),(465,'ec263257-4f06-4cbf-b711-4e21e96d2d44','Patchcord SM DX (3,0mm) FC/UPC-LC/UPC 10m','Gudang Utama',100.00,0.00,0.00,'2020-05-16 07:14:11','2020-05-16 07:14:11'),(466,'737ee30a-ac08-4b31-9879-6a404e00d56d','Patchcord SM DX (3,0mm) FC/UPC-LC/UPC 15m','Gudang Utama',100.00,0.00,0.00,'2020-05-16 07:14:11','2020-05-16 07:14:11'),(467,'bc520efc-5823-4f33-8012-e1ef5591ace3','Patchcord SM DX (3,0mm) FC/UPC-LC/UPC 1m','Gudang Utama',100.00,0.00,0.00,'2020-05-16 07:14:11','2020-05-16 07:14:11'),(468,'a936a120-e334-46cf-9877-f230d0a029d7','Patchcord SM DX (3,0mm) FC/UPC-LC/UPC 20m','Gudang Utama',100.00,0.00,0.00,'2020-05-16 07:14:11','2020-05-16 07:14:11'),(469,'5da1b49b-a5cc-431c-8a9c-3eb5e1ab2402','Patchcord SM DX (3,0mm) FC/UPC-LC/UPC 2m','Gudang Utama',100.00,0.00,1.00,'2020-05-16 07:14:11','2020-10-18 14:01:32'),(470,'64648f72-2004-49fb-9837-2a06e147f1b3','Patchcord SM DX (3,0mm) FC/UPC-LC/UPC 40m','Gudang Utama',100.00,0.00,0.00,'2020-05-16 07:14:11','2020-05-16 07:14:11'),(471,'494325a6-68bc-4d88-9dd8-472f8901a6a2','Patchcord SM DX (3,0mm) FC/UPC-LC/UPC 5m','Gudang Utama',100.00,0.00,36.00,'2020-05-16 07:14:11','2020-10-18 14:03:43'),(472,'5f1ae7e3-0e8c-45ea-ab18-86f2fb5f3051','Patchcord SM DX (3,0mm) LC/UPC-LC/UPC 1m','Gudang Utama',100.00,0.00,15.00,'2020-05-16 07:14:11','2020-10-18 14:04:43'),(473,'873acffe-3a1b-4dd1-aef9-850b4aef8683','Patchcord SM DX (3,0mm) LC/UPC-LC/UPC 5m','Gudang Utama',100.00,0.00,0.00,'2020-05-16 07:14:11','2020-05-16 07:14:11'),(474,'afe0d63d-7164-49d8-8488-83c1e5014c27','Patchcord SM DX (3,0mm) LC/UPC-ST/UPC 10m','Gudang Utama',100.00,0.00,0.00,'2020-05-16 07:14:11','2020-05-16 07:14:11'),(475,'818d8c59-17ca-49bb-bb05-ee0fa0d4a77d','Patchcord SM DX (3,0mm) LC/UPC-ST/UPC 3m','Gudang Utama',100.00,0.00,0.00,'2020-05-16 07:14:11','2020-05-16 07:14:11'),(476,'8bb8ec0b-8b04-418b-834e-123623e2fa58','Patchcord SM DX (3,0mm) LC/UPC-ST/UPC 5m','Gudang Utama',100.00,0.00,0.00,'2020-05-16 07:14:11','2020-05-16 07:14:11'),(477,'bf1f7816-4191-472f-bba7-9816927e064d','Patchcord SM DX (3,0mm) SC/APC-LC/APC 1m','Gudang Utama',100.00,0.00,0.00,'2020-05-16 07:14:11','2020-05-16 07:14:11'),(478,'cdd7fc5c-edc7-4ef4-ba2c-b7008fca334b','Patchcord SM DX (3,0mm) SC/APC-LC/UPC 3m','Gudang Utama',100.00,0.00,0.00,'2020-05-16 07:14:11','2020-05-16 07:14:11'),(479,'80942d58-992f-4cce-a5a1-8890da609034','Patchcord SM DX (3,0mm) SC/UPC-FC/UPC 10m','Gudang Utama',100.00,0.00,143.00,'2020-05-16 07:14:11','2020-10-18 14:05:47'),(480,'5d0a2548-06cb-4abe-be3d-9ca16dd799f3','Patchcord SM DX (3,0mm) SC/UPC-FC/UPC 20m','Gudang Utama',100.00,0.00,0.00,'2020-05-16 07:14:11','2020-05-16 07:14:11'),(481,'59c29221-c993-4ece-a377-71eb3bf9ddbc','Patchcord SM DX (3,0mm) SC/UPC-FC/UPC 5m','Gudang Utama',100.00,0.00,0.00,'2020-05-16 07:14:11','2020-05-16 07:14:11'),(482,'3301f8de-dc15-4b38-8542-008da5228ffb','Patchcord SM DX (3,0mm) SC/UPC-LC/UPC 10m','Gudang Utama',100.00,0.00,0.00,'2020-05-16 07:14:11','2020-05-16 07:14:11'),(483,'4eb07b52-e87d-4a9d-b0b6-359ea6839eca','Patchcord SM DX (3,0mm) SC/UPC-LC/UPC 1m','Gudang Utama',100.00,0.00,0.00,'2020-05-16 07:14:11','2020-05-16 07:14:11'),(484,'ec73e092-8d33-4b7e-b9af-cc93830a11a3','Patchcord SM DX (3,0mm) SC/UPC-LC/UPC 20m','Gudang Utama',100.00,0.00,0.00,'2020-05-16 07:14:11','2020-05-16 07:14:11'),(485,'27acb4e1-64b8-47a2-b29f-4c52d0f4c1bc','Patchcord SM DX (3,0mm) SC/UPC-LC/UPC 2m','Gudang Utama',100.00,0.00,0.00,'2020-05-16 07:14:11','2020-05-16 07:14:11'),(486,'0918b468-c972-4de2-8fec-629505cacd2e','Patchcord SM DX (3,0mm) SC/UPC-LC/UPC 3m','Gudang Utama',100.00,0.00,0.00,'2020-05-16 07:14:11','2020-05-16 07:14:11'),(487,'18b24684-a540-4af4-b93f-80bc155fd32f','Patchcord SM DX (3,0mm) SC/UPC-LC/UPC 40m','Gudang Utama',100.00,0.00,0.00,'2020-05-16 07:14:11','2020-05-16 07:14:11'),(488,'020de15a-b2fe-4e7e-9bd3-d9c6f77f03ea','Patchcord SM DX (3,0mm) SC/UPC-SC/UPC 10m','Gudang Utama',100.00,0.00,0.00,'2020-05-16 07:14:11','2020-05-16 07:14:11'),(489,'cde6e9b4-ad15-4734-8d7d-f4c1726de623','Patchcord SM DX (3,0mm) SC/UPC-SC/UPC 1m','Gudang Utama',100.00,0.00,0.00,'2020-05-16 07:14:11','2020-05-16 07:14:11'),(490,'1ddb3c57-a474-4b44-94c9-52223a03d955','Patchcord SM DX (3,0mm) SC/UPC-SC/UPC 20m','Gudang Utama',100.00,0.00,0.00,'2020-05-16 07:14:11','2020-05-16 07:14:11'),(491,'605ef610-c46a-4b94-9b20-0e2ffc75858c','Patchcord SM DX (3,0mm) SC/UPC-SC/UPC 2m','Gudang Utama',100.00,0.00,0.00,'2020-05-16 07:14:11','2020-05-16 07:14:11'),(492,'9562caf4-4d9d-4634-be1a-d26007d951f3','Patchcord SM DX (3,0mm) SC/UPC-SC/UPC 30m','Gudang Utama',100.00,0.00,0.00,'2020-05-16 07:14:11','2020-05-16 07:14:11'),(493,'fb7cbe27-df13-4adf-bd44-ec662077e58e','Patchcord SM DX (3,0mm) SC/UPC-SC/UPC 3m','Gudang Utama',100.00,0.00,0.00,'2020-05-16 07:14:11','2020-05-16 07:14:11'),(494,'47359c6c-5efd-4d1b-85ca-84f24e1fe9f2','Patchcord SM DX (3,0mm) SC/UPC-SC/UPC 5m','Gudang Utama',100.00,0.00,0.00,'2020-05-16 07:14:11','2020-05-16 07:14:11'),(495,'58d514e2-01a2-4659-aed7-5ab96c3c0814','Patchcord SM DX (3,0mm) SC/UPC-ST/UPC 5m','Gudang Utama',100.00,0.00,2.00,'2020-05-16 07:14:11','2020-10-18 14:06:32'),(496,'99416a1a-ce28-4ae0-a598-7ffe7ab44699','Patchcord SM DX Out Door LC/UPC-LC/UPC 10m Heat Shrink Kuning','Gudang Utama',100.00,0.00,0.00,'2020-05-16 07:14:11','2020-05-16 07:14:11'),(497,'81f1dfeb-81ed-441e-9091-890847e6c037','Patchcord SM DX Out Door SC/UPC-LC/UPC 10m Heat Shrink Kuning','Gudang Utama',100.00,0.00,0.00,'2020-05-16 07:14:11','2020-05-16 07:14:11'),(498,'bc09ab9a-f8ea-4a6b-b0c6-f4f8701e7959','Patchcord SM DX Out Door SC/UPC-LC/UPC 5m Heat Shrink Hitam PAZ','Gudang Utama',100.00,0.00,0.00,'2020-05-16 07:14:11','2020-05-16 07:14:11'),(499,'a7bf0622-aee9-4c04-ace3-d28aa8a2ba63','Patchcord SM DX Out Door SC/UPC-SC/UPC 5m Heat Shrink Hitam','Gudang Utama',100.00,0.00,0.00,'2020-05-16 07:14:11','2020-05-16 07:14:11'),(500,'9c660ad6-dec4-4418-8f35-df637cfddd06','Patchcord SM DX Out Door SC/UPC-SC/UPC 5m Heat Shrink Kuning','Gudang Utama',100.00,0.00,0.00,'2020-05-16 07:14:11','2020-05-16 07:14:11'),(501,'b96186cd-7f13-487d-bf74-575106d31376','Patchcord SM SX (2,0mm) FC/APC-FC/APC 1m','Gudang Utama',100.00,0.00,0.00,'2020-05-16 07:14:11','2020-05-16 07:14:11'),(503,'52b06135-8753-49a0-9ea9-5cb4c708ef5b','Patchcord SM SX (2,0mm) FC/UPC-FC/UPC 10m','Gudang Utama',100.00,0.00,0.00,'2020-05-16 07:14:11','2020-05-16 07:14:11'),(504,'25e4e0f1-3a01-4ee5-b26d-24825d2cd7e0','Patchcord SM SX (2,0mm) FC/UPC-FC/UPC 1m','Gudang Utama',100.00,0.00,0.00,'2020-05-16 07:14:11','2020-05-16 07:14:11'),(505,'91cd8769-1ee3-4fcf-b3e6-267c2f2ae9ec','Patchcord SM SX (2,0mm) FC/UPC-FC/UPC 5m','Gudang Utama',100.00,0.00,0.00,'2020-05-16 07:14:11','2020-05-16 07:14:11'),(506,'0e2cf492-348d-48cd-aa12-27f0f73eb22a','Patchcord SM SX (2,0mm) FC/UPC-FC/UPC 60m','Gudang Utama',100.00,0.00,15.00,'2020-05-16 07:14:11','2020-10-18 14:32:13'),(507,'2c45b723-c7b3-4959-862a-17c865c03031','Patchcord SM SX (2,0mm) FC/UPC-LC/UPC 10m','Gudang Utama',100.00,0.00,0.00,'2020-05-16 07:14:11','2020-05-16 07:14:11'),(508,'9e67fd6c-a7e2-4d1a-9967-742d3cb2df89','Patchcord SM SX (2,0mm) FC/UPC-LC/UPC 15m','Gudang Utama',100.00,0.00,15.00,'2020-05-16 07:14:11','2020-10-18 14:33:01'),(509,'c4786c8e-b26a-4c4d-8c9a-89ed5d0ba5c4','Patchcord SM SX (2,0mm) FC/UPC-LC/UPC 1m','Gudang Utama',100.00,0.00,0.00,'2020-05-16 07:14:11','2020-05-16 07:14:11'),(510,'302e9d8b-38ae-436c-a695-a9db956f503f','Patchcord SM SX (2,0mm) FC/UPC-LC/UPC 20m','Gudang Utama',100.00,0.00,0.00,'2020-05-16 07:14:11','2020-05-16 07:14:11'),(511,'a025bd60-fbbe-4f96-a553-f3125b3185e1','Patchcord SM SX (2,0mm) FC/UPC-LC/UPC 25m','Gudang Utama',100.00,0.00,0.00,'2020-05-16 07:14:11','2020-05-16 07:14:11'),(512,'f9f65618-80e9-4abc-8677-04b83ae0a6e5','Patchcord SM SX (2,0mm) FC/UPC-LC/UPC 30m','Gudang Utama',100.00,0.00,102.00,'2020-05-16 07:14:11','2020-10-18 14:33:34'),(513,'b044ffa6-edaf-418e-91b9-3dc4131df04e','Patchcord SM SX (2,0mm) FC/UPC-LC/UPC 3m','Gudang Utama',100.00,0.00,0.00,'2020-05-16 07:14:11','2020-05-16 07:14:11'),(514,'a664b27e-9314-4a9b-962a-2d66241ee747','Patchcord SM SX (2,0mm) FC/UPC-LC/UPC 40m','Gudang Utama',100.00,0.00,13.00,'2020-05-16 07:14:11','2020-10-18 14:34:15'),(515,'9f0f142a-114b-4f13-956d-3568e94a5f22','Patchcord SM SX (2,0mm) FC/UPC-SC/UPC 20m','Gudang Utama',100.00,0.00,0.00,'2020-05-16 07:14:11','2020-05-16 07:14:11'),(516,'3b219596-c0d5-4cfd-a37a-4f0b2b99bdd2','Patchcord SM SX (2,0mm) LC/UPC-LC/UPC 1,5m','Gudang Utama',100.00,0.00,0.00,'2020-05-16 07:14:11','2020-05-16 07:14:11'),(517,'b38d0037-ccd6-45f5-9536-ab0013d7b002','Patchcord SM SX (2,0mm) LC/UPC-LC/UPC 10m','Gudang Utama',100.00,0.00,986.00,'2020-05-16 07:14:11','2020-10-18 14:35:36'),(518,'cafffcf1-dac2-43f7-abc0-32a384bba042','Patchcord SM SX (2,0mm) LC/UPC-LC/UPC 15m','Gudang Utama',100.00,0.00,0.00,'2020-05-16 07:14:11','2020-05-16 07:14:11'),(519,'2a2ad83b-6255-4edc-90b4-6be9f1e4ccd0','Patchcord SM SX (2,0mm) LC/UPC-LC/UPC 1m','Gudang Utama',100.00,0.00,0.00,'2020-05-16 07:14:11','2020-05-16 07:14:11'),(520,'2a32aeab-59d4-4947-9012-dd0b7652ba75','Patchcord SM SX (2,0mm) LC/UPC-LC/UPC 20m','Gudang Utama',100.00,0.00,83.00,'2020-05-16 07:14:11','2020-10-18 14:36:17'),(521,'a2087cdf-9738-4d4c-b11f-5216ff28f018','Patchcord SM SX (2,0mm) LC/UPC-LC/UPC 2m','Gudang Utama',100.00,0.00,0.00,'2020-05-16 07:14:11','2020-05-16 07:14:11'),(522,'a8a14f1d-7443-4a2c-9c4c-8119f07a9176','Patchcord SM SX (2,0mm) LC/UPC-LC/UPC 30m','Gudang Utama',100.00,0.00,193.00,'2020-05-16 07:14:11','2020-10-18 14:36:59'),(523,'e5ac8a53-3d2b-4e13-8890-0ce0fcea4eb6','Patchcord SM SX (2,0mm) LC/UPC-LC/UPC 3m','Gudang Utama',100.00,0.00,112.00,'2020-05-16 07:14:11','2020-10-18 14:37:53'),(524,'037a6937-94e8-4bcb-a715-17faa184581b','Patchcord SM SX (2,0mm) LC/UPC-LC/UPC 5m','Gudang Utama',100.00,0.00,8.00,'2020-05-16 07:14:11','2020-10-18 14:43:31'),(525,'47aa3c3c-56ec-4f4c-a3ff-9544cf4ce9cf','Patchcord SM SX (2,0mm) LC/UPC-LC/UPC 80m','Gudang Utama',100.00,0.00,18.00,'2020-05-16 07:14:11','2020-10-18 14:47:04'),(526,'ca8808c1-a6b4-47b2-879b-d988c8ad41d5','Patchcord SM SX (2,0mm) SC/APC-FC/UPC 10m','Gudang Utama',100.00,0.00,0.00,'2020-05-16 07:14:11','2020-05-16 07:14:11'),(527,'950a1e26-23e4-40a5-9df8-d527d4b5f451','Patchcord SM SX (2,0mm) SC/APC-LC/APC 1m','Gudang Utama',100.00,0.00,31.00,'2020-05-16 07:14:11','2020-10-18 14:50:01'),(528,'5bfef3b3-dffc-4011-afc8-d89bf8af1527','Patchcord SM SX (2,0mm) SC/APC-LC/APC 2m','Gudang Utama',100.00,0.00,49.00,'2020-05-16 07:14:11','2020-10-18 14:50:39'),(529,'ba3745cf-4a31-4f7a-9b64-7b6cd342eca7','Patchcord SM SX (2,0mm) SC/APC-LC/APC 3m','Gudang Utama',100.00,0.00,0.00,'2020-05-16 07:14:11','2020-05-16 07:14:11'),(530,'2c394318-71df-4569-8fd9-28ce6d577a0e','Patchcord SM SX (2,0mm) SC/APC-LC/APC 5m','Gudang Utama',100.00,0.00,5.00,'2020-05-16 07:14:11','2020-10-18 14:51:12'),(531,'28537981-4d1f-40b7-afc2-d09b3aaa1703','Patchcord SM SX (2,0mm) SC/APC-SC/APC 1m','Gudang Utama',100.00,0.00,0.00,'2020-05-16 07:14:11','2020-05-16 07:14:11'),(532,'241e72e5-130e-4ca2-b086-885737a524cc','Patchcord SM SX (2,0mm) SC/APC-SC/APC 2m','Gudang Utama',100.00,0.00,10.00,'2020-05-16 07:14:11','2020-10-18 14:51:53'),(533,'c45182fa-fae3-4fac-af65-4648664aaf5e','Patchcord SM SX (2,0mm) SC/APC-SC/UPC 10m','Gudang Utama',100.00,0.00,0.00,'2020-05-16 07:14:11','2020-05-18 06:26:00'),(534,'66f40b89-05ee-4fea-99d1-d4334d47cec1','Patchcord SM SX (2,0mm) SC/APC-SC/UPC 1m','Gudang Utama',100.00,0.00,125.00,'2020-05-16 07:14:11','2020-10-18 14:52:37'),(535,'e35bc4ac-a0b3-4a5c-aad9-73955c209c31','Patchcord SM SX (2,0mm) SC/APC-SC/UPC 2m','Gudang Utama',100.00,0.00,0.00,'2020-05-16 07:14:11','2020-05-16 07:14:11'),(536,'4cbef0bc-45f7-4ca7-ba4e-371ae9c82703','Patchcord SM SX (2,0mm) SC/APC-SC/UPC 5m','Gudang Utama',100.00,0.00,0.00,'2020-05-16 07:14:11','2020-05-16 07:14:11'),(537,'b78c2923-ba08-4711-8444-9bee04841dd0','Patchcord SM SX (2,0mm) SC/UPC-LC/UPC 1,5m','Gudang Utama',100.00,0.00,0.00,'2020-05-16 07:14:11','2020-05-16 07:14:11'),(538,'5f12a275-1900-409d-adfe-569983e88fb8','Patchcord SM SX (2,0mm) SC/UPC-LC/UPC 10m','Gudang Utama',100.00,0.00,0.00,'2020-05-16 07:14:11','2020-05-16 07:14:11'),(539,'dad876ca-64c5-4a10-9bc3-3b3480714007','Patchcord SM SX (2,0mm) SC/UPC-LC/UPC 1m','Gudang Utama',100.00,0.00,10.00,'2020-05-16 07:14:11','2020-10-18 14:53:22'),(540,'94863fdc-fde2-43e9-b1dc-1e2264f2a515','Patchcord SM SX (2,0mm) SC/UPC-LC/UPC 20m','Gudang Utama',100.00,0.00,0.00,'2020-05-16 07:14:11','2020-05-16 07:14:11'),(541,'bad6a056-1add-4cb9-8625-c79b562faecf','Patchcord SM SX (2,0mm) SC/UPC-LC/UPC 2m','Gudang Utama',100.00,0.00,17.00,'2020-05-16 07:14:11','2020-10-18 14:53:54'),(542,'68b03060-fe58-4fee-95ff-35c49e6a2d1c','Patchcord SM SX (2,0mm) SC/UPC-LC/UPC 30m','Gudang Utama',100.00,0.00,47.00,'2020-05-16 07:14:11','2020-10-18 14:54:34'),(543,'16b187f7-5d3d-4b64-b417-980d0d34fe4d','Patchcord SM SX (2,0mm) SC/UPC-LC/UPC 3m','Gudang Utama',100.00,0.00,0.00,'2020-05-16 07:14:11','2020-05-16 07:14:11'),(544,'3d7deffc-073c-40f9-bf7e-94c8cf5381ba','Patchcord SM SX (2,0mm) SC/UPC-LC/UPC 5m','Gudang Utama',100.00,0.00,7.00,'2020-05-16 07:14:11','2020-10-18 14:55:20'),(545,'5df00b8e-3209-40b7-8e29-afdb9831cb48','Patchcord SM SX (2,0mm) SC/UPC-LC/UPC 7m','Gudang Utama',100.00,0.00,0.00,'2020-05-16 07:14:11','2020-05-16 07:14:11'),(546,'ac5ba2bc-efea-4d28-ad2f-050a9923894d','Patchcord SM SX (2,0mm) SC/UPC-SC/UPC 1,5m','Gudang Utama',100.00,0.00,0.00,'2020-05-16 07:14:11','2020-05-16 07:14:11'),(547,'36b9f4f9-499b-4239-b2ce-661ec6731660','Patchcord SM SX (2,0mm) SC/UPC-SC/UPC 10m','Gudang Utama',100.00,0.00,4.00,'2020-05-16 07:14:11','2020-10-18 14:56:39'),(548,'f7ef4049-f4b7-441c-8db9-8b5e4d1365e2','Patchcord SM SX (2,0mm) SC/UPC-SC/UPC 1m','Gudang Utama',100.00,0.00,0.00,'2020-05-16 07:14:11','2020-05-16 07:14:11'),(549,'9dbfe037-bbff-40bf-a9dd-bcb9d3e866a0','Patchcord SM SX (2,0mm) SC/UPC-SC/UPC 20m','Gudang Utama',100.00,0.00,8.00,'2020-05-16 07:14:11','2020-10-18 14:57:15'),(550,'3796ab98-805e-4d21-81ab-f2bca5b5c948','Patchcord SM SX (2,0mm) SC/UPC-SC/UPC 2m','Gudang Utama',100.00,0.00,0.00,'2020-05-16 07:14:11','2020-05-16 07:14:11'),(551,'a7ff46a8-cfbc-4411-b6df-c82c1190cb8d','Patchcord SM SX (2,0mm) SC/UPC-SC/UPC 30m','Gudang Utama',100.00,0.00,52.00,'2020-05-16 07:14:11','2020-10-18 14:59:38'),(552,'ec353038-f6a9-45fc-a01e-2adfe689d728','Patchcord SM SX (2,0mm) SC/UPC-SC/UPC 3m','Gudang Utama',100.00,0.00,0.00,'2020-05-16 07:14:11','2020-05-16 07:14:11'),(553,'57023c1f-6666-4b23-a42a-5f7059f95f68','Patchcord SM SX (2,0mm) SC/UPC-SC/UPC 5m','Gudang Utama',100.00,0.00,140.00,'2020-05-16 07:14:11','2020-10-18 15:00:17'),(554,'8be62161-742e-4e99-8b5e-664877ac6b44','Patchcord SM SX (3,0mm) FC/UPC-FC/UPC 10m','Gudang Utama',100.00,0.00,2.00,'2020-05-16 07:14:11','2020-10-18 15:00:46'),(555,'d274c87c-12c3-4106-8679-7ff066154f36','Patchcord SM SX (3,0mm) FC/UPC-FC/UPC 20m','Gudang Utama',100.00,0.00,1.00,'2020-05-16 07:14:11','2020-10-18 15:01:20'),(556,'6738cf77-5351-4ea9-831e-9049efe2addb','Patchcord SM SX (3,0mm) FC/UPC-FC/UPC 5m','Gudang Utama',100.00,0.00,22.00,'2020-05-16 07:14:11','2020-10-18 15:01:43'),(557,'cec013b8-961d-4464-a289-6da2fec82770','Patchcord SM SX (3,0mm) FC/UPC-LC/UPC 10m','Gudang Utama',100.00,0.00,4.00,'2020-05-16 07:14:11','2020-10-18 15:02:16'),(558,'52cfc1d9-ecc1-4cc7-a411-58d0b8284060','Patchcord SM SX (3,0mm) FC/UPC-LC/UPC 40m','Gudang Utama',100.00,0.00,0.00,'2020-05-16 07:14:11','2020-05-16 07:14:11'),(559,'ea953c50-c4fe-498a-9790-12c6747ac0ed','Patchcord SM SX (3,0mm) FC/UPC-LC/UPC 5m','Gudang Utama',100.00,0.00,0.00,'2020-05-16 07:14:11','2020-05-16 07:14:11'),(560,'dcdbaf2c-c5ac-4a4c-8590-2bfa12b370d0','Patchcord SM SX (3,0mm) FC/UPC-SC/APC 5m','Gudang Utama',100.00,0.00,0.00,'2020-05-16 07:14:11','2020-05-16 07:14:11'),(561,'2deb5538-480e-4bf2-b572-8efce84a46ce','Patchcord SM SX (3,0mm) FC/UPC-SC/UPC 20m','Gudang Utama',100.00,0.00,0.00,'2020-05-16 07:14:11','2020-05-16 07:14:11'),(562,'06e65567-8dbd-4d11-a22e-009de1c430d1','Patchcord SM SX (3,0mm) LC/UPC-LC/UPC 1,5m','Gudang Utama',100.00,0.00,0.00,'2020-05-16 07:14:11','2020-05-16 07:14:11'),(563,'219403ac-7bb9-45c7-991c-af386a16e669','Patchcord SM SX (3,0mm) LC/UPC-LC/UPC 10m','Gudang Utama',100.00,0.00,1.00,'2020-05-16 07:14:11','2020-10-18 15:03:42'),(564,'185843a9-c0da-43fb-a309-dc1d1e31ab5b','Patchcord SM SX (3,0mm) LC/UPC-LC/UPC 15m','Gudang Utama',100.00,0.00,0.00,'2020-05-16 07:14:11','2020-05-16 07:14:11'),(565,'9d0e6494-156a-4fed-abf0-9d90ba6a0b89','Patchcord SM SX (3,0mm) LC/UPC-LC/UPC 20m','Gudang Utama',100.00,0.00,2.00,'2020-05-16 07:14:11','2020-10-18 15:04:34'),(566,'9281cbe9-39d7-4cfd-ab1b-f1c08c13bdd4','Patchcord SM SX (3,0mm) LC/UPC-LC/UPC 30m','Gudang Utama',100.00,0.00,12.00,'2020-05-16 07:14:11','2020-10-18 15:05:13'),(567,'e2e1afd3-2198-4229-a5fd-68736a12ad84','Patchcord SM SX (3,0mm) LC/UPC-LC/UPC 5m','Gudang Utama',100.00,0.00,4.00,'2020-05-16 07:14:11','2020-10-18 15:05:54'),(568,'cfb90e95-68f9-4cd0-b41a-d8a95d337bc9','Patchcord SM SX (3,0mm) SC/APC-FC/UPC 20m','Gudang Utama',100.00,0.00,20.00,'2020-05-16 07:14:11','2020-10-18 15:06:27'),(569,'698b6ee4-fdb9-4d0d-80c4-99e76fcf7b95','Patchcord SM SX (3,0mm) SC/APC-LC/UPC 10m','Gudang Utama',100.00,0.00,31.00,'2020-05-16 07:14:11','2020-10-18 15:06:58'),(570,'25c7edab-183f-4519-92ee-a54070a4d4a4','Patchcord SM SX (3,0mm) SC/APC-SC/APC 10m','Gudang Utama',100.00,0.00,144.00,'2020-05-16 07:14:11','2020-10-18 15:07:34'),(571,'15a7f957-d522-4972-9c10-713836bba2db','Patchcord SM SX (3,0mm) SC/APC-SC/APC 2m','Gudang Utama',100.00,0.00,25.00,'2020-05-16 07:14:11','2020-10-18 15:08:17'),(572,'96de82fa-b68d-44ca-8e07-3bc1434ea770','Patchcord SM SX (3,0mm) SC/APC-SC/APC 3m','Gudang Utama',100.00,0.00,0.00,'2020-05-16 07:14:11','2020-05-16 07:14:11'),(573,'db1f1600-d4fc-463e-b91b-e7def726df8f','Patchcord SM SX (3,0mm) SC/APC-SC/APC 5m','Gudang Utama',100.00,0.00,1295.00,'2020-05-16 07:14:11','2020-10-18 15:08:56'),(574,'6b3e0d76-f81f-4e79-9e1b-53df8b83f726','Patchcord SM SX (3,0mm) SC/UPC-FC/UPC 20m','Gudang Utama',100.00,0.00,13.00,'2020-05-16 07:14:11','2020-10-18 15:09:32'),(575,'f1a1ea80-1462-413e-a354-e2baf3e540bb','Patchcord SM SX (3,0mm) SC/UPC-FC/UPC 3m','Gudang Utama',100.00,0.00,1.00,'2020-05-16 07:14:11','2020-10-18 15:10:02'),(576,'43c48fab-f3f5-4e5f-88b4-5599fb41bc32','Patchcord SM SX (3,0mm) SC/UPC-LC/UPC 3m','Gudang Utama',100.00,0.00,0.00,'2020-05-16 07:14:11','2020-05-16 07:14:11'),(577,'df4c1303-c602-4f30-86da-bacf58d828f5','Patchcord SM SX (3,0mm) SC/UPC-LC/UPC 5m','Gudang Utama',100.00,0.00,1.00,'2020-05-16 07:14:11','2020-10-18 15:10:54'),(578,'ff2b2df8-2a65-4544-847b-78b4b52c25ab','Patchcord SM SX (3,0mm) SC/UPC-SC/APC 1m','Gudang Utama',100.00,0.00,0.00,'2020-05-16 07:14:11','2020-05-16 07:14:11'),(579,'0c8f8e6a-5ed6-4813-ac25-1c76a48a39a3','Patchcord SM SX (3,0mm) SC/UPC-SC/APC 20m','Gudang Utama',100.00,0.00,250.00,'2020-05-16 07:14:11','2020-11-09 16:00:43'),(580,'83512e63-4284-4317-9109-61f62f9c7733','Patchcord SM SX (3,0mm) SC/UPC-SC/APC 5m','Gudang Utama',100.00,0.00,0.00,'2020-05-16 07:14:11','2020-05-16 07:14:11'),(581,'b753fea6-8159-4b24-8159-62d927214485','Patchcord SM SX (3,0mm) SC/UPC-SC/UPC 10m','Gudang Utama',100.00,0.00,1.00,'2020-05-16 07:14:11','2020-10-18 15:11:30'),(582,'2dedb15b-c44a-44db-8ab7-7213ae1f4224','Patchcord SM SX (3,0mm) SC/UPC-SC/UPC 15m','Gudang Utama',100.00,0.00,1.00,'2020-05-16 07:14:11','2020-10-18 15:12:01'),(583,'ecbde8a1-3112-48aa-ae35-4d0afd1b850e','Patchcord SM SX (3,0mm) SC/UPC-SC/UPC 1m','Gudang Utama',100.00,0.00,0.00,'2020-05-16 07:14:11','2020-05-16 07:14:11'),(584,'0bb2eb56-298c-48b4-ad5f-654f1fd16303','Patchcord SM SX (3,0mm) SC/UPC-SC/UPC 20m','Gudang Utama',100.00,0.00,0.00,'2020-05-16 07:14:11','2020-05-16 07:14:11'),(585,'edac12c5-cee6-47fc-bd9d-8cd23aa344a4','Patchcord SM SX (3,0mm) SC/UPC-SC/UPC 2m','Gudang Utama',100.00,0.00,132.00,'2020-05-16 07:14:11','2020-10-18 15:12:35'),(586,'9a38d070-6fe0-4b15-b1e2-4676147682e2','Patchcord SM SX (3,0mm) SC/UPC-SC/UPC 3m','Gudang Utama',100.00,0.00,0.00,'2020-05-16 07:14:11','2020-05-16 07:14:11'),(587,'d282e0c4-5599-45a7-b80d-36fb01d10f54','Patchcord SM SX (3,0mm) SC/UPC-SC/UPC 5m','Gudang Utama',100.00,0.00,146.00,'2020-05-16 07:14:11','2020-10-18 15:13:09'),(588,'a2c0dfaf-1250-46d7-bf4a-36b2bee06126','Pedestal Besar isi ODP','Gudang Utama',100.00,0.00,0.00,'2020-05-16 07:14:11','2020-05-16 07:14:11'),(589,'d8086f7e-ac04-4f53-9b36-43170f105ac8','Pedestal Besar Kosongan ','Gudang Utama',100.00,0.00,0.00,'2020-05-16 07:14:11','2020-05-16 07:14:11'),(590,'eaa3415b-bda9-4c0c-b164-5dbc42aa31d2','Pedestal Kecil Kosongan (Tanpa Kardus)','Gudang Utama',100.00,0.00,0.00,'2020-05-16 07:14:11','2020-05-16 07:14:11'),(591,'9f90e4d2-2d6c-4e45-b88b-56f134be4ffb','PG 5','Gudang Utama',100.00,0.00,0.00,'2020-05-16 07:14:11','2020-05-16 07:14:11'),(592,'b90b5eb4-a279-47c2-9472-fc601afe479c','Pigtail Bundle 12 Core SC/APC 1,5M','Gudang Utama',100.00,0.00,0.00,'2020-05-16 07:14:11','2020-05-16 07:14:11'),(593,'a0a81a82-ba7c-4492-bad7-2c02325ca65f','Pigtail MM OM2 DX (3,0mm) ST/PC 3m ','Gudang Utama',100.00,0.00,40.00,'2020-05-16 07:14:11','2020-11-09 14:41:49'),(594,'6f1a6b2c-7826-4d3b-95d1-ad868628e69b','Pigtail MM OM2 SX (0,9mm) SC/PC 1,5m ','Gudang Utama',100.00,0.00,0.00,'2020-05-16 07:14:11','2020-05-16 07:14:11'),(595,'ffbf2d58-7ec4-42d3-8920-9e4e71b8e5c1','Pigtail MM OM2 SX (0,9mm) ST/PC 1,5m ','Gudang Utama',100.00,0.00,0.00,'2020-05-16 07:14:11','2020-05-16 07:14:11'),(596,'63b7775e-ddd0-4327-a9ed-b23a47c7336f','Pigtail MM OM2 SX (2,0mm) FC/PC 2m','Gudang Utama',100.00,0.00,0.00,'2020-05-16 07:14:11','2020-05-16 07:14:11'),(597,'cc4b6b7f-4710-46a0-b958-d52e1aa4a7df','Pigtail MM OM2 SX (2,0mm) FC/PC 3m','Gudang Utama',100.00,0.00,0.00,'2020-05-16 07:14:11','2020-05-16 07:14:11'),(598,'a80fc727-af3a-4fe0-93a8-9bc0568198af','Pigtail MM OM2 SX (2,0mm) LC/PC 6m','Gudang Utama',100.00,0.00,0.00,'2020-05-16 07:14:11','2020-05-16 07:14:11'),(599,'e7e5b901-d164-4b1d-aa71-30bdb3542c32','Pigtail MM OM2 SX (2,0mm) LC/UPC 27m','Gudang Utama',100.00,0.00,37.00,'2020-05-16 07:14:11','2020-10-18 15:20:17'),(600,'0da8343b-1b64-4ec3-b712-f295b0736934','Pigtail MM OM2 SX (2,0mm) SC/PC 20m','Gudang Utama',100.00,0.00,0.00,'2020-05-16 07:14:11','2020-05-16 07:14:11'),(601,'859854f6-41d5-4c7f-9aac-079f06a4d949','Pigtail MM OM2 SX (2,0mm) SC/PC 3m ','Gudang Utama',100.00,0.00,0.00,'2020-05-16 07:14:11','2020-05-16 07:14:11'),(602,'4c01a6b8-4401-4be3-8b11-48410471006a','Pigtail MM OM2 SX (2,0mm) SC/UPC 1,5m','Gudang Utama',100.00,0.00,0.00,'2020-05-16 07:14:11','2020-05-16 07:14:11'),(603,'bf9f5f1d-5baa-46cf-a369-c135cd1ac2fc','Pigtail MM OM2 SX (2,0mm) ST/PC 1,2m ','Gudang Utama',100.00,0.00,0.00,'2020-05-16 07:14:11','2020-05-16 07:14:11'),(604,'84905d89-c592-40ee-a713-f7448a60465d','Pigtail Precon 1 Core SC/UPC Connector Hitam 100M','Gudang Utama',100.00,0.00,0.00,'2020-05-16 07:14:11','2020-05-16 07:14:11'),(605,'b4a0e08b-8b4f-41e7-8882-948daaf6d3a3','Pigtail SM DX (2,0mm) FC/UPC 1m','Gudang Utama',100.00,0.00,0.00,'2020-05-16 07:14:11','2020-05-16 07:14:11'),(606,'ece57d51-2f1b-4eab-91eb-c5fa43f90716','Pigtail SM DX (2,0mm) FC/UPC 2m','Gudang Utama',100.00,0.00,0.00,'2020-05-16 07:14:11','2020-05-16 07:14:11'),(607,'b48003d4-d410-4607-80f8-4566adfe5dd9','Pigtail SM DX (2,0mm) FC/UPC 3m','Gudang Utama',100.00,0.00,0.00,'2020-05-16 07:14:11','2020-05-16 07:14:11'),(608,'2794a09f-1d92-4532-87bd-fa0d86970a27','Pigtail SM DX (2,0mm) SC/UPC 7m','Gudang Utama',100.00,0.00,0.00,'2020-05-16 07:14:11','2020-05-16 07:14:11'),(609,'76de87e4-d411-498d-ac5c-b88be329b6d3','Pigtail SM DX (2,0mm) SC/UPC 8m','Gudang Utama',100.00,0.00,0.00,'2020-05-16 07:14:11','2020-05-16 07:14:11'),(610,'65c5d544-5fa5-47f1-9cd8-5ae8e0f207ea','Pigtail SM DX (3,0mm) SC/APC 2m','Gudang Utama',100.00,0.00,0.00,'2020-05-16 07:14:11','2020-05-16 07:14:11'),(611,'7548c690-9f32-4e1d-a4bd-3ff27d68dc8c','Pigtail SM DX (3,0mm) SC/APC 3m','Gudang Utama',100.00,0.00,0.00,'2020-05-16 07:14:11','2020-05-16 07:14:11'),(612,'220c203f-e9f0-4e8c-ad9b-d025efa4917f','Pigtail SM DX (3,0mm) SC/UPC 1,5m','Gudang Utama',100.00,0.00,0.00,'2020-05-16 07:14:11','2020-05-16 07:14:11'),(613,'2e7a63aa-49df-49b4-a5d4-52c881fdd5dd','Pigtail SM DX (3,0mm) SC/UPC 2m ','Gudang Utama',100.00,0.00,0.00,'2020-05-16 07:14:11','2020-05-16 07:14:11'),(614,'9f6e5418-5716-41c5-8ebb-3a656013b2a9','Pigtail SM SX (0,9mm) FC/UPC 1,5m (kuning)','Gudang Utama',100.00,0.00,0.00,'2020-05-16 07:14:11','2020-05-16 07:14:11'),(615,'95997247-6840-4dbd-9862-da1e4ec80887','Pigtail SM SX (0,9mm) FC/UPC 1,5m (Putih)','Gudang Utama',100.00,0.00,0.00,'2020-05-16 07:14:11','2020-05-16 07:14:11'),(616,'b3dbf294-8fdd-413b-b2d9-44a92c79809d','Pigtail SM SX (0,9mm) FC/UPC 1m','Gudang Utama',100.00,0.00,0.00,'2020-05-16 07:14:11','2020-05-16 07:14:11'),(617,'4a358603-b661-4320-ad99-72c870e754cb','Pigtail SM SX (0,9mm) LC/UPC 1,5m ','Gudang Utama',100.00,0.00,0.00,'2020-05-16 07:14:11','2020-05-16 07:14:11'),(618,'b0cb6943-d166-4656-b635-6e353ab91b23','Pigtail SM SX (0,9mm) LC/UPC 1m ','Gudang Utama',100.00,0.00,0.00,'2020-05-16 07:14:11','2020-05-16 07:14:11'),(619,'ec548ace-9270-4016-90f9-26aed77f05ab','Pigtail SM SX (0,9mm) SC/APC 1m (Putih)','Gudang Utama',100.00,0.00,0.00,'2020-05-16 07:14:11','2020-05-16 07:14:11'),(620,'b6bcde29-e5fc-49cb-aa1e-7154d0ebb53f','Pigtail SM SX (0,9mm) SC/APC 2m (Putih)','Gudang Utama',100.00,0.00,0.00,'2020-05-16 07:14:11','2020-05-16 07:14:11'),(621,'2360c45a-a0ee-418c-b405-46cc6dedd867','Pigtail SM SX (0,9mm) SC/APC 2m Oren','Gudang Utama',100.00,0.00,0.00,'2020-05-16 07:14:11','2020-05-16 07:14:11'),(622,'7ff4903b-e774-4de5-a95c-52ea52a00e6b','Pigtail SM SX (0,9mm) SC/UPC 1,5m  (merah)','Gudang Utama',100.00,0.00,0.00,'2020-05-16 07:14:11','2020-05-16 07:14:11'),(623,'9a380816-6b24-43c1-9289-5de2f3fb64f2','Pigtail SM SX (0,9mm) SC/UPC 1,5m (kuning)','Gudang Utama',100.00,0.00,0.00,'2020-05-16 07:14:11','2020-05-16 07:14:11'),(624,'9a1d88a1-027b-4a8e-98af-e4caf0308039','Pigtail SM SX (0,9mm) SC/UPC 1,5m (oren)','Gudang Utama',100.00,0.00,0.00,'2020-05-16 07:14:11','2020-05-16 07:14:11'),(625,'53dff306-fa2a-4379-b920-431156ac105b','Pigtail SM SX (0,9mm) SC/UPC 1,5m (Putih)','Gudang Utama',100.00,0.00,0.00,'2020-05-16 07:14:11','2020-05-16 07:14:11'),(626,'f7f0bea2-e34e-4683-a3e9-7c7e1c1c9cc0','Pigtail SM SX (0,9mm) SC/UPC 1m (kuning)','Gudang Utama',100.00,0.00,0.00,'2020-05-16 07:14:11','2020-05-16 07:14:11'),(627,'66fd5b68-dfae-4680-90c5-c62f675f7447','Pigtail SM SX (0,9mm) SC/UPC 1m Oren','Gudang Utama',100.00,0.00,0.00,'2020-05-16 07:14:11','2020-05-16 07:14:11'),(628,'fae6a736-e742-4dd4-8870-ba44944b46d7','Pigtail SM SX (0,9mm) SC/UPC 2m (oren)','Gudang Utama',100.00,0.00,0.00,'2020-05-16 07:14:11','2020-05-16 07:14:11'),(629,'db1f6192-d365-4837-a20f-1621fd11a32f','Pigtail SM SX (0,9mm) ST/UPC 1m ','Gudang Utama',100.00,0.00,0.00,'2020-05-16 07:14:11','2020-05-16 07:14:11'),(630,'2050a705-66c2-467d-8bac-772b6b84f404','Pigtail SM SX (2,0mm) FC/APC 1,5m ','Gudang Utama',100.00,0.00,0.00,'2020-05-16 07:14:11','2020-05-16 07:14:11'),(631,'2bebb89a-c746-415a-a083-27efce0213f4','Pigtail SM SX (2,0mm) FC/UPC 1,5m ','Gudang Utama',100.00,0.00,0.00,'2020-05-16 07:14:11','2020-05-16 07:14:11'),(632,'11e3349f-463f-44cf-b0f9-4c4bdc3b01ea','Pigtail SM SX (2,0mm) LC/UPC 2m ','Gudang Utama',100.00,0.00,0.00,'2020-05-16 07:14:11','2020-05-16 07:14:11'),(633,'e519137c-ac02-406c-b03e-c75f5c0f89ef','Pigtail SM SX (2,0mm) SC/APC 1,5m','Gudang Utama',100.00,0.00,30.00,'2020-05-16 07:14:11','2020-10-18 15:20:55'),(634,'19449b46-650d-448f-b332-115f46e479e4','Pigtail SM SX (2,0mm) SC/APC 2m ','Gudang Utama',100.00,0.00,0.00,'2020-05-16 07:14:11','2020-05-16 07:14:11'),(635,'93779d49-c61f-4389-ba3d-4b9e2009c00a','Pigtail SM SX (2,0mm) SC/UPC 1,5m ','Gudang Utama',100.00,0.00,0.00,'2020-05-16 07:14:11','2020-05-16 07:14:11'),(636,'0bbcfa85-35a7-49a8-adcf-d871ef6f7502','Pigtail SM SX (2,0mm) SC/UPC 2m ','Gudang Utama',100.00,0.00,0.00,'2020-05-16 07:14:11','2020-05-16 07:14:11'),(637,'3979288c-f896-43d4-944f-1eff5c09762c','Pigtail SM SX (3,0mm) FC/UPC 5m ','Gudang Utama',100.00,0.00,100.00,'2020-05-16 07:14:11','2020-10-05 17:09:33'),(638,'194cf507-2fb2-48ee-adb1-4cb921d6fb81','Pigtail SM SX (3,0mm) LC/UPC 10m ','Gudang Utama',100.00,0.00,0.00,'2020-05-16 07:14:11','2020-05-16 07:14:11'),(639,'d556eca2-61dd-4a8d-8dcf-d1a9de3000d9','Pigtail SM SX (3,0mm) SC/UPC 1,5m','Gudang Utama',100.00,0.00,0.00,'2020-05-16 07:14:11','2020-05-16 07:14:11'),(640,'7615371d-276c-42b5-a390-0de2c272526b','Pigtail SM SX (3,0mm) SC/UPC 2m','Gudang Utama',100.00,0.00,0.00,'2020-05-16 07:14:11','2020-05-16 07:14:11'),(641,'2ecb6a77-3708-4eb3-ab82-3e89ac70dea7','Pigtail SM SX (3,0mm) SC/UPC 3,5m','Gudang Utama',100.00,0.00,0.00,'2020-05-16 07:14:11','2020-05-16 07:14:11'),(642,'44244f8a-ac13-4d8c-b0cc-303db8777970','Plastik 13,5 x 14,5','Gudang Utama',100.00,0.00,0.00,'2020-05-16 07:14:11','2020-05-16 07:14:11'),(643,'4d0f2ae0-bc50-407b-ac2d-ee19f2928535','Plastik 18 x 18','Gudang Utama',100.00,0.00,0.00,'2020-05-16 07:14:11','2020-05-16 07:14:11'),(644,'bf359216-bf1b-4fe1-8144-4e283cfd13d9','Plastik 20 x 23','Gudang Utama',100.00,0.00,0.00,'2020-05-16 07:14:11','2020-05-16 07:14:11'),(645,'82ee1ecc-0b39-46ca-9839-ad0ce6e8c932','Plastik 30 x 25','Gudang Utama',100.00,0.00,0.00,'2020-05-16 07:14:11','2020-05-16 07:14:11'),(646,'8e5f19d5-700b-4fc8-8198-e8a67a6933b9','Plastik 40 X 40','Gudang Utama',100.00,0.00,0.00,'2020-05-16 07:14:11','2020-05-16 07:14:11'),(647,'f52f963d-e4cb-4e07-998a-4bfa33640943','Plastik 8 x 5','Gudang Utama',100.00,0.00,0.00,'2020-05-16 07:14:11','2020-05-16 07:14:11'),(648,'1deb7547-5cfc-4b7c-b13e-f494ffd31b40','Plastik Clip 40 X 30','Gudang Utama',100.00,0.00,0.00,'2020-05-16 07:14:11','2020-05-16 07:14:11'),(649,'2c7687c4-847b-422c-9504-4db9293201d5','Plastik Clip 55 X 50','Gudang Utama',100.00,0.00,0.00,'2020-05-16 07:14:11','2020-05-16 07:14:11'),(650,'ab067a68-1ac9-4338-bd37-4825a4c06d83','Plastik Gambar 13.5 x 14.5','Gudang Utama',100.00,0.00,0.00,'2020-05-16 07:14:11','2020-05-16 07:14:11'),(651,'2af3440d-96dc-4628-bdb5-e3221ee35870','Plastik Gambar 18 x 18','Gudang Utama',100.00,0.00,0.00,'2020-05-16 07:14:11','2020-05-16 07:14:11'),(652,'05e0a851-c660-43de-ab03-8d23c5fd1485','Plastik Gambar 20 x 23','Gudang Utama',100.00,0.00,0.00,'2020-05-16 07:14:11','2020-05-16 07:14:11'),(653,'6148167f-95dd-4153-bbdd-dd81c5e25c7e','PLUG FRAME FC ','Gudang Utama',100.00,0.00,0.00,'2020-05-16 07:14:11','2020-05-16 07:14:11'),(654,'0b6a929a-c547-4272-bfac-de5fe228809e','PLUG FRAME Precon SC Semi Assembly','Gudang Utama',100.00,0.00,0.00,'2020-05-16 07:14:11','2020-05-16 07:14:11'),(655,'fac6298e-6dc1-419b-95a5-3107c21241f2','PLUG FRAME SC','Gudang Utama',100.00,0.00,0.00,'2020-05-16 07:14:11','2020-05-16 07:14:11'),(656,'18d29252-8539-49da-9f99-f1014351fc15','Polishing FINAL ADSS 0,005 Micron (Bening)','Gudang Utama',100.00,0.00,0.00,'2020-05-16 07:14:11','2020-05-16 07:14:11'),(657,'23c73d77-f048-42bf-a361-15a06fcc5fad','Polishing FINAL CP 0,005 Micron (Bening)','Gudang Utama',100.00,0.00,0.00,'2020-05-16 07:14:11','2020-05-16 07:14:11'),(658,'2cd98f26-3b69-4c4f-8480-cebae681a75b','Polishing IL D1 Micron (Abu-abu)','Gudang Utama',100.00,0.00,0.00,'2020-05-16 07:14:11','2020-05-16 07:14:11'),(659,'096fa2e0-079e-4aac-9466-62ad373311c9','Polishing QU D9 Micron (Biru)','Gudang Utama',100.00,0.00,0.00,'2020-05-16 07:14:11','2020-05-16 07:14:11'),(660,'08e52187-b383-469e-805d-45d7a96664e6','Polishing SAM D3 Micron (Pink)','Gudang Utama',100.00,0.00,0.00,'2020-05-16 07:14:11','2020-05-16 07:14:11'),(661,'a59c694f-23aa-447e-a292-592a33f055f3','Polishing SAPO D 30 Micron (Hijau)','Gudang Utama',100.00,0.00,0.00,'2020-05-16 07:14:11','2020-05-16 07:14:11'),(662,'8bb1454c-9626-444f-bdfb-ee25fd4690bc','Precon 1 Core SC/APC-SC/APC 100M','Gudang Utama',100.00,0.00,1247.00,'2020-05-16 07:14:11','2020-10-18 16:22:34'),(663,'9610371c-192b-4141-a2fb-341a4a7c7398','Precon 1 Core SC/APC-SC/APC 120M','Gudang Utama',100.00,0.00,1999.00,'2020-05-16 07:14:11','2020-10-18 16:22:34'),(664,'b28247d0-1c3f-421c-88f6-daf81b7b4197','Precon 1 Core SC/APC-SC/APC 200M','Gudang Utama',100.00,0.00,2000.00,'2020-05-16 07:14:11','2020-10-13 17:05:42'),(665,'66a074a0-c9cb-422e-a8ea-fca5fd93fb30','Precon 1 Core SC/APC-SC/APC 50M','Gudang Utama',100.00,0.00,0.00,'2020-05-16 07:14:11','2020-05-16 07:14:11'),(666,'6e5d9fb4-5d0a-4d4d-afb0-17d0c5700b9f','Precon 1 Core SC/APC-SC/APC 75M','Gudang Utama',100.00,0.00,0.00,'2020-05-16 07:14:11','2020-05-16 07:14:11'),(667,'4f964b43-2859-4137-9043-3d725e9e6ff4','Precon 1 Core SC/APC-SC/UPC 200M','Gudang Utama',100.00,0.00,0.00,'2020-05-16 07:14:11','2020-10-13 16:41:58'),(668,'93cefd45-563b-442e-99d8-b933d5e486c9','Precon 1 Core SC/UPC-SC/UPC 150M','Gudang Utama',100.00,0.00,0.00,'2020-05-16 07:14:11','2020-05-16 07:14:11'),(669,'6a44254a-ac65-41c7-ad05-b51e605248ed','Precon 1 Core SC/UPC-SC/UPC 200M','Gudang Utama',100.00,0.00,0.00,'2020-05-16 07:14:11','2020-05-16 07:14:11'),(670,'e69f3002-0491-41ae-8b75-43162db3b29e','Precon 1 Core SC/UPC-SC/UPC 50M','Gudang Utama',100.00,0.00,0.00,'2020-05-16 07:14:11','2020-05-16 07:14:11'),(671,'f9f60f40-1dee-4dbc-8edf-0e1b91dd1ece','Precon 1 Core SC/UPC-SC/UPC 75M','Gudang Utama',100.00,0.00,0.00,'2020-05-16 07:14:11','2020-05-16 07:14:11'),(672,'a7c31df6-b945-4ea8-843e-33bde98ffc70','Protector sleeve 60mm','Gudang Utama',100.00,0.00,0.00,'2020-05-16 07:14:11','2020-05-16 07:14:11'),(673,'73551cba-bbd2-4263-a662-9d20f501bc43','Rack  6U','Gudang Utama',100.00,0.00,0.00,'2020-05-16 07:14:11','2020-05-16 07:14:11'),(674,'c3afe7fd-faff-45b3-877c-c90e93cdee73','Rak Besi','Gudang Utama',100.00,0.00,0.00,'2020-05-16 07:14:11','2020-05-16 07:14:11'),(675,'05dda492-1f02-4708-a9b5-86535cb58b1d','Ring Kotak','Gudang Utama',100.00,0.00,0.00,'2020-05-16 07:14:11','2020-05-16 07:14:11'),(676,'874f0460-7adb-41ca-97e2-7ad9b32afae0','RIVET SM/MM LC UPC/APC (3,00mm)','Gudang Utama',100.00,0.00,0.00,'2020-05-16 07:14:11','2020-05-16 07:14:11'),(677,'67e9b980-232c-4007-a37f-580b3a24e8ed','Roset 2 Core GOC ( Tanpa Protector Sleeve&Adapter)','Gudang Utama',100.00,0.00,0.00,'2020-05-16 07:14:11','2020-05-16 07:14:11'),(678,'80335ddb-bfba-4e0c-8aa4-da13b1c38ae9','Roset 2 Core GOC ( Tanpa Protector Sleeve)','Gudang Utama',100.00,0.00,0.00,'2020-05-16 07:14:11','2020-05-16 07:14:11'),(679,'5ce81e75-7d20-46a0-a52b-2303129f05c8','Roset 2 Core Polos (Kosongan)','Gudang Utama',100.00,0.00,7123.00,'2020-05-16 07:14:11','2020-10-18 14:02:39'),(680,'b0bf3385-b784-48cc-87ed-cf820853fe3d','Roset 2 Core YOFC Tanpa Protector Sleeve,Adapter Sebelah SC/UPC','Gudang Utama',100.00,0.00,0.00,'2020-05-16 07:14:11','2020-05-16 07:14:11'),(681,'3451b54a-22ee-429b-877f-3d4cd8128e90','Roset 4 Core ( abu abu )','Gudang Utama',100.00,0.00,0.00,'2020-05-16 07:14:11','2020-05-16 07:14:11'),(682,'c2219f25-2568-48b6-ad03-f9d934226cb7','Roset 4 Core (Tanpa Kardus )','Gudang Utama',100.00,0.00,0.00,'2020-05-16 07:14:11','2020-05-16 07:14:11'),(683,'e33db696-9a38-4029-a264-fc422edd171f','Roset 4 Core ZTE (Putih)','Gudang Utama',100.00,0.00,0.00,'2020-05-16 07:14:11','2020-06-17 02:55:41'),(684,'e1d30add-04a6-4eb3-8d24-3b8757ec32f2','Roset 8 Core Polos','Gudang Utama',100.00,0.00,0.00,'2020-05-16 07:14:11','2020-05-16 07:14:11'),(685,'9a1d0eed-e2fa-44a5-b794-b5383a8aae3e','Roset Faceplat 1 Core ','Gudang Utama',100.00,0.00,0.00,'2020-05-16 07:14:11','2020-05-16 07:14:11'),(686,'c65a6918-f6da-42cd-9563-6c701c7b71c3','Rotary Cable stripper','Gudang Utama',100.00,0.00,0.00,'2020-05-16 07:14:11','2020-05-16 07:14:11'),(687,'e25831d4-d585-436d-934c-d8a3bff65818','S Clamp bulat ','Gudang Utama',100.00,0.00,0.00,'2020-05-16 07:14:11','2020-05-16 07:14:11'),(688,'d78490b7-e743-42fe-ad32-2b8bb30e45a8','S Clamp Jepit','Gudang Utama',100.00,0.00,0.00,'2020-05-16 07:14:11','2020-05-16 07:14:11'),(689,'1e9b09f1-5da1-45c6-aa2b-44c3e4bbc231','S Clamp Jepit telkom ','Gudang Utama',100.00,0.00,0.00,'2020-05-16 07:14:11','2020-05-16 07:14:11'),(690,'68c359d4-afcb-4cf3-ae7d-c7ba0242a614','Sarung Tangan Kain','Gudang Utama',100.00,0.00,0.00,'2020-05-16 07:14:11','2020-05-16 07:14:11'),(691,'01966044-8fd0-49e0-9354-1e0b8616591f','Sarung Tangan Karet','Gudang Utama',100.00,0.00,0.00,'2020-05-16 07:14:11','2020-09-25 07:10:10'),(692,'33e6c87d-a476-4593-9666-2dd8eae2acaf','SFP 10GB','Gudang Utama',100.00,0.00,0.00,'2020-05-16 07:14:11','2020-05-16 07:14:11'),(693,'a0d04984-a833-46be-8c70-bafd601588bc','SIMPLEX STOPPER FC (0,9mm)','Gudang Utama',100.00,0.00,0.00,'2020-05-16 07:14:11','2020-05-16 07:14:11'),(694,'838a72ce-5789-459a-a9c6-15337dd9f5fe','SIMPLEX STOPPER FC (2,00mm, 3,00mm)','Gudang Utama',100.00,0.00,0.00,'2020-05-16 07:14:11','2020-05-16 07:14:11'),(695,'39100a15-104a-431d-b833-768ae77395e9','SIMPLEX STOPPER MM LC/UPC (0,9mm) Brown','Gudang Utama',100.00,0.00,0.00,'2020-05-16 07:14:11','2020-05-16 07:14:11'),(696,'936216c2-fecb-40a5-8ff6-4153ff5442d4','SIMPLEX STOPPER MM LC/UPC (2,00mm, 3,00mm) Brown','Gudang Utama',100.00,0.00,0.00,'2020-05-16 07:14:11','2020-05-16 07:14:11'),(697,'fa7343ab-e2e8-4864-bbf9-00d6077c4973','SIMPLEX STOPPER Precon SC Semi Assembly','Gudang Utama',100.00,0.00,0.00,'2020-05-16 07:14:11','2020-05-16 07:14:11'),(698,'9bee7dd4-d774-466b-b0d0-a2be3f5ae5ee','SIMPLEX STOPPER SC (0,9mm)','Gudang Utama',100.00,0.00,0.00,'2020-05-16 07:14:11','2020-05-16 07:14:11'),(699,'b2105b43-49d8-4317-897e-63bf07787375','SIMPLEX STOPPER SC (2,00mm, 3,00mm)','Gudang Utama',100.00,0.00,0.00,'2020-05-16 07:14:11','2020-05-16 07:14:11'),(700,'3fd203f0-691e-4bfa-b20d-b728c661ff05','SIMPLEX STOPPER SM LC/APC (0,9mm) Green','Gudang Utama',100.00,0.00,0.00,'2020-05-16 07:14:11','2020-05-16 07:14:11'),(701,'907f38bb-59cb-4921-87f0-1259284711a2','SIMPLEX STOPPER SM LC/APC (2,00mm, 3,00mm) Green','Gudang Utama',100.00,0.00,0.00,'2020-05-16 07:14:11','2020-05-16 07:14:11'),(702,'70d92af8-90d8-47d9-9b62-5eb444e33e1b','SIMPLEX STOPPER SM LC/UPC (0,9mm) Blue','Gudang Utama',100.00,0.00,0.00,'2020-05-16 07:14:11','2020-05-16 07:14:11'),(703,'42e15caf-36f7-4b28-99e1-a9e2ea579f7c','SIMPLEX STOPPER SM LC/UPC (2,00mm, 3,00mm) Blue','Gudang Utama',100.00,0.00,0.00,'2020-05-16 07:14:11','2020-05-16 07:14:11'),(704,'a80fb74b-2a5c-4647-9fb1-bf5883ecb84d','Slack Support 80cm','Gudang Utama',100.00,0.00,0.00,'2020-05-16 07:14:11','2020-05-16 07:14:11'),(705,'70b3b7e6-229a-4e28-9e2b-42c5e9560bba','SM ADSS 48 Core SPAN 100M/ADSS-SS-100M-48B1.3/4Tube','Gudang Utama',100.00,0.00,0.00,'2020-05-16 07:14:11','2020-05-16 07:14:11'),(706,'75074a13-9925-4e22-8164-82a6861ecd09','SM AERIAL Dropcable 2 Core/GYAXC8Y-2B6A1 FIG 8','Gudang Utama',100.00,0.00,0.00,'2020-05-16 07:14:11','2020-05-16 07:14:11'),(707,'64e18761-2e0d-45b2-b287-2386f05df086','SM AERIAL SCPT 12 Core/GYHC8A-12B1.3/12Tube','Gudang Utama',100.00,0.00,0.00,'2020-05-16 07:14:11','2020-05-16 07:14:11'),(708,'9be20941-909e-45f5-9982-966b22b91df3','SM AERIAL SCPT 24 Core/GYHC8A-24B1.3/24Tube','Gudang Utama',100.00,0.00,0.00,'2020-05-16 07:14:11','2020-05-16 07:14:11'),(709,'b8d951e7-fbc2-4f75-afee-9fcceee6eceb','SM DUCT CABLE ARMORED 12 Core/GYFA 12 G652D/2Tube','Gudang Utama',100.00,0.00,0.00,'2020-05-16 07:14:11','2020-05-16 07:14:11'),(710,'884b5795-b501-4e1e-8975-bccf42460d5e','SM DUCT CABLE ARMORED 24 Core/GYFA-24B1.3/4Tube','Gudang Utama',100.00,0.00,0.00,'2020-05-16 07:14:11','2020-05-16 07:14:11'),(711,'25816f2b-3ee8-4b1c-a2d8-25068e6dbf9a','SM DUCT CABLE ARMORED 48 Core/GYFA-48B1.3 /4Tube','Gudang Utama',100.00,0.00,0.00,'2020-05-16 07:14:11','2020-05-16 07:14:11'),(712,'b577d546-c42c-4e8a-9ef9-3d70d8bb28e2','SM DUCT CABLE ARMORED 6 Core/GYFA-6B1.3/1Tube','Gudang Utama',100.00,0.00,0.00,'2020-05-16 07:14:11','2020-05-16 07:14:11'),(713,'308dfdfa-509f-4039-9b96-e5ce030e3cfa','SM DUCT SCPT 12 Core/GYA-12B1.3/12Tube','Gudang Utama',100.00,0.00,0.00,'2020-05-16 07:14:11','2020-05-16 07:14:11'),(714,'0971970d-ac1d-442d-bc5e-eb04a4f9e9f3','SM DUCT SCPT 24 Core/GYA-24B1.3/24Tube','Gudang Utama',100.00,0.00,0.00,'2020-05-16 07:14:11','2020-05-16 07:14:11'),(715,'370a2a2b-ca31-454c-a4e3-53268b618f3c','SMALL CRIMP RING (2,00mm)','Gudang Utama',100.00,0.00,0.00,'2020-05-16 07:14:11','2020-05-16 07:14:11'),(716,'8254ecfe-9e2c-4331-a3cc-0108e97920c0','SMALL CRIMP RING (3,00mm)','Gudang Utama',100.00,0.00,0.00,'2020-05-16 07:14:11','2020-05-16 07:14:11'),(717,'cf02d601-1d27-4dc7-9cff-2074a7c1e6ad','Smart Cleaner LC (Pen Cleaner LC)','Gudang Utama',100.00,0.00,0.00,'2020-05-16 07:14:11','2020-05-16 07:14:11'),(718,'a616c88c-4667-4a4a-88ae-fac7b11ea119','SOC LC/APC ( Belum Terkupas )','Gudang Utama',100.00,0.00,0.00,'2020-05-16 07:14:11','2020-05-16 07:14:11'),(719,'20bdbd72-93f3-4ed6-bece-c3d15264988b','SOC LC/UPC ( Belum Terkupas )','Gudang Utama',100.00,0.00,0.00,'2020-05-16 07:14:11','2020-05-16 07:14:11'),(720,'cacd3d3b-6221-4b09-9317-2843bd9b0fc4','SOC SC/APC ( Belum Terkupas )','Gudang Utama',100.00,0.00,0.00,'2020-05-16 07:14:11','2020-05-16 07:14:11'),(721,'e80b16c8-81cf-41af-8206-76edbc1e39f0','Splitter 1:4 Modular SC/UPC ','Gudang Utama',100.00,0.00,0.00,'2020-05-16 07:14:11','2020-05-16 07:14:11'),(722,'32dbe418-54fe-4e02-bed2-9946dd6b2b2c','Splitter 1:4 Modular SC/UPC (No Brand)','Gudang Utama',100.00,0.00,0.00,'2020-05-16 07:14:11','2020-05-16 07:14:11'),(723,'b2a5ee77-139b-451a-abae-3f404a39fb65','Splitter 1:4 Modular SC/UPC (Ryutelco)','Gudang Utama',100.00,0.00,0.00,'2020-05-16 07:14:11','2020-05-16 07:14:11'),(724,'be79e0af-e670-4695-868e-82823a7fd9de','Splitter 1:4 PLC SC/APC (putih) No brand','Gudang Utama',100.00,0.00,0.00,'2020-05-16 07:14:11','2020-05-16 07:14:11'),(725,'3a47c5d9-bc89-4174-92bd-29da7a2eafc9','Splitter 1:4 PLC SC/UPC (Tente)','Gudang Utama',100.00,0.00,0.00,'2020-05-16 07:14:11','2020-05-16 07:14:11'),(726,'ef0bddb0-0664-4a6c-8235-9788faf4221d','Splitter 1:8 Mini Modular SC/UPC (Ryutelco)','Gudang Utama',100.00,0.00,0.00,'2020-05-16 07:14:11','2020-05-16 07:14:11'),(727,'143d9fca-4e7e-49f6-8358-18dad81208a9','Splitter 1:8 Modular SC/UPC ','Gudang Utama',100.00,0.00,0.00,'2020-05-16 07:14:11','2020-05-16 07:14:11'),(728,'4dfcec97-9511-463f-b99f-459068891080','Splitter 1:8 Modular SC/UPC (GOC)','Gudang Utama',100.00,0.00,0.00,'2020-05-16 07:14:11','2020-05-16 07:14:11'),(729,'11cd63ff-f3bf-4548-a138-d2df2d4f9b91','Splitter 1:8 Modular SC/UPC No Brand','Gudang Utama',100.00,0.00,0.00,'2020-05-16 07:14:11','2020-05-16 07:14:11'),(730,'54bba56c-437f-4495-bb54-319e5cab8fd7','Splitter 1:8 Modular SC/UPC SAM ','Gudang Utama',100.00,0.00,0.00,'2020-05-16 07:14:11','2020-05-16 07:14:11'),(731,'cfb66ce2-2e83-4b40-9977-75e91cb6c98f','Splitter 1:8 Modular SC/UPC YOFC','Gudang Utama',100.00,0.00,0.00,'2020-05-16 07:14:11','2020-05-16 07:14:11'),(732,'98b16609-8f93-4d59-a39a-082dc50fab0e','Splitter 1:8 PLC SC/APC (Kuning)','Gudang Utama',100.00,0.00,0.00,'2020-05-16 07:14:11','2020-05-16 07:14:11'),(733,'0d4415fb-64fa-44c4-9853-91628a75a165','Splitter 1:8 PLC SC/UPC ','Gudang Utama',100.00,0.00,0.00,'2020-05-16 07:14:11','2020-05-16 07:14:11'),(734,'9c453b4a-cdf9-43bc-80a9-5fd2dd359bcc','Splitter 1:8 PLC SC/UPC (Kuning) (Ryutelco)','Gudang Utama',100.00,0.00,0.00,'2020-05-16 07:14:11','2020-05-16 07:14:11'),(735,'b52e7a7a-51f5-47b4-9380-d0396f05b9cc','Splitter 1:8 PLC SC/UPC (Putih)','Gudang Utama',100.00,0.00,0.00,'2020-05-16 07:14:11','2020-05-16 07:14:11'),(736,'b87282e1-0711-442d-9f0b-9af422ac94d0','Splitter 1:8 PLC SC/UPC (Rainbow)','Gudang Utama',100.00,0.00,0.00,'2020-05-16 07:14:11','2020-05-16 07:14:11'),(737,'2b99de30-4726-4025-8c81-00285e94a9c4','Splitter 1:8 PLC Tanpa Connector ( No Brand )','Gudang Utama',100.00,0.00,0.00,'2020-05-16 07:14:11','2020-05-16 07:14:11'),(738,'02995664-b642-4f14-9cc5-b4ca22cff563','Splitter 2:32 Modular SC/APC ( No Brand )','Gudang Utama',100.00,0.00,0.00,'2020-05-16 07:14:11','2020-05-16 07:14:11'),(739,'ac62a19c-89e9-4e4b-94a3-16eb3fa3ea40','Splitter 2:8 Modular ( Tanpa Connector )','Gudang Utama',100.00,0.00,0.00,'2020-05-16 07:14:11','2020-05-16 07:14:11'),(740,'48c579c9-fd72-49d0-8193-970ef5399c84','Splitter 2:8 Modular SC/APC ','Gudang Utama',100.00,0.00,0.00,'2020-05-16 07:14:11','2020-05-16 07:14:11'),(741,'292d5c9f-c3f2-41b3-8f86-88c680b0d95e','Splitter 2:8 Modular SC/UPC ','Gudang Utama',100.00,0.00,0.00,'2020-05-16 07:14:11','2020-05-16 07:14:11'),(742,'f3c741df-78f4-4e81-9c2a-b4c7ada8021b','Splitter 2:8 Modular Tanpa Connector ','Gudang Utama',100.00,0.00,0.00,'2020-05-16 07:14:11','2020-05-16 07:14:11'),(743,'c91cce56-d608-4e60-924c-564ae011d0cb','Spray Mount ','Gudang Utama',100.00,0.00,0.00,'2020-05-16 07:14:11','2020-05-16 07:14:11'),(744,'cfadd0c2-e5a5-4ca2-ba47-f9a83499f279','SPRING LC (0,9mm), 2,00mm, 3,00mm)','Gudang Utama',100.00,0.00,0.00,'2020-05-16 07:14:11','2020-05-16 07:14:11'),(745,'a2c97e11-a34c-4929-ab5c-0db4622cd10d','SPRING Precon SC Semi Assembly','Gudang Utama',100.00,0.00,0.00,'2020-05-16 07:14:11','2020-05-16 07:14:11'),(746,'bd76bef8-460e-42f7-958e-a6b901164968','SPRING SC - FC (0,9mm), 2,00mm, 3,00mm)','Gudang Utama',100.00,0.00,0.00,'2020-05-16 07:14:11','2020-05-16 07:14:11'),(747,'83d144fc-4ce8-427c-81c7-d59aedfacc27','SPRING ST UPC (2,00mm)','Gudang Utama',100.00,0.00,0.00,'2020-05-16 07:14:11','2020-05-16 07:14:11'),(748,'ddfbac1f-f946-425a-b7c6-bba1ea8b91c6','Stainless Biasa','Gudang Utama',100.00,0.00,0.00,'2020-05-16 07:14:11','2020-05-16 07:14:11'),(749,'0a97c76c-59a0-456d-8c78-9eb482cc3932','Stainless Mengkilat','Gudang Utama',100.00,0.00,0.00,'2020-05-16 07:14:11','2020-05-16 07:14:11'),(750,'333cbb1a-f46e-49a1-a480-ea3ae3092f4e','Stick Rodding','Gudang Utama',100.00,0.00,0.00,'2020-05-16 07:14:11','2020-05-16 07:14:11'),(751,'bc7e4d93-bc3d-40cb-957f-441d563e6122','STOPPER ST UPC (2,00mm)','Gudang Utama',100.00,0.00,0.00,'2020-05-16 07:14:11','2020-05-16 07:14:11'),(752,'851d304d-f84d-407d-9f40-27cc59148324','Stopping Buckle ','Gudang Utama',100.00,0.00,0.00,'2020-05-16 07:14:11','2020-05-16 07:14:11'),(753,'157e08e1-c7a3-4661-a3fa-f33f6e4c5089','Stopping Buckle Gigi','Gudang Utama',100.00,0.00,0.00,'2020-05-16 07:14:11','2020-05-16 07:14:11'),(754,'ca3b8734-416f-4c38-ae27-06aa445c4c46','Stripper Fis Import','Gudang Utama',100.00,0.00,0.00,'2020-05-16 07:14:11','2020-05-16 07:14:11'),(755,'92cf5322-2901-4dd0-b873-7ba5d301e5ca','Stripper Fis Local','Gudang Utama',100.00,0.00,0.00,'2020-05-16 07:14:11','2020-05-16 07:14:11'),(756,'db8c2059-3cf8-459f-994d-5120fe1b39db','Suntikan 1ml','Gudang Utama',100.00,0.00,0.00,'2020-05-16 07:14:11','2020-05-16 07:14:11'),(757,'fa3af189-f48a-41d0-a58a-8debee4a6465','Suspensi ','Gudang Utama',100.00,0.00,0.00,'2020-05-16 07:14:11','2020-05-16 07:14:11'),(758,'7c159d16-c49e-4c27-8946-8ca035268f26','Tangga 4,4m AMG','Gudang Utama',100.00,0.00,0.00,'2020-05-16 07:14:11','2020-05-16 07:14:11'),(759,'caf4f611-d1e1-4675-980d-080204c9b564','Tangga 5,2m AMG','Gudang Utama',100.00,0.00,0.00,'2020-05-16 07:14:11','2020-05-16 07:14:11'),(760,'245d17dc-64b3-4d78-be04-4735c932f86f','Tap Polishing (Mesin Manual)','Gudang Utama',100.00,0.00,0.00,'2020-05-16 07:14:11','2020-05-16 07:14:11'),(761,'a55f11a9-6656-49fb-9b3a-11c1c9252013','Teflon Tube 0,9/0,6mm Ivory Colour','Gudang Utama',100.00,0.00,0.00,'2020-05-16 07:14:11','2020-05-16 07:14:11'),(762,'1384e285-01e5-409d-ab47-11eafca2dd3d','Testphone Chinoe/Microtest','Gudang Utama',100.00,0.00,0.00,'2020-05-16 07:14:11','2020-05-16 07:14:11'),(763,'e32b3f90-a6e7-4257-910a-14c418f1f341','Tinta Stempel','Gudang Utama',100.00,0.00,0.00,'2020-05-16 07:14:11','2020-05-16 07:14:11'),(764,'c4ae4929-d6ea-43cb-8772-aec41dc457da','Tissue 1000gr','Gudang Utama',100.00,0.00,0.00,'2020-05-16 07:14:11','2020-05-16 07:14:11'),(765,'fa4f5543-e1b9-419e-85da-10b84b572c10','Tissue Kimtech','Gudang Utama',100.00,0.00,0.00,'2020-05-16 07:14:11','2020-05-16 07:14:11'),(766,'5b35dc17-12ad-41a0-beaa-404ab1187df3','TRANSPARENT TUBE (0.9mm, 2,00mm, 3.00mm)','Gudang Utama',100.00,0.00,0.00,'2020-05-16 07:14:11','2020-05-16 07:14:11'),(767,'4b4ae981-c88c-479a-9f72-11c2837cbb4f','UCU 801','Gudang Utama',100.00,0.00,0.00,'2020-05-16 07:14:11','2020-05-16 07:14:11'),(768,'dd6a729f-e71f-468c-a249-7f7fdaf0c169','Velcro','Gudang Utama',100.00,0.00,0.00,'2020-05-16 07:14:11','2020-05-16 07:14:11'),(769,'c49ffd8c-556a-47bf-91d0-76e1dca5b182','Visual Fault Locator AMG','Gudang Utama',100.00,0.00,0.00,'2020-05-16 07:14:11','2020-05-16 07:14:11'),(770,'4d6797ab-3ea0-4545-afc8-4643a5e75c4f','Visual Fault Locator JW 3105A','Gudang Utama',100.00,0.00,0.00,'2020-05-16 07:14:11','2020-05-16 07:14:11'),(771,'5f8c77ad-966d-47c6-b3c6-e8462e7b18e9','Wall Mount Rack ','Gudang Utama',100.00,0.00,0.00,'2020-05-16 07:14:11','2020-05-16 07:14:11'),(772,'6d3ad0a2-5469-4ecf-b038-80f8e769ebc1','Wire Tracker/Tone Checker','Gudang Utama',100.00,0.00,0.00,'2020-05-16 07:14:11','2020-05-16 07:14:11'),(773,'1b8bae64-b054-484e-a9e8-bb1595ca89a7','Wrapping  Kecil uk.5 x 250m','Gudang Utama',100.00,0.00,0.00,'2020-05-16 07:14:11','2020-05-16 07:14:11'),(774,'4e2fd3bb-cd3e-4ecb-9da6-745b145f57ce','Wrapping  Panjang uk.50 x 150m','Gudang Utama',100.00,0.00,0.00,'2020-05-16 07:14:11','2020-05-16 07:14:11'),(775,'49015b79-c8d7-4440-8223-515b21b026c6','Wrapping Besar','Gudang Utama',100.00,0.00,0.00,'2020-05-16 07:14:11','2020-05-16 07:14:11'),(776,'d9ea8164-aff7-4501-b2b3-71a7592e7dff','Wrapping Bubble Bening','Gudang Utama',100.00,0.00,0.00,'2020-05-16 07:14:11','2020-05-16 07:14:11'),(777,'e863ed89-530f-4632-bee1-154d6d2ed205','Wrapping Bubble Hitam','Gudang Utama',100.00,0.00,0.00,'2020-05-16 07:14:11','2020-05-16 07:14:11'),(778,'3d9cb0a3-cb54-4a50-bd20-ab7243a88a2b','Wrapping Sedang','Gudang Utama',100.00,0.00,0.00,'2020-05-16 07:14:11','2020-05-16 07:14:11'),(779,'04d12107-3e94-44ec-8059-2b577eae843c','X-Frame 80X90cm 3mm Model Tekuk','Gudang Utama',100.00,0.00,0.00,'2020-05-16 07:14:11','2020-05-16 07:14:11'),(780,'5419c6c1-c02b-42a1-99d7-331514ce735e','Young Jin ','Gudang Utama',100.00,0.00,0.00,'2020-05-16 07:14:11','2020-05-16 07:14:11'),(781,'4179d80b-f6c1-402a-8d86-76ce23fe9f86','Zig Housing FC/APC  (Mesin Mecanical)','Gudang Utama',100.00,0.00,0.00,'2020-05-16 07:14:11','2020-05-16 07:14:11'),(782,'ff311236-4679-4d0e-8445-711b9e97879d','Zig Housing FC/UPC  (Mesin Manual)','Gudang Utama',100.00,0.00,0.00,'2020-05-16 07:14:11','2020-05-16 07:14:11'),(783,'5d33ef5c-fd87-4770-9051-e78a193a7aa2','Zig Housing FC/UPC  (Mesin Mecanical)','Gudang Utama',100.00,0.00,0.00,'2020-05-16 07:14:11','2020-05-16 07:14:11'),(784,'34eff310-0251-45ad-a357-0bbd38c94fed','Zig Housing LC/APC  (Mesin Mecanical)','Gudang Utama',100.00,0.00,0.00,'2020-05-16 07:14:11','2020-05-16 07:14:11'),(785,'5a75ace8-9408-4b6a-b5bf-f9a521259c77','Zig Housing LC/UPC   (Mesin Mecanical)','Gudang Utama',100.00,0.00,0.00,'2020-05-16 07:14:11','2020-05-16 07:14:11'),(786,'cac3b4e2-b505-411b-a2c6-d213e4a37ab3','Zig Housing LC/UPC  (Mesin Manual)','Gudang Utama',100.00,0.00,0.00,'2020-05-16 07:14:11','2020-05-16 07:14:11'),(787,'4f062ee3-75db-4366-8b4d-a851227c4a43','Zig Housing SC/APC  (Mesin Manual)','Gudang Utama',100.00,0.00,0.00,'2020-05-16 07:14:11','2020-05-16 07:14:11'),(788,'50fb2356-968e-4d26-9a9d-92cc27f5e291','Zig Housing SC/APC  (Mesin Mecanical)','Gudang Utama',100.00,0.00,0.00,'2020-05-16 07:14:11','2020-05-16 07:14:11'),(789,'45e3a2e9-41af-4ba9-96d4-b07ec1fe038b','Zig Housing SC/UPC  (Mesin Manual)','Gudang Utama',100.00,0.00,0.00,'2020-05-16 07:14:11','2020-05-16 07:14:11'),(790,'6cca0b3f-588c-42f9-b0b4-e09aa264bf17','Zig Housing SC/UPC  (Mesin Mecanical)','Gudang Utama',100.00,0.00,0.00,'2020-05-16 07:14:11','2020-05-16 07:14:11'),(791,'7fbc00c3-fb42-46ea-ae0c-309b5edfeefa','Zig LC/UPC  (Mesin Manual)','Gudang Utama',100.00,0.00,0.00,'2020-05-16 07:14:11','2020-05-16 07:14:11'),(792,'a35f643f-add6-4d0a-8be9-9744f10374bc','Zig SC/APC  (Mesin Manual)','Gudang Utama',100.00,0.00,0.00,'2020-05-16 07:14:11','2020-05-16 07:14:11'),(793,'d3829fea-5f09-45e8-90c6-16b628e6df9f','Zig SC/UPC  (Mesin Manual)','Gudang Utama',100.00,0.00,0.00,'2020-05-16 07:14:11','2020-05-16 07:14:11'),(796,'91533b75-3486-44b5-91fa-6d3f90f2810b','Kabel MM OM1 DX 2,0mm','Gudang Utama',2000.00,0.00,0.00,'2020-05-18 02:46:19','2020-09-22 19:20:56'),(797,'23093902-3264-44f2-9d7e-08385b8ebbc9','Cable MM OM1 DX (3,0mm)','Gudang Utama',2000.00,0.00,0.00,'2020-05-18 03:06:38','2020-05-18 03:06:38'),(798,'146bd875-5e1f-4af0-a998-35ed8cd2b520','Clousure Duct 12/24 Core','Gudang Utama',10.00,0.00,0.00,'2020-05-18 03:32:22','2020-05-18 09:13:21'),(803,'0f8acf9f-ab7c-4187-9060-497c3f6702a0','Patchcord SM DX (2,0mm) SC/UPC-SC/UPC 20m','Gudang Utama',10.00,0.00,0.00,'2020-06-17 02:42:55','2020-06-19 10:50:45'),(804,'3fd87551-f61c-4b63-9e35-a2ee90cf601d','Patchcord SM DX (2,0mm) SC/UPC-SC/UPC 25m','Gudang Utama',10.00,0.00,0.00,'2020-06-17 02:47:34','2020-06-19 10:50:45'),(805,'68c8937d-9b0f-4dfb-aa2a-d76efe01bb6a','Precon 1 Core SC/UPC-LC/UPC 100m','Gudang Utama',10.00,0.00,0.00,'2020-06-17 02:53:20','2020-06-17 02:53:20'),(807,'85d7b123-b356-40e7-ae8b-4f455384e871','Connector MM ST/PC (0,9mm)','Gudang Utama',1000.00,0.00,0.00,'2020-07-10 05:28:01','2020-07-10 05:28:01'),(814,'1f323518-b762-4895-ab52-55c2aa481e7c','Ferulle 250 uf ST PC','Gudang Utama',100.00,0.00,0.00,'2020-07-13 10:09:13','2020-07-13 10:09:13'),(815,'5d9ab536-33c0-11ea-aec2-2e728ce88125','Adapter Dustcaps Black','Gudang Produksi',0.00,0.00,500.00,'2020-09-30 10:58:04','2020-09-30 10:58:04'),(816,'5d9ab536-33c0-11ea-aec2-2e728ce88125','Adapter Dustcaps Black','Gudang Pengiriman',0.00,0.00,0.00,'2020-09-30 11:06:51','2020-09-30 11:07:56'),(817,'dae85cab-739f-4670-b04a-da850053ebab','Kabel AERIAL/ KU FO 12Core SCPT (Y)','Gudang Utama',5000.00,0.00,0.00,'2020-10-01 19:04:50','2020-10-01 19:04:50'),(818,'372b6d42-6942-4754-9f9a-d3cd75ab0f36','Kabel KU 24/24 SCPT MERK YOFC','Gudang Utama',100000.00,0.00,0.00,'2020-10-05 19:01:12','2020-10-05 19:01:12'),(819,'a25e4733-9253-4b3e-b06b-e9eb310e8688','Kabel KU 24C G652D Konvesional','Gudang Utama',10000.00,0.00,0.00,'2020-10-05 19:06:29','2020-10-05 19:06:29'),(820,'f2689346-97ea-4aa4-a127-584dfd69aa85','ODP 18','Gudang Utama',100.00,0.00,50.00,'2020-10-10 16:17:45','2020-10-10 16:28:26'),(821,'f2689346-97ea-4aa4-a127-584dfd69aa85','ODP 18','Gudang Pengiriman',0.00,0.00,0.00,'2020-10-10 16:28:27','2020-10-10 16:37:53'),(822,'8bb1454c-9626-444f-bdfb-ee25fd4690bc','Precon 1 Core SC/APC-SC/APC 100M','Gudang Pengiriman',0.00,0.00,3.00,'2020-10-13 16:41:58','2020-10-18 16:22:34'),(823,'4f964b43-2859-4137-9043-3d725e9e6ff4','Precon 1 Core SC/APC-SC/UPC 200M','Gudang Pengiriman',0.00,0.00,0.00,'2020-10-13 16:41:58','2020-10-13 16:43:26'),(824,'99848fc7-02da-4626-a18f-4c8e3cd6f539','Connector 2mm Semi Finished SC/UPC SM','Gudang Utama',100.00,0.00,2000.00,'2020-10-18 11:43:22','2020-10-18 11:50:45'),(825,'46d04f0e-529c-4c74-8034-bbbd3b3c02d0','Connector kit FC/PC SM SX 2,mm','Gudang Utama',100.00,0.00,9000.00,'2020-10-18 11:49:57','2020-10-18 11:51:17'),(826,'b2d8bbf3-3397-4e96-af82-d98c6e851b15','Connector kit FC/UPC SM 3,mm','Gudang Utama',100.00,0.00,5000.00,'2020-10-18 11:52:15','2020-10-18 11:52:53'),(827,'be4df46f-c7bb-4401-859f-4d414d033480','Connector kit LC/APC SX 0,9mm','Gudang Utama',100.00,0.00,10000.00,'2020-10-18 11:54:15','2020-10-18 11:55:02'),(828,'c7e32d07-d619-4604-a41f-02d07ff021c3','Connector kit LC/APC SX 2,mm','Gudang Utama',100.00,0.00,10000.00,'2020-10-18 11:56:07','2020-10-18 11:56:59'),(829,'c3a61d6f-db0f-4039-946f-2636679c4dbe','Connector kit LC/APC SX 3,mm','Gudang Utama',100.00,0.00,5000.00,'2020-10-18 12:00:20','2020-10-18 12:00:54'),(830,'312e9f2d-9eb3-4642-8728-fca0a113b2df','Connector kit MM 0,9mm LC/PC','Gudang Utama',100.00,0.00,5000.00,'2020-10-18 12:03:00','2020-10-18 12:03:42'),(831,'b177d4e6-1bb6-4b24-be9f-6862cc06ab00','Connector kit SM 3,mm LC/UPC','Gudang Utama',100.00,0.00,5000.00,'2020-10-18 12:06:07','2020-10-18 12:07:46'),(832,'43a66fbc-1283-4954-98ad-795093cab8f1','Connector kit SM  SC/UPC 2,mm','Gudang Utama',100.00,0.00,28000.00,'2020-10-18 12:10:05','2020-10-18 12:10:44'),(833,'409c7059-3a51-42e2-a699-323b66b98a1c','Connector kit ST/PC 2mm SM','Gudang Utama',100.00,0.00,5000.00,'2020-10-18 12:12:20','2020-10-18 12:13:41'),(834,'721ae20d-890a-4317-8e78-2fd4e910fd71','Connector Set MM SC/PC 2,mm','Gudang Utama',100.00,0.00,25000.00,'2020-10-18 12:21:48','2020-10-18 12:23:05'),(835,'6efc1e72-4c7d-4859-ab49-e4a1ceb177f8','Connector Set SM SC/APC 2,mm','Gudang Utama',100.00,0.00,35000.00,'2020-10-18 12:27:43','2020-10-18 12:28:32'),(836,'32d233b8-5eda-4841-a171-ad418b62a37f','Kabel MM SX 3.mm 1,5M Potongan','Gudang Utama',100.00,0.00,5.00,'2020-10-18 12:49:30','2020-10-18 12:51:43'),(837,'98881418-5068-4249-b74f-57661271d959','Kabel MM SX 3.mm 3M Potongan','Gudang Utama',100.00,0.00,43.00,'2020-10-18 12:52:59','2020-10-18 12:53:24'),(838,'4cc8dd7c-2695-4cc8-95ae-36d488fc7322','Patchcord MM DX SC/APC-LC/APC (2,mm) 1M','Gudang Utama',100.00,0.00,19.00,'2020-10-18 12:57:26','2020-10-18 12:58:00'),(839,'1cd89c0e-c42b-4016-9880-7c2ff72e6981','Patchcord MM DX SC/APC-SC/APC (2,mm) 2M','Gudang Utama',100.00,0.00,33.00,'2020-10-18 12:59:12','2020-10-18 13:44:28'),(840,'09b70913-051f-417b-b0ac-95ad2e8f3aa0','Patchcord MM DX SC/UPC-SC/UPC (2,mm) 1M','Gudang Utama',100.00,0.00,6.00,'2020-10-18 13:01:04','2020-10-18 13:01:36'),(841,'8b720a30-e203-495e-b337-21ae7de0a788','Patchcord MM OM3 DX 2,mm SC/PC-SC/PC 10M','Gudang Utama',100.00,0.00,5.00,'2020-10-18 13:02:25','2020-10-18 13:03:03'),(842,'a3748b5c-4a15-4810-b311-2d1995dd502b','Patchcord Outdoor DX SC/APC-SC/APC 100m','Gudang Utama',100.00,0.00,20.00,'2020-10-18 13:06:29','2020-10-18 13:10:34'),(843,'98483d52-8723-45df-88cf-03439d31012d','Patchcord Outdoor SC/UPC-SC/UPC 5M','Gudang Utama',100.00,0.00,18.00,'2020-10-18 13:33:28','2020-10-18 13:37:26'),(844,'efab58d1-725f-4118-a704-10286e51a088','Rosette 2Core GOC Kosongan','Gudang Utama',100.00,0.00,256.00,'2020-10-18 14:06:16','2020-10-18 14:07:40'),(845,'bdc70188-9d09-4df3-a48f-ba37877ee391','Patchcord SM DX 3.mm FC/UPC-SC/UPC 20M','Gudang Utama',100.00,0.00,1.00,'2020-10-18 14:08:26','2020-10-18 14:09:32'),(846,'cbc27e69-e7ee-4ce8-8a55-481412007052','Saklar','Gudang Utama',100.00,0.00,27.00,'2020-10-18 14:10:13','2020-10-18 14:10:44'),(847,'f13170e2-80cf-49a1-8734-f15b907a8126','Patchcord SM DX FC/UPC-LC/UPC  (3,mm) 15M','Gudang Utama',100.00,0.00,2.00,'2020-10-18 14:11:20','2020-10-18 14:12:24'),(848,'7fde20f0-5ebf-4e31-b4dd-e3baa9330f94','Patchcord SM DX FC/UPC-SC/UPC (2,mm) 20M','Gudang Utama',100.00,0.00,2.00,'2020-10-18 14:13:40','2020-10-18 14:14:21'),(849,'aa2ad4ee-ed5e-469d-842f-c5c773fa97bb','Patchcord SM DX FC/UPC-SC/UPC (2,mm) 5M','Gudang Utama',100.00,0.00,1.00,'2020-10-18 14:16:14','2020-10-18 14:17:53'),(850,'a672d69c-0698-4816-8c2b-9e1b26c6192b','Patchcord SM DX SC/APC-SC/APC (2,mm) 10M','Gudang Utama',100.00,0.00,2.00,'2020-10-18 14:19:21','2020-10-18 14:20:20'),(851,'190cdac6-e967-446a-b023-3f9f8f2a94b6','Patchcord SM DX SC/UPC-LC/UPC (2,mm) 2M','Gudang Utama',100.00,0.00,1.00,'2020-10-18 14:21:39','2020-10-18 14:22:36'),(852,'c031725c-db20-4f33-933f-e96630deb077','Patchcord SM DX SC/UPC-LC/UPC (2,mm) 5M','Gudang Utama',100.00,0.00,1.00,'2020-10-18 14:23:40','2020-10-18 14:24:27'),(853,'3e0588c3-e0f3-4367-8338-53fe0e6e4280','Patchcord SM DX ST/UPC-LC/UPC (3,mm) 10M','Gudang Utama',100.00,0.00,1.00,'2020-10-18 14:25:42','2020-10-18 14:26:30'),(854,'382e1763-8f9e-4dea-a4ec-e52cbfc785a4','Patchcord SM DX ST/UPC-LC/UPC (3,mm) 3M','Gudang Utama',100.00,0.00,1.00,'2020-10-18 14:27:55','2020-10-18 14:28:48'),(855,'1085919b-a6fc-4136-8c6b-a241262f9095','Patchcord SM DX ST/UPC-SC/UPC (2,mm) 5M','Gudang Utama',100.00,0.00,1.00,'2020-10-18 14:30:22','2020-10-18 14:31:04'),(856,'75075189-3034-47aa-bdba-6b6a56cf7e90','Patchcord SM SX (2,0mm) LC/UPC-LC/UPC 4m','Gudang Utama',100.00,0.00,20.00,'2020-10-18 14:39:19','2020-10-18 14:40:07'),(857,'5589d37c-ff92-4569-b81d-8ded2f0b1486','Patchcord SM SX (2,0mm) LC/UPC-LC/UPC 50m','Gudang Utama',100.00,0.00,22.00,'2020-10-18 14:41:20','2020-10-18 14:42:24'),(858,'95c19081-c0e8-4a83-997d-999c5b54c574','Patchcord SM SX (2,0mm) LC/UPC-LC/UPC 70m','Gudang Utama',100.00,0.00,6.00,'2020-10-18 14:44:51','2020-10-18 14:45:55'),(859,'eac963ac-8451-40fa-9c37-a949fe73f820','Patchcord SM SX (2,0MM) LC/UPC-SC/UPC 20M','Gudang Utama',100.00,0.00,72.00,'2020-10-18 14:48:12','2020-10-18 14:49:23'),(860,'bb6e2a56-d913-460b-bf8c-77775bc6cc17','Patchcord SM SX 3.mm FC/UPC-FC/UPC 15M','Gudang Utama',100.00,0.00,1.00,'2020-10-18 15:00:32','2020-10-18 15:01:20'),(861,'6058e073-8a24-4a60-b717-704c92b2f4e1','Patchcord SM SX LC/UPC-FC/UPC (2,mm) 10M','Gudang Utama',100.00,0.00,15.00,'2020-10-18 15:03:36','2020-10-18 15:04:14'),(862,'4a2b62e8-320e-465d-be9a-507923110235','Patchcord SM SX LC/UPC-FC/UPC (2,mm) 15M','Gudang Utama',100.00,0.00,4.00,'2020-10-18 15:05:25','2020-10-18 15:06:12'),(863,'5edc5a62-d344-49cd-96e4-b29177b6c259','Patchcord SM SX LC/UPC-FC/UPC (2,mm) 20M','Gudang Utama',100.00,0.00,5.00,'2020-10-18 15:07:22','2020-10-18 15:07:53'),(864,'6cdd479f-15c3-4eef-afe9-612bfa13e0d2','Patchcord SM SX LC/UPC-FC/UPC (2,mm) 30M','Gudang Utama',100.00,0.00,77.00,'2020-10-18 15:09:01','2020-10-18 15:09:42'),(865,'d2b7a8d6-6f36-47ae-beac-fdda2a1d315f','Patchcord SM SX LC/UPC-FC/UPC (2,mm) 40M','Gudang Utama',100.00,0.00,1.00,'2020-10-18 15:10:36','2020-10-18 15:11:25'),(866,'cb182e47-a590-45b8-ad40-c54112d666d4','Patchcord SM SX SC/APC-SC/UPC (3,mm) 1M','Gudang Utama',100.00,0.00,25.00,'2020-10-18 15:13:30','2020-10-18 15:14:03'),(867,'69391a54-0a4f-46d4-8d41-f6eb68ec5b15','Patchcord SM SX 2,mm FC/APC-FC/APC 1m','Gudang Utama',100.00,0.00,1.00,'2020-10-18 15:14:07','2020-10-18 15:14:50'),(868,'c2ca482a-feba-4e0c-a24c-b84cc28f6c07','Patchcord SM SX SC/UPC-LC/UPC (2,mm) 1,5M','Gudang Utama',100.00,0.00,347.00,'2020-10-18 15:15:34','2020-10-18 15:17:52'),(869,'39d918f5-4d1f-466e-ab38-71f091f08846','Patchcord SM SX 2,mm FC/UPC-LC/UPC 20M','Gudang Utama',100.00,0.00,21.00,'2020-10-18 15:15:46','2020-10-18 15:16:19'),(870,'ee8047c5-2fe6-4980-8c4c-a1fc5d465613','Patchcord SM SX 2,mm LC/UPC-LC/UPC 3m','Gudang Utama',100.00,0.00,3.00,'2020-10-18 15:17:13','2020-10-18 15:17:46'),(871,'d70aa921-d273-4ee5-a139-b621834ae165','Patchcord SM SX 2,mm SC/APC-SC/UPC 2m','Gudang Utama',100.00,0.00,62.00,'2020-10-18 15:18:39','2020-10-18 15:19:08'),(872,'20aeb90f-9b09-45d5-9029-28d353cead62','Patchcord SM SX 2,mm SC/UPC-LC/UPC 7m','Gudang Utama',100.00,0.00,50.00,'2020-10-18 15:19:58','2020-10-18 15:21:03'),(873,'3fea69c6-2c2a-4f26-8ef5-a8bfbb5f77b3','Patchcord SM SX 2,mm SC/UPC-SC/UPC 1,5m','Gudang Utama',100.00,0.00,7.00,'2020-10-18 15:21:55','2020-10-18 15:22:31'),(874,'7725172c-a7c8-455f-a370-00fd8bdf5f64','Patchcord SM SX 2.mm LC/UPC-SC/UPC 30M','Gudang Utama',100.00,0.00,14.00,'2020-10-18 15:23:16','2020-10-18 15:23:52'),(875,'ae76e896-1f8e-4ce0-be3c-63991c7d06d8','Patchcord SM SX 3,mm SC/APC - SC/UPC 20m','Gudang Utama',100.00,0.00,1.00,'2020-10-18 15:24:47','2020-10-18 15:25:19'),(876,'abdad341-d3b2-4adb-ac25-de07ee0d172c','Patchcord SM SX 3,mm SC/APC - SC/UPC 5m','Gudang Utama',100.00,0.00,3.00,'2020-10-18 15:26:17','2020-10-18 15:26:53'),(877,'5d9db664-33c0-11ea-aec2-2e728ce88125','Dropcable 1 Core, GJYXFCH, LSZH, 1000M FTI','Gudang Pengiriman',0.00,0.00,21.00,'2020-10-18 15:39:36','2020-10-18 16:14:50'),(878,'5d9ee142-33c0-11ea-aec2-2e728ce88125','Patchcord MM DX Out Door SC/UPC-LC/UPC 10m Heat Shrink Kuning','Gudang Pengiriman',0.00,0.00,61.00,'2020-10-18 16:14:39','2020-10-18 16:22:33'),(879,'5d9ee80e-33c0-11ea-aec2-2e728ce88125','Patchcord MM OM1 DX (2,0mm) LC/PC-LC/PC 3m','Gudang Pengiriman',0.00,0.00,70.00,'2020-10-18 16:14:40','2020-10-18 16:14:50'),(880,'5d9ee282-33c0-11ea-aec2-2e728ce88125','Patchcord MM DX Out Door SC/UPC-LC/UPC 5m Heat Shrink Hitam PAZ','Gudang Pengiriman',0.00,0.00,2.00,'2020-10-18 16:22:33','2020-10-18 16:22:33'),(881,'5d9ee3c2-33c0-11ea-aec2-2e728ce88125','Patchcord MM DX Out Door SC/UPC-SC/UPC 5m Heat Shrink Hitam','Gudang Pengiriman',0.00,0.00,1.00,'2020-10-18 16:22:33','2020-10-18 16:22:33'),(882,'9610371c-192b-4141-a2fb-341a4a7c7398','Precon 1 Core SC/APC-SC/APC 120M','Gudang Pengiriman',0.00,0.00,1.00,'2020-10-18 16:22:34','2020-10-18 16:22:34'),(883,'1936d003-a37a-47dd-ab2d-f0fba280124c','Patchcord SM Sx 2mm Sc Upc - Lc Upc 10M','Gudang Utama',10.00,0.00,0.00,'2020-10-23 16:31:06','2020-10-23 16:31:06'),(884,'cfcaef90-1fcc-47d4-a12f-491661ec435b','Makloon patchcord sm dx 3mm sc upc - lc upc 15M','Gudang Utama',1.00,0.00,0.00,'2020-10-31 12:56:09','2020-10-31 12:56:09'),(885,'b36f568e-371e-4a3c-8ff1-02403c5cde32','GJYXFCH-B/1, LSZH, GFRP , FLAT CABLE , G675A1 , 1 SELING - 1 Core - FTI','Gudang Utama',10000.00,0.00,0.00,'2020-10-31 13:35:36','2020-10-31 13:35:36'),(886,'bca2bcb9-3479-4676-8121-0f39bbb74232','Kabel Pigtail SM 0.9 mm G657A2 LSZH Yellow','Gudang Utama',10000.00,0.00,0.00,'2020-10-31 14:11:55','2020-10-31 14:11:55'),(887,'c4793473-e304-420f-a80b-10d3793fee20','Kabel Pigtail SM 0.9 mm G652D LSZH yellow','Gudang Utama',10000.00,0.00,0.00,'2020-10-31 14:14:35','2020-10-31 14:14:35'),(888,'8d8e92b6-c1bb-4cf3-b444-d52c3ac89be3','Kabel Pigtail SM 0.9 mm G657A2 LSZH WHITE','Gudang Utama',10000.00,0.00,0.00,'2020-10-31 14:17:33','2020-10-31 14:17:33'),(889,'1b8047a6-c6ef-46a4-ac80-49281ce69c9b','Kabel Pigtail SM 0.9 mm G652D LSZH WHITE','Gudang Utama',10000.00,0.00,0.00,'2020-10-31 14:20:19','2020-10-31 14:20:19'),(890,'76bbb9c2-c6d3-40fe-a7e5-aa14145ff9d7','Kabel Patchcord SM SX 2mm G657A2 LSZH YELLOW','Gudang Utama',10000.00,0.00,0.00,'2020-10-31 14:24:44','2020-10-31 14:24:44'),(891,'e090a592-1668-4288-9f05-2d2f0ca10739','Kabel Patchcord SM SX 2mm G652D PVC YELLOW','Gudang Utama',10000.00,0.00,0.00,'2020-10-31 14:27:21','2020-10-31 14:27:21'),(892,'b002c7e5-c3e2-4232-80dc-b6caf24cb080','Kabel Patchcord SM SX 3.0mm G657A2 LSZH Yellow','Gudang Utama',10000.00,0.00,0.00,'2020-10-31 14:51:27','2020-10-31 14:51:27'),(893,'e2f05e00-0a88-43ca-87f5-badf71872dd2','Kabel Patchcord SM SX 3.0mm G652D LSZH YELLOW','Gudang Utama',10000.00,0.00,0.00,'2020-10-31 15:00:31','2020-10-31 15:00:31'),(894,'0d58c1f0-8042-48fe-87c7-e6db87e6b4dd','Kabel Patchcord SM DX 2mm G652D PVC YELLOW','Gudang Utama',10000.00,0.00,0.00,'2020-10-31 15:02:44','2020-10-31 15:02:44'),(895,'aab2c0d7-f202-40ec-846d-4708e8abedda','Kabel Patchcord SM DX 2.0mm G657A2 LSZH YELLOW','Gudang Utama',10000.00,0.00,0.00,'2020-10-31 15:11:07','2020-10-31 15:11:07'),(896,'1a799cfd-1e1b-49d8-8bc8-21d987d45364','Kabel Patchcord SM DX 2.0mm G652D LSZH Yellow','Gudang Utama',10000.00,0.00,0.00,'2020-10-31 15:16:06','2020-10-31 15:16:06'),(897,'cbb34c1d-073e-45d5-aee3-4be689240e85','Kabel Patchcord SM DX 3.0mm G657A2 LSZH YELLOW','Gudang Utama',10000.00,0.00,0.00,'2020-10-31 15:17:50','2020-10-31 15:17:50'),(898,'ca2ae5dc-b8f1-4812-a669-c7b56dd7580f','Kabel Patchcord SM DX 3.0mm G652D LSZH','Gudang Utama',10000.00,0.00,0.00,'2020-10-31 15:25:12','2020-10-31 15:25:12'),(899,'0146f1da-6606-4037-b6f7-e0a82db03afa','Kabel Patchcord MM OM2 DX 2mm LSZH ORANGE','Gudang Utama',10000.00,0.00,0.00,'2020-10-31 15:28:59','2020-10-31 15:28:59'),(900,'64a877f3-aef9-4035-a71e-de3c7388c02f','Kabel Patchcord MM OM3 DX 2mm LSZH AQUA','Gudang Utama',10000.00,0.00,0.00,'2020-10-31 15:33:04','2020-10-31 15:33:04'),(901,'179ad9f8-08fb-4d7a-b1cd-1afdb71e3f66','Kabel Patchcord MM OM4 DX 2mm LSZH AQUA','Gudang Utama',10000.00,0.00,0.00,'2020-10-31 15:42:18','2020-10-31 15:42:18'),(902,'3e10db3c-6056-4b1a-8d9a-5f8a936d924a','Kabel Patchcord MM OM4 DX 2mm LSZH RED','Gudang Utama',10000.00,0.00,0.00,'2020-10-31 18:08:45','2020-10-31 18:08:45'),(903,'7449f696-c8aa-4995-b7ef-4cde5e91bc38','SM DUCT CABLE CONVEN 12 Core - YOFC','Gudang Utama',10000.00,0.00,0.00,'2020-11-04 17:54:37','2020-11-04 17:54:37'),(904,'2ac70148-52ca-4ef2-b482-394816f3ac76','SM DUCT CABLE CONVEN 24 Core - YOFC','Gudang Utama',10000.00,0.00,0.00,'2020-11-04 19:06:07','2020-11-04 19:06:07'),(905,'a0a81a82-ba7c-4492-bad7-2c02325ca65f','Pigtail MM OM2 DX (3,0mm) ST/PC 3m','Gudang Pengiriman',0.00,0.00,0.00,'2020-11-09 14:41:49','2020-11-09 14:49:59'),(906,'0c8f8e6a-5ed6-4813-ac25-1c76a48a39a3','Patchcord SM SX (3,0mm) SC/UPC-SC/APC 20m','Gudang Pengiriman',0.00,0.00,0.00,'2020-11-09 16:00:43','2020-11-09 16:00:43');
/*!40000 ALTER TABLE `inventories` ENABLE KEYS */;
UNLOCK TABLES;

--
-- Table structure for table `inventory_movements`
--

DROP TABLE IF EXISTS `inventory_movements`;
/*!40101 SET @saved_cs_client     = @@character_set_client */;
/*!40101 SET character_set_client = utf8 */;
CREATE TABLE `inventory_movements` (
  `id` bigint(20) unsigned NOT NULL AUTO_INCREMENT,
  `inventory_id` bigint(20) unsigned NOT NULL,
  `reference_id` char(36) COLLATE utf8mb4_unicode_ci NOT NULL,
  `product_name` varchar(255) COLLATE utf8mb4_unicode_ci NOT NULL,
  `warehouse_name` varchar(255) COLLATE utf8mb4_unicode_ci NOT NULL,
  `incoming` decimal(10,2) DEFAULT NULL,
  `outgoing` decimal(10,2) DEFAULT NULL,
  `remaining` decimal(10,2) NOT NULL,
  `notes` varchar(255) COLLATE utf8mb4_unicode_ci DEFAULT NULL,
  `type` int(11) NOT NULL,
  `created_at` timestamp NULL DEFAULT NULL,
  `updated_at` timestamp NULL DEFAULT NULL,
  PRIMARY KEY (`id`),
  KEY `inventory_movements_inventory_id_foreign` (`inventory_id`),
  CONSTRAINT `inventory_movements_inventory_id_foreign` FOREIGN KEY (`inventory_id`) REFERENCES `inventories` (`id`) ON DELETE CASCADE ON UPDATE CASCADE
) ENGINE=InnoDB AUTO_INCREMENT=249 DEFAULT CHARSET=utf8mb4 COLLATE=utf8mb4_unicode_ci;
/*!40101 SET character_set_client = @saved_cs_client */;

--
-- Dumping data for table `inventory_movements`
--

LOCK TABLES `inventory_movements` WRITE;
/*!40000 ALTER TABLE `inventory_movements` DISABLE KEYS */;
INSERT INTO `inventory_movements` VALUES (1,4,'PO/FTI/0001/Trio/IX/2020','Adapter Dustcaps Black','Gudang Utama',1000.00,0.00,1000.00,NULL,3,'2020-09-30 04:09:52','2020-09-30 04:09:52'),(2,6,'ADJ/FTI/000006/IX/2020','Adapter Dustcaps Green','Gudang Utama',2000.00,0.00,2000.00,'test',1,'2020-09-30 10:28:44','2020-09-30 10:28:44'),(3,5,'ADJ/FTI/000007/IX/2020','Adapter Dustcaps Blue','Gudang Utama',1500.00,0.00,1500.00,'test',1,'2020-09-30 10:28:59','2020-09-30 10:28:59'),(4,815,'PO/FTI/0002/Trio/IX/2020','Adapter Dustcaps Black','Gudang Produksi',500.00,0.00,500.00,NULL,3,'2020-09-30 10:58:04','2020-09-30 10:58:04'),(5,4,'SO/FTI/0001/FTI-C-0000010/IX/2020','Adapter Dustcaps Black','Gudang Utama',0.00,150.00,850.00,NULL,4,'2020-09-30 11:06:51','2020-09-30 11:06:51'),(6,816,'SO/FTI/0001/FTI-C-0000010/IX/2020','Adapter Dustcaps Black','Gudang Pengiriman',150.00,0.00,150.00,NULL,4,'2020-09-30 11:06:51','2020-09-30 11:06:51'),(7,816,'DO/0001/FTI/IX/2020','Adapter Dustcaps Black','Gudang Pengiriman',0.00,150.00,0.00,NULL,5,'2020-09-30 11:07:56','2020-09-30 11:07:56'),(8,175,'ADJ/FTI/000008/IX/2020','Connector MM LC/PC (2,0mm)','Gudang Utama',1000.00,0.00,1000.00,'test',1,'2020-09-30 12:01:13','2020-09-30 12:01:13'),(9,637,'PO/FTI/0003/IMP/CHN/001/X/2020','Pigtail SM SX (3,0mm) FC/UPC 5m','Gudang Utama',100.00,0.00,100.00,NULL,3,'2020-10-05 17:09:33','2020-10-05 17:09:33'),(10,579,'PO/FTI/0004/YOI/X/2020','Patchcord SM SX (3,0mm) SC/UPC-SC/APC 20m','Gudang Utama',250.00,0.00,250.00,NULL,3,'2020-10-05 17:21:23','2020-10-05 17:21:23'),(11,1,'ADJ/FTI/000001/X/2020','AC 1/2PK','Gudang Utama',4.00,0.00,4.00,'Data awal',1,'2020-10-05 18:54:47','2020-10-05 18:54:47'),(12,2,'ADJ/FTI/000002/X/2020','AC 1PK','Gudang Utama',4.00,0.00,4.00,'Data Awal',1,'2020-10-05 18:58:41','2020-10-05 18:58:41'),(13,820,'ADJ/FTI/000003/X/2020','ODP 18','Gudang Utama',200.00,0.00,200.00,'AWAL',1,'2020-10-10 16:27:29','2020-10-10 16:27:29'),(14,820,'SO/FTI/0002/DEDIBOGOR/X/2020','ODP 18','Gudang Utama',0.00,150.00,50.00,NULL,4,'2020-10-10 16:28:26','2020-10-10 16:28:26'),(15,821,'SO/FTI/0002/DEDIBOGOR/X/2020','ODP 18','Gudang Pengiriman',150.00,0.00,150.00,NULL,4,'2020-10-10 16:28:27','2020-10-10 16:28:27'),(16,821,'DO/0001/FTI/X/2020','ODP 18','Gudang Pengiriman',0.00,150.00,0.00,NULL,5,'2020-10-10 16:37:53','2020-10-10 16:37:53'),(17,662,'ADJ/FTI/000004/X/2020','Precon 1 Core SC/APC-SC/APC 100M','Gudang Utama',1500.00,0.00,1500.00,'awal',1,'2020-10-10 17:11:24','2020-10-10 17:11:24'),(18,662,'SO/FTI/0003/HERICBR/X/2020','Precon 1 Core SC/APC-SC/APC 100M','Gudang Utama',0.00,250.00,1250.00,NULL,4,'2020-10-13 16:41:58','2020-10-13 16:41:58'),(19,822,'SO/FTI/0003/HERICBR/X/2020','Precon 1 Core SC/APC-SC/APC 100M','Gudang Pengiriman',250.00,0.00,250.00,NULL,4,'2020-10-13 16:41:58','2020-10-13 16:41:58'),(20,667,'SO/FTI/0003/HERICBR/X/2020','Precon 1 Core SC/APC-SC/UPC 200M','Gudang Utama',0.00,0.00,0.00,NULL,4,'2020-10-13 16:41:58','2020-10-13 16:41:58'),(21,823,'SO/FTI/0003/HERICBR/X/2020','Precon 1 Core SC/APC-SC/UPC 200M','Gudang Pengiriman',0.00,0.00,0.00,NULL,4,'2020-10-13 16:41:58','2020-10-13 16:41:58'),(22,822,'DO/0002/FTI/X/2020','Precon 1 Core SC/APC-SC/APC 100M','Gudang Pengiriman',0.00,250.00,0.00,NULL,5,'2020-10-13 16:43:26','2020-10-13 16:43:26'),(23,823,'DO/0002/FTI/X/2020','Precon 1 Core SC/APC-SC/UPC 200M','Gudang Pengiriman',0.00,0.00,0.00,NULL,5,'2020-10-13 16:43:26','2020-10-13 16:43:26'),(24,663,'ADJ/FTI/000005/X/2020','Precon 1 Core SC/APC-SC/APC 120M','Gudang Utama',2000.00,0.00,2000.00,'awal',1,'2020-10-13 17:04:48','2020-10-13 17:04:48'),(25,664,'ADJ/FTI/000006/X/2020','Precon 1 Core SC/APC-SC/APC 200M','Gudang Utama',2000.00,0.00,2000.00,'awal',1,'2020-10-13 17:05:42','2020-10-13 17:05:42'),(26,363,'ADJ/FTI/000007/X/2020','Patchcord MM DX Out Door LC/UPC-LC/UPC 10m Heat Shrink Kuning','Gudang Utama',1500.00,0.00,1500.00,'awal',1,'2020-10-13 17:08:02','2020-10-13 17:08:02'),(27,369,'ADJ/FTI/000008/X/2020','Patchcord MM OM1 DX (3,0mm) SC/UPC-ST/UPC 3m','Gudang Utama',1500.00,0.00,1500.00,'awal',1,'2020-10-13 17:13:12','2020-10-13 17:13:12'),(28,368,'ADJ/FTI/000009/X/2020','Patchcord MM OM1 DX (2,0mm) LC/PC-LC/PC 3m','Gudang Utama',2000.00,0.00,2000.00,'awal',1,'2020-10-13 17:45:47','2020-10-13 17:45:47'),(29,364,'ADJ/FTI/000010/X/2020','Patchcord MM DX Out Door SC/UPC-LC/UPC 10m Heat Shrink Kuning','Gudang Utama',1500.00,0.00,1500.00,'awal',1,'2020-10-14 11:50:03','2020-10-14 11:50:03'),(30,370,'ADJ/FTI/000011/X/2020','Patchcord MM OM1 SX (2,0mm) FC/UPC-LC/UPC 10m','Gudang Utama',1500.00,0.00,1500.00,'Awal',1,'2020-10-14 11:50:31','2020-10-14 11:50:31'),(31,371,'ADJ/FTI/000012/X/2020','Patchcord MM OM1 SX (2,0mm) FC/UPC-LC/UPC 15m','Gudang Utama',1500.00,0.00,1500.00,'awal',1,'2020-10-14 11:50:59','2020-10-14 11:50:59'),(32,372,'ADJ/FTI/000013/X/2020','Patchcord MM OM1 SX (2,0mm) FC/UPC-LC/UPC 20m','Gudang Utama',2000.00,0.00,2000.00,'awal',1,'2020-10-14 12:01:52','2020-10-14 12:01:52'),(33,373,'ADJ/FTI/000014/X/2020','Patchcord MM OM1 SX (2,0mm) FC/UPC-LC/UPC 30m','Gudang Utama',5000.00,0.00,5000.00,'awal',1,'2020-10-14 12:05:56','2020-10-14 12:05:56'),(34,331,'ADJ/FTI/000015/X/2020','ODP 12 Core YOFC Tanpa Pigtail SC/APC','Gudang Utama',1000.00,0.00,1000.00,'awal',1,'2020-10-14 12:07:23','2020-10-14 12:07:23'),(35,7,'ADJ/FTI/000016/X/2020','Adapter MM DX LC/PC','Gudang Utama',1500.00,0.00,1500.00,'awal',1,'2020-10-14 12:24:13','2020-10-14 12:24:13'),(36,16,'ADJ/FTI/000017/X/2020','Adapter SM SC/UPC ( BESI ) ( Dimika ) Tutup Biru','Gudang Utama',179.00,0.00,179.00,'18 oktober 2020 = 179pcs',1,'2020-10-18 11:38:53','2020-10-18 11:38:53'),(37,824,'ADJ/FTI/000018/X/2020','Connector 2mm Semi Finished SC/UPC SM','Gudang Utama',2000.00,0.00,2000.00,'18 oktober 2020',1,'2020-10-18 11:50:45','2020-10-18 11:50:45'),(38,825,'ADJ/FTI/000019/X/2020','Connector kit FC/PC SM SX 2,mm','Gudang Utama',9000.00,0.00,9000.00,'18 oktober 2020',1,'2020-10-18 11:51:17','2020-10-18 11:51:17'),(39,826,'ADJ/FTI/000020/X/2020','Connector kit FC/UPC SM 3,mm','Gudang Utama',5000.00,0.00,5000.00,'18 oktober 2020',1,'2020-10-18 11:52:53','2020-10-18 11:52:53'),(40,827,'ADJ/FTI/000021/X/2020','Connector kit LC/APC SX 0,9mm','Gudang Utama',10000.00,0.00,10000.00,'18 oktober 2020',1,'2020-10-18 11:55:02','2020-10-18 11:55:02'),(41,828,'ADJ/FTI/000022/X/2020','Connector kit LC/APC SX 2,mm','Gudang Utama',10000.00,0.00,10000.00,'18 oktober 2020',1,'2020-10-18 11:56:59','2020-10-18 11:56:59'),(42,829,'ADJ/FTI/000023/X/2020','Connector kit LC/APC SX 3,mm','Gudang Utama',5000.00,0.00,5000.00,'18 oktober 2020',1,'2020-10-18 12:00:54','2020-10-18 12:00:54'),(43,830,'ADJ/FTI/000024/X/2020','Connector kit MM 0,9mm LC/PC','Gudang Utama',5000.00,0.00,5000.00,'18 oktober 2020',1,'2020-10-18 12:03:42','2020-10-18 12:03:42'),(44,831,'ADJ/FTI/000025/X/2020','Connector kit SM 3,mm LC/UPC','Gudang Utama',5000.00,0.00,5000.00,'18 oktober 2020',1,'2020-10-18 12:07:46','2020-10-18 12:07:46'),(45,832,'ADJ/FTI/000026/X/2020','Connector kit SM  SC/UPC 2,mm','Gudang Utama',28000.00,0.00,28000.00,'18 oktober 2020',1,'2020-10-18 12:10:44','2020-10-18 12:10:44'),(46,833,'ADJ/FTI/000027/X/2020','Connector kit ST/PC 2mm SM','Gudang Utama',5000.00,0.00,5000.00,'18 oktober 2020',1,'2020-10-18 12:13:41','2020-10-18 12:13:41'),(47,174,'ADJ/FTI/000028/X/2020','Connector MM LC/PC (0,9mm)','Gudang Utama',8950.00,0.00,8950.00,'18 oktober 2020',1,'2020-10-18 12:14:33','2020-10-18 12:14:33'),(48,175,'ADJ/FTI/000029/X/2020','Connector MM LC/PC (2,0mm)','Gudang Utama',10000.00,0.00,11000.00,'18 oktober 2020',1,'2020-10-18 12:15:36','2020-10-18 12:15:36'),(49,176,'ADJ/FTI/000030/X/2020','Connector MM SC/PC (0,9mm)','Gudang Utama',6400.00,0.00,6400.00,'18 oktober 2020',1,'2020-10-18 12:18:40','2020-10-18 12:18:40'),(50,177,'ADJ/FTI/000031/X/2020','Connector MM SC/PC (2,0mm)','Gudang Utama',5000.00,0.00,5000.00,'18 oktober 2020',1,'2020-10-18 12:19:27','2020-10-18 12:19:27'),(51,834,'ADJ/FTI/000032/X/2020','Connector Set MM SC/PC 2,mm','Gudang Utama',25000.00,0.00,25000.00,'18 oktober 2020',1,'2020-10-18 12:23:05','2020-10-18 12:23:05'),(52,835,'ADJ/FTI/000033/X/2020','Connector Set SM SC/APC 2,mm','Gudang Utama',35000.00,0.00,35000.00,'18 oktober 2020',1,'2020-10-18 12:28:32','2020-10-18 12:28:32'),(53,186,'ADJ/FTI/000034/X/2020','Connector SM FC/APC (2,0mm)','Gudang Utama',9700.00,0.00,9700.00,'18 oktober 2020',1,'2020-10-18 12:29:15','2020-10-18 12:29:15'),(54,189,'ADJ/FTI/000035/X/2020','Connector SM FC/UPC (3,0mm)','Gudang Utama',2000.00,0.00,2000.00,'18 oktober 2020',1,'2020-10-18 12:30:23','2020-10-18 12:30:23'),(55,191,'ADJ/FTI/000036/X/2020','Connector SM LC/APC (2,0mm)','Gudang Utama',8000.00,0.00,8000.00,'18 oktober 2020',1,'2020-10-18 12:31:33','2020-10-18 12:31:33'),(56,192,'ADJ/FTI/000037/X/2020','Connector SM LC/APC 3,0mm','Gudang Utama',15000.00,0.00,15000.00,'18 oktober 2020',1,'2020-10-18 12:33:29','2020-10-18 12:33:29'),(57,193,'ADJ/FTI/000038/X/2020','Connector SM LC/UPC (0,9mm)','Gudang Utama',23000.00,0.00,23000.00,'18 oktober 2020',1,'2020-10-18 12:34:20','2020-10-18 12:34:20'),(58,194,'ADJ/FTI/000039/X/2020','Connector SM LC/UPC (2,0mm)','Gudang Utama',37000.00,0.00,37000.00,'18 oktober 2020',1,'2020-10-18 12:36:52','2020-10-18 12:36:52'),(59,195,'ADJ/FTI/000040/X/2020','Connector SM LC/UPC 3,0mm','Gudang Utama',19000.00,0.00,19000.00,'18 oktober 2020',1,'2020-10-18 12:37:23','2020-10-18 12:37:23'),(60,203,'ADJ/FTI/000041/X/2020','Connector SM SC/UPC (0,9mm)','Gudang Utama',54000.00,0.00,54000.00,'18 oktober 2020',1,'2020-10-18 12:37:59','2020-10-18 12:37:59'),(61,204,'ADJ/FTI/000042/X/2020','Connector SM SC/UPC (2,0mm)','Gudang Utama',47000.00,0.00,47000.00,'18 oktober 2020',1,'2020-10-18 12:43:40','2020-10-18 12:43:40'),(62,264,'ADJ/FTI/000043/X/2020','HOUSING SM SC/APC (0,9mm), 2,00mm, 3,00mm) Green','Gudang Utama',1200.00,0.00,1200.00,'18 oktober 2020',1,'2020-10-18 12:45:25','2020-10-18 12:45:25'),(63,836,'ADJ/FTI/000044/X/2020','Kabel MM SX 3.mm 1,5M Potongan','Gudang Utama',5.00,0.00,5.00,'18 oktober',1,'2020-10-18 12:51:42','2020-10-18 12:51:42'),(64,837,'ADJ/FTI/000045/X/2020','Kabel MM SX 3.mm 3M Potongan','Gudang Utama',43.00,0.00,43.00,'18 oktober 2020',1,'2020-10-18 12:53:24','2020-10-18 12:53:24'),(65,838,'ADJ/FTI/000046/X/2020','Patchcord MM DX SC/APC-LC/APC (2,mm) 1M','Gudang Utama',19.00,0.00,19.00,'18 oktober 2020',1,'2020-10-18 12:58:00','2020-10-18 12:58:00'),(66,839,'ADJ/FTI/000047/X/2020','Patchcord MM DX SC/APC-SC/APC (2,mm) 2M','Gudang Utama',43.00,0.00,43.00,'18 oktober 2020',1,'2020-10-18 13:00:05','2020-10-18 13:00:05'),(67,840,'ADJ/FTI/000048/X/2020','Patchcord MM DX SC/UPC-SC/UPC (2,mm) 1M','Gudang Utama',6.00,0.00,6.00,'18 okt 2020',1,'2020-10-18 13:01:36','2020-10-18 13:01:36'),(68,841,'ADJ/FTI/000049/X/2020','Patchcord MM OM3 DX 2,mm SC/PC-SC/PC 10M','Gudang Utama',5.00,0.00,5.00,'18 oktober 2020',1,'2020-10-18 13:03:03','2020-10-18 13:03:03'),(69,842,'ADJ/FTI/000050/X/2020','Patchcord Outdoor DX SC/APC-SC/APC 100m','Gudang Utama',20.00,0.00,20.00,'18 10 2020',1,'2020-10-18 13:10:34','2020-10-18 13:10:34'),(70,843,'ADJ/FTI/000053/X/2020','Patchcord Outdoor SC/UPC-SC/UPC 5M','Gudang Utama',18.00,0.00,18.00,'18 Oktober 2020',1,'2020-10-18 13:37:26','2020-10-18 13:37:26'),(71,417,'ADJ/FTI/000054/X/2020','Patchcord MM SM DX (2,0mm) FC/UPC-FC/UPC 10m','Gudang Utama',1.00,0.00,1.00,'18 10 2020',1,'2020-10-18 13:40:58','2020-10-18 13:40:58'),(72,839,'ADJ/FTI/000055/X/2020','Patchcord MM DX SC/APC-SC/APC (2,mm) 2M','Gudang Utama',33.00,0.00,76.00,'18 oktober 2020',1,'2020-10-18 13:42:44','2020-10-18 13:42:44'),(73,419,'ADJ/FTI/000056/X/2020','Patchcord SM DX (2,0mm) FC/UPC-LC/UPC 10m','Gudang Utama',1.00,0.00,1.00,'181020',1,'2020-10-18 13:43:28','2020-10-18 13:43:28'),(74,839,'ADJ/FTI/000057/X/2020','Patchcord MM DX SC/APC-SC/APC (2,mm) 2M','Gudang Utama',0.00,43.00,33.00,'18 oktober 2020',1,'2020-10-18 13:44:28','2020-10-18 13:44:28'),(75,420,'ADJ/FTI/000058/X/2020','Patchcord SM DX (2,0mm) FC/UPC-LC/UPC 15m','Gudang Utama',3.00,0.00,3.00,'181020',1,'2020-10-18 13:45:28','2020-10-18 13:45:28'),(76,423,'ADJ/FTI/000059/X/2020','Patchcord SM DX (2,0mm) FC/UPC-LC/UPC 3m','Gudang Utama',1.00,0.00,1.00,'181020',1,'2020-10-18 13:47:37','2020-10-18 13:47:37'),(77,425,'ADJ/FTI/000060/X/2020','Patchcord SM DX (2,0mm) FC/UPC-LC/UPC 7m','Gudang Utama',1.00,0.00,1.00,'18 10 2020',1,'2020-10-18 13:49:46','2020-10-18 13:49:46'),(78,427,'ADJ/FTI/000061/X/2020','Patchcord SM DX (2,0mm) LC/UPC-LC/UPC 10m','Gudang Utama',2.00,0.00,2.00,'18 101 2020',1,'2020-10-18 13:51:24','2020-10-18 13:51:24'),(79,429,'ADJ/FTI/000062/X/2020','Patchcord SM DX (2,0mm) LC/UPC-LC/UPC 20m','Gudang Utama',2.00,0.00,2.00,'18 10 2020',1,'2020-10-18 13:52:45','2020-10-18 13:52:45'),(80,430,'ADJ/FTI/000063/X/2020','Patchcord SM DX (2,0mm) LC/UPC-LC/UPC 25m','Gudang Utama',11.00,0.00,11.00,'18 oktober 2020',1,'2020-10-18 13:53:53','2020-10-18 13:53:53'),(81,433,'ADJ/FTI/000064/X/2020','Patchcord SM DX (2,0mm) LC/UPC-LC/UPC 5m','Gudang Utama',1.00,0.00,1.00,'18 10 2020',1,'2020-10-18 13:55:46','2020-10-18 13:55:46'),(82,437,'ADJ/FTI/000065/X/2020','Patchcord SM DX (2,0mm) SC/UPC-FC/UPC 10m','Gudang Utama',1.00,0.00,1.00,'18 10 2020',1,'2020-10-18 13:56:32','2020-10-18 13:56:32'),(83,446,'ADJ/FTI/000066/X/2020','Patchcord SM DX (2,0mm) SC/UPC-LC/UPC 15m','Gudang Utama',2.00,0.00,2.00,'18 10 2020',1,'2020-10-18 13:57:23','2020-10-18 13:57:23'),(84,447,'ADJ/FTI/000067/X/2020','Patchcord SM DX (2,0mm) SC/UPC-LC/UPC 1m','Gudang Utama',10.00,0.00,10.00,'18 10 2020',1,'2020-10-18 13:58:20','2020-10-18 13:58:20'),(85,448,'ADJ/FTI/000068/X/2020','Patchcord SM DX (2,0mm) SC/UPC-LC/UPC 20m','Gudang Utama',1.00,0.00,1.00,'18 10 20',1,'2020-10-18 13:59:12','2020-10-18 13:59:12'),(86,460,'ADJ/FTI/000069/X/2020','Patchcord SM DX (2,0mm) SC/UPC-SC/UPC 3m','Gudang Utama',4.00,0.00,4.00,'18 10 20',1,'2020-10-18 14:00:21','2020-10-18 14:00:21'),(87,469,'ADJ/FTI/000070/X/2020','Patchcord SM DX (3,0mm) FC/UPC-LC/UPC 2m','Gudang Utama',1.00,0.00,1.00,'18 10 2020',1,'2020-10-18 14:01:32','2020-10-18 14:01:32'),(88,471,'ADJ/FTI/000071/X/2020','Patchcord SM DX (3,0mm) FC/UPC-LC/UPC 5m','Gudang Utama',1.00,0.00,1.00,'18 10 2020',1,'2020-10-18 14:02:37','2020-10-18 14:02:37'),(89,679,'ADJ/FTI/000072/X/2020','Roset 2 Core Polos (Kosongan)','Gudang Utama',7123.00,0.00,7123.00,'18 oktober 2020',1,'2020-10-18 14:02:39','2020-10-18 14:02:39'),(90,471,'ADJ/FTI/000073/X/2020','Patchcord SM DX (3,0mm) FC/UPC-LC/UPC 5m','Gudang Utama',35.00,0.00,36.00,'18 10 2020',1,'2020-10-18 14:03:43','2020-10-18 14:03:43'),(91,472,'ADJ/FTI/000074/X/2020','Patchcord SM DX (3,0mm) LC/UPC-LC/UPC 1m','Gudang Utama',15.00,0.00,15.00,'18 10 2020',1,'2020-10-18 14:04:43','2020-10-18 14:04:43'),(92,479,'ADJ/FTI/000075/X/2020','Patchcord SM DX (3,0mm) SC/UPC-FC/UPC 10m','Gudang Utama',143.00,0.00,143.00,'18 10 2020',1,'2020-10-18 14:05:47','2020-10-18 14:05:47'),(93,495,'ADJ/FTI/000076/X/2020','Patchcord SM DX (3,0mm) SC/UPC-ST/UPC 5m','Gudang Utama',2.00,0.00,2.00,'18 10 2020',1,'2020-10-18 14:06:32','2020-10-18 14:06:32'),(94,844,'ADJ/FTI/000077/X/2020','Rosette 2Core GOC Kosongan','Gudang Utama',256.00,0.00,256.00,'18 oktober 2020',1,'2020-10-18 14:07:40','2020-10-18 14:07:40'),(95,845,'ADJ/FTI/000078/X/2020','Patchcord SM DX 3.mm FC/UPC-SC/UPC 20M','Gudang Utama',1.00,0.00,1.00,'18 10 2020',1,'2020-10-18 14:09:32','2020-10-18 14:09:32'),(96,846,'ADJ/FTI/000079/X/2020','Saklar','Gudang Utama',27.00,0.00,27.00,'18 oktober 2020',1,'2020-10-18 14:10:44','2020-10-18 14:10:44'),(97,847,'ADJ/FTI/000080/X/2020','Patchcord SM DX FC/UPC-LC/UPC  (3,mm) 15M','Gudang Utama',2.00,0.00,2.00,'18 10 2020',1,'2020-10-18 14:12:24','2020-10-18 14:12:24'),(98,848,'ADJ/FTI/000081/X/2020','Patchcord SM DX FC/UPC-SC/UPC (2,mm) 20M','Gudang Utama',2.00,0.00,2.00,'18 10 2020',1,'2020-10-18 14:14:21','2020-10-18 14:14:21'),(99,849,'ADJ/FTI/000082/X/2020','Patchcord SM DX FC/UPC-SC/UPC (2,mm) 5M','Gudang Utama',1.00,0.00,1.00,'18 oktober 2020',1,'2020-10-18 14:17:53','2020-10-18 14:17:53'),(100,850,'ADJ/FTI/000083/X/2020','Patchcord SM DX SC/APC-SC/APC (2,mm) 10M','Gudang Utama',2.00,0.00,2.00,'18 oktober 2020',1,'2020-10-18 14:20:20','2020-10-18 14:20:20'),(101,851,'ADJ/FTI/000084/X/2020','Patchcord SM DX SC/UPC-LC/UPC (2,mm) 2M','Gudang Utama',1.00,0.00,1.00,'18 oktober 2020',1,'2020-10-18 14:22:36','2020-10-18 14:22:36'),(102,852,'ADJ/FTI/000085/X/2020','Patchcord SM DX SC/UPC-LC/UPC (2,mm) 5M','Gudang Utama',1.00,0.00,1.00,'18 10 20',1,'2020-10-18 14:24:27','2020-10-18 14:24:27'),(103,853,'ADJ/FTI/000086/X/2020','Patchcord SM DX ST/UPC-LC/UPC (3,mm) 10M','Gudang Utama',1.00,0.00,1.00,'18 10 2020',1,'2020-10-18 14:26:30','2020-10-18 14:26:30'),(104,854,'ADJ/FTI/000087/X/2020','Patchcord SM DX ST/UPC-LC/UPC (3,mm) 3M','Gudang Utama',1.00,0.00,1.00,'18 10 2020',1,'2020-10-18 14:28:48','2020-10-18 14:28:48'),(105,855,'ADJ/FTI/000088/X/2020','Patchcord SM DX ST/UPC-SC/UPC (2,mm) 5M','Gudang Utama',1.00,0.00,1.00,'18 10 2020',1,'2020-10-18 14:31:04','2020-10-18 14:31:04'),(106,506,'ADJ/FTI/000089/X/2020','Patchcord SM SX (2,0mm) FC/UPC-FC/UPC 60m','Gudang Utama',15.00,0.00,15.00,'18 10 2020',1,'2020-10-18 14:32:13','2020-10-18 14:32:13'),(107,508,'ADJ/FTI/000090/X/2020','Patchcord SM SX (2,0mm) FC/UPC-LC/UPC 15m','Gudang Utama',15.00,0.00,15.00,'18 10 2020',1,'2020-10-18 14:33:01','2020-10-18 14:33:01'),(108,512,'ADJ/FTI/000091/X/2020','Patchcord SM SX (2,0mm) FC/UPC-LC/UPC 30m','Gudang Utama',102.00,0.00,102.00,'18 10 2020',1,'2020-10-18 14:33:34','2020-10-18 14:33:34'),(109,514,'ADJ/FTI/000092/X/2020','Patchcord SM SX (2,0mm) FC/UPC-LC/UPC 40m','Gudang Utama',13.00,0.00,13.00,'18 10 2020',1,'2020-10-18 14:34:15','2020-10-18 14:34:15'),(110,517,'ADJ/FTI/000093/X/2020','Patchcord SM SX (2,0mm) LC/UPC-LC/UPC 10m','Gudang Utama',986.00,0.00,986.00,'18 10 2020',1,'2020-10-18 14:35:36','2020-10-18 14:35:36'),(111,520,'ADJ/FTI/000094/X/2020','Patchcord SM SX (2,0mm) LC/UPC-LC/UPC 20m','Gudang Utama',83.00,0.00,83.00,'18 10 2020',1,'2020-10-18 14:36:17','2020-10-18 14:36:17'),(112,522,'ADJ/FTI/000095/X/2020','Patchcord SM SX (2,0mm) LC/UPC-LC/UPC 30m','Gudang Utama',193.00,0.00,193.00,'18 10 2020',1,'2020-10-18 14:36:59','2020-10-18 14:36:59'),(113,523,'ADJ/FTI/000096/X/2020','Patchcord SM SX (2,0mm) LC/UPC-LC/UPC 3m','Gudang Utama',112.00,0.00,112.00,'18 10 2020',1,'2020-10-18 14:37:53','2020-10-18 14:37:53'),(114,856,'ADJ/FTI/000097/X/2020','Patchcord SM SX (2,0mm) LC/UPC-LC/UPC 4m','Gudang Utama',20.00,0.00,20.00,'18 10 2020',1,'2020-10-18 14:40:07','2020-10-18 14:40:07'),(115,857,'ADJ/FTI/000098/X/2020','Patchcord SM SX (2,0mm) LC/UPC-LC/UPC 50m','Gudang Utama',22.00,0.00,22.00,'18 10 2020',1,'2020-10-18 14:42:24','2020-10-18 14:42:24'),(116,524,'ADJ/FTI/000099/X/2020','Patchcord SM SX (2,0mm) LC/UPC-LC/UPC 5m','Gudang Utama',8.00,0.00,8.00,'18 10 2020',1,'2020-10-18 14:43:31','2020-10-18 14:43:31'),(117,858,'ADJ/FTI/000100/X/2020','Patchcord SM SX (2,0mm) LC/UPC-LC/UPC 70m','Gudang Utama',6.00,0.00,6.00,'18 10 2020',1,'2020-10-18 14:45:55','2020-10-18 14:45:55'),(118,525,'ADJ/FTI/000101/X/2020','Patchcord SM SX (2,0mm) LC/UPC-LC/UPC 80m','Gudang Utama',18.00,0.00,18.00,'18 10 2020',1,'2020-10-18 14:47:04','2020-10-18 14:47:04'),(119,11,'PO/FTI/0005/MS/X/2020','Adapter SC/UPC Auto Shutter','Gudang Utama',50000.00,0.00,50000.00,NULL,3,'2020-10-18 14:47:55','2020-10-18 14:47:55'),(120,859,'ADJ/FTI/000102/X/2020','Patchcord SM SX (2,0MM) LC/UPC-SC/UPC 20M','Gudang Utama',72.00,0.00,72.00,'18 10 2020',1,'2020-10-18 14:49:23','2020-10-18 14:49:23'),(121,527,'ADJ/FTI/000103/X/2020','Patchcord SM SX (2,0mm) SC/APC-LC/APC 1m','Gudang Utama',31.00,0.00,31.00,'18 10 2020',1,'2020-10-18 14:50:01','2020-10-18 14:50:01'),(122,528,'ADJ/FTI/000104/X/2020','Patchcord SM SX (2,0mm) SC/APC-LC/APC 2m','Gudang Utama',49.00,0.00,49.00,'18 10 2020',1,'2020-10-18 14:50:39','2020-10-18 14:50:39'),(123,530,'ADJ/FTI/000105/X/2020','Patchcord SM SX (2,0mm) SC/APC-LC/APC 5m','Gudang Utama',5.00,0.00,5.00,'18 10 2020',1,'2020-10-18 14:51:12','2020-10-18 14:51:12'),(124,532,'ADJ/FTI/000106/X/2020','Patchcord SM SX (2,0mm) SC/APC-SC/APC 2m','Gudang Utama',10.00,0.00,10.00,'18 10 2020',1,'2020-10-18 14:51:53','2020-10-18 14:51:53'),(125,534,'ADJ/FTI/000107/X/2020','Patchcord SM SX (2,0mm) SC/APC-SC/UPC 1m','Gudang Utama',125.00,0.00,125.00,'18 10 2020',1,'2020-10-18 14:52:37','2020-10-18 14:52:37'),(126,539,'ADJ/FTI/000108/X/2020','Patchcord SM SX (2,0mm) SC/UPC-LC/UPC 1m','Gudang Utama',10.00,0.00,10.00,'1810 2020',1,'2020-10-18 14:53:22','2020-10-18 14:53:22'),(127,541,'ADJ/FTI/000109/X/2020','Patchcord SM SX (2,0mm) SC/UPC-LC/UPC 2m','Gudang Utama',17.00,0.00,17.00,'18 10 2020',1,'2020-10-18 14:53:54','2020-10-18 14:53:54'),(128,542,'ADJ/FTI/000110/X/2020','Patchcord SM SX (2,0mm) SC/UPC-LC/UPC 30m','Gudang Utama',47.00,0.00,47.00,'18 10 2020',1,'2020-10-18 14:54:34','2020-10-18 14:54:34'),(129,544,'ADJ/FTI/000111/X/2020','Patchcord SM SX (2,0mm) SC/UPC-LC/UPC 5m','Gudang Utama',7.00,0.00,7.00,'18 10 2020',1,'2020-10-18 14:55:20','2020-10-18 14:55:20'),(130,547,'ADJ/FTI/000112/X/2020','Patchcord SM SX (2,0mm) SC/UPC-SC/UPC 10m','Gudang Utama',4.00,0.00,4.00,'18 10 2020',1,'2020-10-18 14:56:39','2020-10-18 14:56:39'),(131,549,'ADJ/FTI/000113/X/2020','Patchcord SM SX (2,0mm) SC/UPC-SC/UPC 20m','Gudang Utama',8.00,0.00,8.00,'18 10 2020',1,'2020-10-18 14:57:15','2020-10-18 14:57:15'),(132,551,'ADJ/FTI/000114/X/2020','Patchcord SM SX (2,0mm) SC/UPC-SC/UPC 30m','Gudang Utama',52.00,0.00,52.00,'18 10 2020',1,'2020-10-18 14:59:38','2020-10-18 14:59:38'),(133,553,'ADJ/FTI/000115/X/2020','Patchcord SM SX (2,0mm) SC/UPC-SC/UPC 5m','Gudang Utama',140.00,0.00,140.00,'18 10 2020',1,'2020-10-18 15:00:17','2020-10-18 15:00:17'),(134,554,'ADJ/FTI/000116/X/2020','Patchcord SM SX (3,0mm) FC/UPC-FC/UPC 10m','Gudang Utama',2.00,0.00,2.00,'18 10 2020',1,'2020-10-18 15:00:46','2020-10-18 15:00:46'),(135,860,'ADJ/FTI/000117/X/2020','Patchcord SM SX 3.mm FC/UPC-FC/UPC 15M','Gudang Utama',1.00,0.00,1.00,'18 oktober 2020',1,'2020-10-18 15:01:20','2020-10-18 15:01:20'),(136,555,'ADJ/FTI/000118/X/2020','Patchcord SM SX (3,0mm) FC/UPC-FC/UPC 20m','Gudang Utama',1.00,0.00,1.00,'18 10 2020',1,'2020-10-18 15:01:20','2020-10-18 15:01:20'),(137,556,'ADJ/FTI/000119/X/2020','Patchcord SM SX (3,0mm) FC/UPC-FC/UPC 5m','Gudang Utama',22.00,0.00,22.00,'18 10 2020',1,'2020-10-18 15:01:43','2020-10-18 15:01:43'),(138,557,'ADJ/FTI/000120/X/2020','Patchcord SM SX (3,0mm) FC/UPC-LC/UPC 10m','Gudang Utama',4.00,0.00,4.00,'18 10 2020',1,'2020-10-18 15:02:16','2020-10-18 15:02:16'),(139,563,'ADJ/FTI/000121/X/2020','Patchcord SM SX (3,0mm) LC/UPC-LC/UPC 10m','Gudang Utama',1.00,0.00,1.00,'18 10 2020',1,'2020-10-18 15:03:42','2020-10-18 15:03:42'),(140,861,'ADJ/FTI/000122/X/2020','Patchcord SM SX LC/UPC-FC/UPC (2,mm) 10M','Gudang Utama',15.00,0.00,15.00,'18 oktober 2020',1,'2020-10-18 15:04:14','2020-10-18 15:04:14'),(141,565,'ADJ/FTI/000123/X/2020','Patchcord SM SX (3,0mm) LC/UPC-LC/UPC 20m','Gudang Utama',2.00,0.00,2.00,'18 10 2020',1,'2020-10-18 15:04:34','2020-10-18 15:04:34'),(142,566,'ADJ/FTI/000124/X/2020','Patchcord SM SX (3,0mm) LC/UPC-LC/UPC 30m','Gudang Utama',12.00,0.00,12.00,'18 10 2020',1,'2020-10-18 15:05:13','2020-10-18 15:05:13'),(143,567,'ADJ/FTI/000125/X/2020','Patchcord SM SX (3,0mm) LC/UPC-LC/UPC 5m','Gudang Utama',4.00,0.00,4.00,'18 10 2020',1,'2020-10-18 15:05:54','2020-10-18 15:05:54'),(144,862,'ADJ/FTI/000126/X/2020','Patchcord SM SX LC/UPC-FC/UPC (2,mm) 15M','Gudang Utama',4.00,0.00,4.00,'18 oktober 2020',1,'2020-10-18 15:06:12','2020-10-18 15:06:12'),(145,568,'ADJ/FTI/000127/X/2020','Patchcord SM SX (3,0mm) SC/APC-FC/UPC 20m','Gudang Utama',20.00,0.00,20.00,'18 10 2020',1,'2020-10-18 15:06:27','2020-10-18 15:06:27'),(146,569,'ADJ/FTI/000128/X/2020','Patchcord SM SX (3,0mm) SC/APC-LC/UPC 10m','Gudang Utama',31.00,0.00,31.00,'18 10 2020',1,'2020-10-18 15:06:58','2020-10-18 15:06:58'),(147,570,'ADJ/FTI/000129/X/2020','Patchcord SM SX (3,0mm) SC/APC-SC/APC 10m','Gudang Utama',144.00,0.00,144.00,'18 10 2020',1,'2020-10-18 15:07:34','2020-10-18 15:07:34'),(148,863,'ADJ/FTI/000130/X/2020','Patchcord SM SX LC/UPC-FC/UPC (2,mm) 20M','Gudang Utama',5.00,0.00,5.00,'18 oktober 2020',1,'2020-10-18 15:07:53','2020-10-18 15:07:53'),(149,571,'ADJ/FTI/000131/X/2020','Patchcord SM SX (3,0mm) SC/APC-SC/APC 2m','Gudang Utama',25.00,0.00,25.00,'18 10 2020',1,'2020-10-18 15:08:17','2020-10-18 15:08:17'),(150,573,'ADJ/FTI/000132/X/2020','Patchcord SM SX (3,0mm) SC/APC-SC/APC 5m','Gudang Utama',1295.00,0.00,1295.00,'18 10 2020',1,'2020-10-18 15:08:56','2020-10-18 15:08:56'),(151,574,'ADJ/FTI/000133/X/2020','Patchcord SM SX (3,0mm) SC/UPC-FC/UPC 20m','Gudang Utama',13.00,0.00,13.00,'18 10 2020',1,'2020-10-18 15:09:32','2020-10-18 15:09:32'),(152,864,'ADJ/FTI/000134/X/2020','Patchcord SM SX LC/UPC-FC/UPC (2,mm) 30M','Gudang Utama',77.00,0.00,77.00,'18 oktober 2020',1,'2020-10-18 15:09:42','2020-10-18 15:09:42'),(153,575,'ADJ/FTI/000135/X/2020','Patchcord SM SX (3,0mm) SC/UPC-FC/UPC 3m','Gudang Utama',1.00,0.00,1.00,'18 10 2020',1,'2020-10-18 15:10:02','2020-10-18 15:10:02'),(154,577,'ADJ/FTI/000136/X/2020','Patchcord SM SX (3,0mm) SC/UPC-LC/UPC 5m','Gudang Utama',1.00,0.00,1.00,'18 10 2020',1,'2020-10-18 15:10:54','2020-10-18 15:10:54'),(155,865,'ADJ/FTI/000137/X/2020','Patchcord SM SX LC/UPC-FC/UPC (2,mm) 40M','Gudang Utama',1.00,0.00,1.00,'18 oktober 2020',1,'2020-10-18 15:11:25','2020-10-18 15:11:25'),(156,581,'ADJ/FTI/000138/X/2020','Patchcord SM SX (3,0mm) SC/UPC-SC/UPC 10m','Gudang Utama',1.00,0.00,1.00,'18 10 2020',1,'2020-10-18 15:11:30','2020-10-18 15:11:30'),(157,582,'ADJ/FTI/000139/X/2020','Patchcord SM SX (3,0mm) SC/UPC-SC/UPC 15m','Gudang Utama',1.00,0.00,1.00,'18 10 2020',1,'2020-10-18 15:12:01','2020-10-18 15:12:01'),(158,585,'ADJ/FTI/000140/X/2020','Patchcord SM SX (3,0mm) SC/UPC-SC/UPC 2m','Gudang Utama',132.00,0.00,132.00,'18 10 2020',1,'2020-10-18 15:12:35','2020-10-18 15:12:35'),(159,587,'ADJ/FTI/000141/X/2020','Patchcord SM SX (3,0mm) SC/UPC-SC/UPC 5m','Gudang Utama',146.00,0.00,146.00,'18 10 2020',1,'2020-10-18 15:13:09','2020-10-18 15:13:09'),(160,866,'ADJ/FTI/000142/X/2020','Patchcord SM SX SC/APC-SC/UPC (3,mm) 1M','Gudang Utama',25.00,0.00,25.00,'18 oktober 2020',1,'2020-10-18 15:14:03','2020-10-18 15:14:03'),(161,867,'ADJ/FTI/000143/X/2020','Patchcord SM SX 2,mm FC/APC-FC/APC 1m','Gudang Utama',1.00,0.00,1.00,'18 10 2020',1,'2020-10-18 15:14:50','2020-10-18 15:14:50'),(162,869,'ADJ/FTI/000144/X/2020','Patchcord SM SX 2,mm FC/UPC-LC/UPC 20M','Gudang Utama',21.00,0.00,21.00,'18 10 2020',1,'2020-10-18 15:16:19','2020-10-18 15:16:19'),(163,870,'ADJ/FTI/000145/X/2020','Patchcord SM SX 2,mm LC/UPC-LC/UPC 3m','Gudang Utama',3.00,0.00,3.00,'18 10 2020',1,'2020-10-18 15:17:46','2020-10-18 15:17:46'),(164,868,'ADJ/FTI/000146/X/2020','Patchcord SM SX SC/UPC-LC/UPC (2,mm) 1,5M','Gudang Utama',347.00,0.00,347.00,'18 oktober 2020',1,'2020-10-18 15:17:52','2020-10-18 15:17:52'),(165,871,'ADJ/FTI/000147/X/2020','Patchcord SM SX 2,mm SC/APC-SC/UPC 2m','Gudang Utama',62.00,0.00,62.00,'18 10 2020',1,'2020-10-18 15:19:08','2020-10-18 15:19:08'),(166,599,'ADJ/FTI/000148/X/2020','Pigtail MM OM2 SX (2,0mm) LC/UPC 27m','Gudang Utama',37.00,0.00,37.00,'18 oktober 2020',1,'2020-10-18 15:20:17','2020-10-18 15:20:17'),(167,633,'ADJ/FTI/000149/X/2020','Pigtail SM SX (2,0mm) SC/APC 1,5m','Gudang Utama',30.00,0.00,30.00,'18 oktobeer 2020',1,'2020-10-18 15:20:55','2020-10-18 15:20:55'),(168,872,'ADJ/FTI/000150/X/2020','Patchcord SM SX 2,mm SC/UPC-LC/UPC 7m','Gudang Utama',50.00,0.00,50.00,'18 10 2020',1,'2020-10-18 15:21:03','2020-10-18 15:21:03'),(169,873,'ADJ/FTI/000151/X/2020','Patchcord SM SX 2,mm SC/UPC-SC/UPC 1,5m','Gudang Utama',7.00,0.00,7.00,'18 10 2020',1,'2020-10-18 15:22:31','2020-10-18 15:22:31'),(170,874,'ADJ/FTI/000152/X/2020','Patchcord SM SX 2.mm LC/UPC-SC/UPC 30M','Gudang Utama',14.00,0.00,14.00,'18 10 2020',1,'2020-10-18 15:23:52','2020-10-18 15:23:52'),(171,875,'ADJ/FTI/000153/X/2020','Patchcord SM SX 3,mm SC/APC - SC/UPC 20m','Gudang Utama',1.00,0.00,1.00,'18 10 2020',1,'2020-10-18 15:25:19','2020-10-18 15:25:19'),(172,876,'ADJ/FTI/000154/X/2020','Patchcord SM SX 3,mm SC/APC - SC/UPC 5m','Gudang Utama',3.00,0.00,3.00,'18 10 2020',1,'2020-10-18 15:26:53','2020-10-18 15:26:53'),(173,233,'SO/FTI/0011/DESWINFIRMANTO/X/2020','Dropcable 1 Core, GJYXFCH, LSZH, 1000M FTI','Gudang Utama',0.00,5.00,5.00,NULL,4,'2020-10-18 15:39:36','2020-10-18 15:39:36'),(174,877,'SO/FTI/0011/DESWINFIRMANTO/X/2020','Dropcable 1 Core, GJYXFCH, LSZH, 1000M FTI','Gudang Pengiriman',5.00,0.00,5.00,NULL,4,'2020-10-18 15:39:36','2020-10-18 15:39:36'),(175,233,'DO/0004/FTI/X/2020','Dropcable 1 Core, GJYXFCH, LSZH, 1000M FTI','Gudang Utama',5.00,0.00,10.00,NULL,8,'2020-10-18 15:49:37','2020-10-18 15:49:37'),(176,233,'SO/FTI/0013/RAFACOM/X/2020','Dropcable 1 Core, GJYXFCH, LSZH, 1000M FTI','Gudang Utama',0.00,5.00,5.00,NULL,4,'2020-10-18 16:14:39','2020-10-18 16:14:39'),(177,877,'SO/FTI/0013/RAFACOM/X/2020','Dropcable 1 Core, GJYXFCH, LSZH, 1000M FTI','Gudang Pengiriman',5.00,0.00,5.00,NULL,4,'2020-10-18 16:14:39','2020-10-18 16:14:39'),(178,233,'SO/FTI/0013/RAFACOM/X/2020','Dropcable 1 Core, GJYXFCH, LSZH, 1000M FTI','Gudang Utama',0.00,3.00,2.00,NULL,4,'2020-10-18 16:14:39','2020-10-18 16:14:39'),(179,877,'SO/FTI/0013/RAFACOM/X/2020','Dropcable 1 Core, GJYXFCH, LSZH, 1000M FTI','Gudang Pengiriman',3.00,0.00,3.00,NULL,4,'2020-10-18 16:14:39','2020-10-18 16:14:39'),(180,364,'SO/FTI/0013/RAFACOM/X/2020','Patchcord MM DX Out Door SC/UPC-LC/UPC 10m Heat Shrink Kuning','Gudang Utama',0.00,10.00,1490.00,NULL,4,'2020-10-18 16:14:39','2020-10-18 16:14:39'),(181,878,'SO/FTI/0013/RAFACOM/X/2020','Patchcord MM DX Out Door SC/UPC-LC/UPC 10m Heat Shrink Kuning','Gudang Pengiriman',10.00,0.00,10.00,NULL,4,'2020-10-18 16:14:39','2020-10-18 16:14:39'),(182,364,'SO/FTI/0013/RAFACOM/X/2020','Patchcord MM DX Out Door SC/UPC-LC/UPC 10m Heat Shrink Kuning','Gudang Utama',0.00,20.00,1470.00,NULL,4,'2020-10-18 16:14:39','2020-10-18 16:14:39'),(183,878,'SO/FTI/0013/RAFACOM/X/2020','Patchcord MM DX Out Door SC/UPC-LC/UPC 10m Heat Shrink Kuning','Gudang Pengiriman',20.00,0.00,20.00,NULL,4,'2020-10-18 16:14:39','2020-10-18 16:14:39'),(184,368,'SO/FTI/0013/RAFACOM/X/2020','Patchcord MM OM1 DX (2,0mm) LC/PC-LC/PC 3m','Gudang Utama',0.00,10.00,1990.00,NULL,4,'2020-10-18 16:14:40','2020-10-18 16:14:40'),(185,879,'SO/FTI/0013/RAFACOM/X/2020','Patchcord MM OM1 DX (2,0mm) LC/PC-LC/PC 3m','Gudang Pengiriman',10.00,0.00,10.00,NULL,4,'2020-10-18 16:14:40','2020-10-18 16:14:40'),(186,368,'SO/FTI/0013/RAFACOM/X/2020','Patchcord MM OM1 DX (2,0mm) LC/PC-LC/PC 3m','Gudang Utama',0.00,15.00,1975.00,NULL,4,'2020-10-18 16:14:40','2020-10-18 16:14:40'),(187,879,'SO/FTI/0013/RAFACOM/X/2020','Patchcord MM OM1 DX (2,0mm) LC/PC-LC/PC 3m','Gudang Pengiriman',15.00,0.00,15.00,NULL,4,'2020-10-18 16:14:40','2020-10-18 16:14:40'),(188,368,'SO/FTI/0013/RAFACOM/X/2020','Patchcord MM OM1 DX (2,0mm) LC/PC-LC/PC 3m','Gudang Utama',0.00,10.00,1980.00,NULL,4,'2020-10-18 16:14:40','2020-10-18 16:14:40'),(189,879,'SO/FTI/0013/RAFACOM/X/2020','Patchcord MM OM1 DX (2,0mm) LC/PC-LC/PC 3m','Gudang Pengiriman',10.00,0.00,10.00,NULL,4,'2020-10-18 16:14:40','2020-10-18 16:14:40'),(190,369,'SO/FTI/0013/RAFACOM/X/2020','Patchcord MM OM1 DX (3,0mm) SC/UPC-ST/UPC 3m','Gudang Utama',0.00,15.00,1485.00,NULL,4,'2020-10-18 16:14:40','2020-10-18 16:14:40'),(191,233,'SO/FTI/0013/RAFACOM/X/2020','Dropcable 1 Core, GJYXFCH, LSZH, 1000M FTI','Gudang Utama',0.00,5.00,0.00,NULL,4,'2020-10-18 16:14:50','2020-10-18 16:14:50'),(192,877,'SO/FTI/0013/RAFACOM/X/2020','Dropcable 1 Core, GJYXFCH, LSZH, 1000M FTI','Gudang Pengiriman',5.00,0.00,5.00,NULL,4,'2020-10-18 16:14:50','2020-10-18 16:14:50'),(193,233,'SO/FTI/0013/RAFACOM/X/2020','Dropcable 1 Core, GJYXFCH, LSZH, 1000M FTI','Gudang Utama',0.00,3.00,-3.00,NULL,4,'2020-10-18 16:14:50','2020-10-18 16:14:50'),(194,877,'SO/FTI/0013/RAFACOM/X/2020','Dropcable 1 Core, GJYXFCH, LSZH, 1000M FTI','Gudang Pengiriman',3.00,0.00,3.00,NULL,4,'2020-10-18 16:14:50','2020-10-18 16:14:50'),(195,364,'SO/FTI/0013/RAFACOM/X/2020','Patchcord MM DX Out Door SC/UPC-LC/UPC 10m Heat Shrink Kuning','Gudang Utama',0.00,10.00,1480.00,NULL,4,'2020-10-18 16:14:50','2020-10-18 16:14:50'),(196,878,'SO/FTI/0013/RAFACOM/X/2020','Patchcord MM DX Out Door SC/UPC-LC/UPC 10m Heat Shrink Kuning','Gudang Pengiriman',10.00,0.00,10.00,NULL,4,'2020-10-18 16:14:50','2020-10-18 16:14:50'),(197,364,'SO/FTI/0013/RAFACOM/X/2020','Patchcord MM DX Out Door SC/UPC-LC/UPC 10m Heat Shrink Kuning','Gudang Utama',0.00,20.00,1460.00,NULL,4,'2020-10-18 16:14:50','2020-10-18 16:14:50'),(198,878,'SO/FTI/0013/RAFACOM/X/2020','Patchcord MM DX Out Door SC/UPC-LC/UPC 10m Heat Shrink Kuning','Gudang Pengiriman',20.00,0.00,20.00,NULL,4,'2020-10-18 16:14:50','2020-10-18 16:14:50'),(199,368,'SO/FTI/0013/RAFACOM/X/2020','Patchcord MM OM1 DX (2,0mm) LC/PC-LC/PC 3m','Gudang Utama',0.00,10.00,1980.00,NULL,4,'2020-10-18 16:14:50','2020-10-18 16:14:50'),(200,879,'SO/FTI/0013/RAFACOM/X/2020','Patchcord MM OM1 DX (2,0mm) LC/PC-LC/PC 3m','Gudang Pengiriman',10.00,0.00,10.00,NULL,4,'2020-10-18 16:14:50','2020-10-18 16:14:50'),(201,368,'SO/FTI/0013/RAFACOM/X/2020','Patchcord MM OM1 DX (2,0mm) LC/PC-LC/PC 3m','Gudang Utama',0.00,15.00,1965.00,NULL,4,'2020-10-18 16:14:50','2020-10-18 16:14:50'),(202,879,'SO/FTI/0013/RAFACOM/X/2020','Patchcord MM OM1 DX (2,0mm) LC/PC-LC/PC 3m','Gudang Pengiriman',15.00,0.00,15.00,NULL,4,'2020-10-18 16:14:50','2020-10-18 16:14:50'),(203,368,'SO/FTI/0013/RAFACOM/X/2020','Patchcord MM OM1 DX (2,0mm) LC/PC-LC/PC 3m','Gudang Utama',0.00,10.00,1970.00,NULL,4,'2020-10-18 16:14:50','2020-10-18 16:14:50'),(204,879,'SO/FTI/0013/RAFACOM/X/2020','Patchcord MM OM1 DX (2,0mm) LC/PC-LC/PC 3m','Gudang Pengiriman',10.00,0.00,10.00,NULL,4,'2020-10-18 16:14:51','2020-10-18 16:14:51'),(205,369,'SO/FTI/0013/RAFACOM/X/2020','Patchcord MM OM1 DX (3,0mm) SC/UPC-ST/UPC 3m','Gudang Utama',0.00,15.00,1470.00,NULL,4,'2020-10-18 16:14:51','2020-10-18 16:14:51'),(206,233,'DO/0006/FTI/X/2020','Dropcable 1 Core, GJYXFCH, LSZH, 1000M FTI','Gudang Utama',5.00,0.00,5.00,NULL,8,'2020-10-18 16:16:10','2020-10-18 16:16:10'),(207,233,'DO/0006/FTI/X/2020','Dropcable 1 Core, GJYXFCH, LSZH, 1000M FTI','Gudang Utama',3.00,0.00,8.00,NULL,8,'2020-10-18 16:16:10','2020-10-18 16:16:10'),(208,364,'DO/0006/FTI/X/2020','Patchcord MM DX Out Door SC/UPC-LC/UPC 10m Heat Shrink Kuning','Gudang Utama',10.00,0.00,1490.00,NULL,8,'2020-10-18 16:16:10','2020-10-18 16:16:10'),(209,364,'DO/0006/FTI/X/2020','Patchcord MM DX Out Door SC/UPC-LC/UPC 10m Heat Shrink Kuning','Gudang Utama',20.00,0.00,1510.00,NULL,8,'2020-10-18 16:16:10','2020-10-18 16:16:10'),(210,368,'DO/0006/FTI/X/2020','Patchcord MM OM1 DX (2,0mm) LC/PC-LC/PC 3m','Gudang Utama',10.00,0.00,1990.00,NULL,8,'2020-10-18 16:16:10','2020-10-18 16:16:10'),(211,368,'DO/0006/FTI/X/2020','Patchcord MM OM1 DX (2,0mm) LC/PC-LC/PC 3m','Gudang Utama',15.00,0.00,2005.00,NULL,8,'2020-10-18 16:16:10','2020-10-18 16:16:10'),(212,368,'DO/0006/FTI/X/2020','Patchcord MM OM1 DX (2,0mm) LC/PC-LC/PC 3m','Gudang Utama',10.00,0.00,2000.00,NULL,8,'2020-10-18 16:16:10','2020-10-18 16:16:10'),(213,369,'DO/0006/FTI/X/2020','Patchcord MM OM1 DX (3,0mm) SC/UPC-ST/UPC 3m','Gudang Utama',15.00,0.00,1485.00,NULL,8,'2020-10-18 16:16:10','2020-10-18 16:16:10'),(214,233,'DO/0005/FTI/X/2020','Dropcable 1 Core, GJYXFCH, LSZH, 1000M FTI','Gudang Utama',5.00,0.00,10.00,NULL,8,'2020-10-18 16:17:09','2020-10-18 16:17:09'),(215,233,'DO/0005/FTI/X/2020','Dropcable 1 Core, GJYXFCH, LSZH, 1000M FTI','Gudang Utama',3.00,0.00,13.00,NULL,8,'2020-10-18 16:17:09','2020-10-18 16:17:09'),(216,364,'DO/0005/FTI/X/2020','Patchcord MM DX Out Door SC/UPC-LC/UPC 10m Heat Shrink Kuning','Gudang Utama',10.00,0.00,1500.00,NULL,8,'2020-10-18 16:17:09','2020-10-18 16:17:09'),(217,364,'DO/0005/FTI/X/2020','Patchcord MM DX Out Door SC/UPC-LC/UPC 10m Heat Shrink Kuning','Gudang Utama',20.00,0.00,1520.00,NULL,8,'2020-10-18 16:17:09','2020-10-18 16:17:09'),(218,368,'DO/0005/FTI/X/2020','Patchcord MM OM1 DX (2,0mm) LC/PC-LC/PC 3m','Gudang Utama',10.00,0.00,2000.00,NULL,8,'2020-10-18 16:17:09','2020-10-18 16:17:09'),(219,368,'DO/0005/FTI/X/2020','Patchcord MM OM1 DX (2,0mm) LC/PC-LC/PC 3m','Gudang Utama',15.00,0.00,2015.00,NULL,8,'2020-10-18 16:17:09','2020-10-18 16:17:09'),(220,368,'DO/0005/FTI/X/2020','Patchcord MM OM1 DX (2,0mm) LC/PC-LC/PC 3m','Gudang Utama',10.00,0.00,2010.00,NULL,8,'2020-10-18 16:17:09','2020-10-18 16:17:09'),(221,369,'DO/0005/FTI/X/2020','Patchcord MM OM1 DX (3,0mm) SC/UPC-ST/UPC 3m','Gudang Utama',15.00,0.00,1500.00,NULL,8,'2020-10-18 16:17:09','2020-10-18 16:17:09'),(222,364,'SO/FTI/0014/EMMA/X/2020','Patchcord MM DX Out Door SC/UPC-LC/UPC 10m Heat Shrink Kuning','Gudang Utama',0.00,1.00,1499.00,NULL,4,'2020-10-18 16:22:33','2020-10-18 16:22:33'),(223,878,'SO/FTI/0014/EMMA/X/2020','Patchcord MM DX Out Door SC/UPC-LC/UPC 10m Heat Shrink Kuning','Gudang Pengiriman',1.00,0.00,1.00,NULL,4,'2020-10-18 16:22:33','2020-10-18 16:22:33'),(224,365,'SO/FTI/0014/EMMA/X/2020','Patchcord MM DX Out Door SC/UPC-LC/UPC 5m Heat Shrink Hitam PAZ','Gudang Utama',0.00,1.00,1.00,NULL,4,'2020-10-18 16:22:33','2020-10-18 16:22:33'),(225,880,'SO/FTI/0014/EMMA/X/2020','Patchcord MM DX Out Door SC/UPC-LC/UPC 5m Heat Shrink Hitam PAZ','Gudang Pengiriman',1.00,0.00,1.00,NULL,4,'2020-10-18 16:22:33','2020-10-18 16:22:33'),(226,365,'SO/FTI/0014/EMMA/X/2020','Patchcord MM DX Out Door SC/UPC-LC/UPC 5m Heat Shrink Hitam PAZ','Gudang Utama',0.00,1.00,0.00,NULL,4,'2020-10-18 16:22:33','2020-10-18 16:22:33'),(227,880,'SO/FTI/0014/EMMA/X/2020','Patchcord MM DX Out Door SC/UPC-LC/UPC 5m Heat Shrink Hitam PAZ','Gudang Pengiriman',1.00,0.00,1.00,NULL,4,'2020-10-18 16:22:33','2020-10-18 16:22:33'),(228,366,'SO/FTI/0014/EMMA/X/2020','Patchcord MM DX Out Door SC/UPC-SC/UPC 5m Heat Shrink Hitam','Gudang Utama',0.00,1.00,1.00,NULL,4,'2020-10-18 16:22:33','2020-10-18 16:22:33'),(229,881,'SO/FTI/0014/EMMA/X/2020','Patchcord MM DX Out Door SC/UPC-SC/UPC 5m Heat Shrink Hitam','Gudang Pengiriman',1.00,0.00,1.00,NULL,4,'2020-10-18 16:22:33','2020-10-18 16:22:33'),(230,662,'SO/FTI/0014/EMMA/X/2020','Precon 1 Core SC/APC-SC/APC 100M','Gudang Utama',0.00,1.00,1249.00,NULL,4,'2020-10-18 16:22:34','2020-10-18 16:22:34'),(231,822,'SO/FTI/0014/EMMA/X/2020','Precon 1 Core SC/APC-SC/APC 100M','Gudang Pengiriman',1.00,0.00,1.00,NULL,4,'2020-10-18 16:22:34','2020-10-18 16:22:34'),(232,662,'SO/FTI/0014/EMMA/X/2020','Precon 1 Core SC/APC-SC/APC 100M','Gudang Utama',0.00,1.00,1248.00,NULL,4,'2020-10-18 16:22:34','2020-10-18 16:22:34'),(233,822,'SO/FTI/0014/EMMA/X/2020','Precon 1 Core SC/APC-SC/APC 100M','Gudang Pengiriman',1.00,0.00,1.00,NULL,4,'2020-10-18 16:22:34','2020-10-18 16:22:34'),(234,662,'SO/FTI/0014/EMMA/X/2020','Precon 1 Core SC/APC-SC/APC 100M','Gudang Utama',0.00,1.00,1248.00,NULL,4,'2020-10-18 16:22:34','2020-10-18 16:22:34'),(235,822,'SO/FTI/0014/EMMA/X/2020','Precon 1 Core SC/APC-SC/APC 100M','Gudang Pengiriman',1.00,0.00,1.00,NULL,4,'2020-10-18 16:22:34','2020-10-18 16:22:34'),(236,663,'SO/FTI/0014/EMMA/X/2020','Precon 1 Core SC/APC-SC/APC 120M','Gudang Utama',0.00,1.00,1999.00,NULL,4,'2020-10-18 16:22:34','2020-10-18 16:22:34'),(237,882,'SO/FTI/0014/EMMA/X/2020','Precon 1 Core SC/APC-SC/APC 120M','Gudang Pengiriman',1.00,0.00,1.00,NULL,4,'2020-10-18 16:22:34','2020-10-18 16:22:34'),(238,363,'ADJ/FTI/000155/X/2020','Patchcord MM DX Out Door LC/UPC-LC/UPC 10m Heat Shrink Kuning','Gudang Utama',0.00,1500.00,0.00,'18 oktober 2020',1,'2020-10-18 17:14:14','2020-10-18 17:14:14'),(239,364,'ADJ/FTI/000156/X/2020','Patchcord MM DX Out Door SC/UPC-LC/UPC 10m Heat Shrink Kuning','Gudang Utama',0.00,1499.00,0.00,'18 okt',1,'2020-10-18 17:14:50','2020-10-18 17:14:50'),(240,363,'ADJ/FTI/000157/X/2020','Patchcord MM DX Out Door LC/UPC-LC/UPC 10m Heat Shrink Kuning','Gudang Utama',1500.00,0.00,1500.00,'18 okt',1,'2020-10-18 17:15:39','2020-10-18 17:15:39'),(241,364,'ADJ/FTI/000158/X/2020','Patchcord MM DX Out Door SC/UPC-LC/UPC 10m Heat Shrink Kuning','Gudang Utama',1499.00,0.00,1499.00,'18 okt',1,'2020-10-18 17:16:04','2020-10-18 17:16:04'),(242,11,'ADJ/FTI/000159/X/2020','Adapter SC/UPC Auto Shutter','Gudang Utama',0.00,50000.00,0.00,'18 okt',1,'2020-10-18 17:19:04','2020-10-18 17:19:04'),(243,593,'PO/FTI/0007/YOFCHQ/XI/2020','Pigtail MM OM2 DX (3,0mm) ST/PC 3m','Gudang Utama',50.00,0.00,50.00,NULL,3,'2020-11-09 14:37:57','2020-11-09 14:37:57'),(244,593,'SO/FTI/0001/ENGKIRAHMAT/XI/2020','Pigtail MM OM2 DX (3,0mm) ST/PC 3m','Gudang Utama',0.00,10.00,40.00,NULL,4,'2020-11-09 14:41:49','2020-11-09 14:41:49'),(245,905,'SO/FTI/0001/ENGKIRAHMAT/XI/2020','Pigtail MM OM2 DX (3,0mm) ST/PC 3m','Gudang Pengiriman',10.00,0.00,10.00,NULL,4,'2020-11-09 14:41:49','2020-11-09 14:41:49'),(246,905,'DO/0001/FTI/XI/2020','Pigtail MM OM2 DX (3,0mm) ST/PC 3m','Gudang Pengiriman',0.00,10.00,0.00,NULL,5,'2020-11-09 14:49:59','2020-11-09 14:49:59'),(247,579,'SO/FTI/0002/JOSEPH/XI/2020','Patchcord SM SX (3,0mm) SC/UPC-SC/APC 20m','Gudang Utama',0.00,0.00,250.00,NULL,4,'2020-11-09 16:00:43','2020-11-09 16:00:43'),(248,906,'SO/FTI/0002/JOSEPH/XI/2020','Patchcord SM SX (3,0mm) SC/UPC-SC/APC 20m','Gudang Pengiriman',0.00,0.00,0.00,NULL,4,'2020-11-09 16:00:43','2020-11-09 16:00:43');
/*!40000 ALTER TABLE `inventory_movements` ENABLE KEYS */;
UNLOCK TABLES;

--
-- Table structure for table `log_activities`
--

DROP TABLE IF EXISTS `log_activities`;
/*!40101 SET @saved_cs_client     = @@character_set_client */;
/*!40101 SET character_set_client = utf8 */;
CREATE TABLE `log_activities` (
  `id` bigint(20) unsigned NOT NULL AUTO_INCREMENT,
  `subject` text COLLATE utf8mb4_unicode_ci NOT NULL,
  `url` varchar(255) COLLATE utf8mb4_unicode_ci NOT NULL,
  `method` varchar(255) COLLATE utf8mb4_unicode_ci NOT NULL,
  `ip` varchar(255) COLLATE utf8mb4_unicode_ci NOT NULL,
  `agent` varchar(255) COLLATE utf8mb4_unicode_ci DEFAULT NULL,
  `user_id` char(36) COLLATE utf8mb4_unicode_ci DEFAULT NULL,
  `created_at` timestamp NULL DEFAULT NULL,
  `updated_at` timestamp NULL DEFAULT NULL,
  PRIMARY KEY (`id`)
) ENGINE=InnoDB AUTO_INCREMENT=545 DEFAULT CHARSET=utf8mb4 COLLATE=utf8mb4_unicode_ci;
/*!40101 SET character_set_client = @saved_cs_client */;

--
-- Dumping data for table `log_activities`
--

LOCK TABLES `log_activities` WRITE;
/*!40000 ALTER TABLE `log_activities` DISABLE KEYS */;
INSERT INTO `log_activities` VALUES (1,'Pengajuan PR/FTI/0001/Trio/IX/2020 Berhasil Dibuat','http://fibertekno.iteos.tech/apps/purchase/request/store','POST','192.168.0.1','Mozilla/5.0 (Macintosh; Intel Mac OS X 10_16_0) AppleWebKit/537.36 (KHTML, like Gecko) Chrome/85.0.4183.121 Safari/537.36','c7e50632-3efc-4cff-99fd-2a39dee275b2','2020-09-30 03:43:16','2020-09-30 03:43:16'),(2,'Pengajuan PO/FTI/0001/Trio/IX/2020 Berhasil Diproses','http://fibertekno.iteos.tech/apps/purchase/request/approve/c921e0e5-b916-4570-b49d-4e209aa43f2d','POST','192.168.0.1','Mozilla/5.0 (Macintosh; Intel Mac OS X 10_16_0) AppleWebKit/537.36 (KHTML, like Gecko) Chrome/85.0.4183.121 Safari/537.36','c7e50632-3efc-4cff-99fd-2a39dee275b2','2020-09-30 04:09:20','2020-09-30 04:09:20'),(3,'Pembelian PO/FTI/0001/Trio/IX/2020 Berhasil Diterima','http://fibertekno.iteos.tech/apps/inventories/purchase-receipt/store','POST','192.168.0.1','Mozilla/5.0 (Macintosh; Intel Mac OS X 10_16_0) AppleWebKit/537.36 (KHTML, like Gecko) Chrome/85.0.4183.121 Safari/537.36','c7e50632-3efc-4cff-99fd-2a39dee275b2','2020-09-30 04:09:52','2020-09-30 04:09:52'),(4,'Pembayaran UntukFTI/0001/Trio/IX/2020 Berhasil Dibuat','http://fibertekno.iteos.tech/apps/finance/purchase-receipt/create','POST','192.168.0.1','Mozilla/5.0 (Macintosh; Intel Mac OS X 10_16_0) AppleWebKit/537.36 (KHTML, like Gecko) Chrome/85.0.4183.121 Safari/537.36','c7e50632-3efc-4cff-99fd-2a39dee275b2','2020-09-30 04:44:48','2020-09-30 04:44:48'),(5,'Pembayaran  Berhasil Dibayar','http://fibertekno.iteos.tech/apps/finance/purchase-receipt/payment-made/1','POST','192.168.0.1','Mozilla/5.0 (Macintosh; Intel Mac OS X 10_16_0) AppleWebKit/537.36 (KHTML, like Gecko) Chrome/85.0.4183.121 Safari/537.36','c7e50632-3efc-4cff-99fd-2a39dee275b2','2020-09-30 04:45:19','2020-09-30 04:45:19'),(6,'Pembelian PO/FTI/0001/Trio/IX/2020 Selesai Diproses','http://fibertekno.iteos.tech/apps/inventories/purchase-receipt/close/1a3500d9-ecd3-484b-a0c0-c778f3abc088','POST','192.168.0.1','Mozilla/5.0 (Macintosh; Intel Mac OS X 10_16_0) AppleWebKit/537.36 (KHTML, like Gecko) Chrome/85.0.4183.121 Safari/537.36','c7e50632-3efc-4cff-99fd-2a39dee275b2','2020-09-30 04:45:35','2020-09-30 04:45:35'),(7,'Produk AC 1/2PK Berhasil Diubah','http://fibertekno.iteos.tech/apps/products/update/5d9aaffa-33c0-11ea-aec2-2e728ce88125','POST','192.168.0.1','Mozilla/5.0 (Macintosh; Intel Mac OS X 10_16_0) AppleWebKit/537.36 (KHTML, like Gecko) Chrome/85.0.4183.121 Safari/537.36','c7e50632-3efc-4cff-99fd-2a39dee275b2','2020-09-30 04:52:34','2020-09-30 04:52:34'),(8,'Produk AC 1PK Berhasil Diubah','http://fibertekno.iteos.tech/apps/products/update/5d9ab270-33c0-11ea-aec2-2e728ce88125','POST','192.168.0.1','Mozilla/5.0 (Macintosh; Intel Mac OS X 10_16_0) AppleWebKit/537.36 (KHTML, like Gecko) Chrome/85.0.4183.121 Safari/537.36','c7e50632-3efc-4cff-99fd-2a39dee275b2','2020-09-30 04:52:58','2020-09-30 04:52:58'),(9,'Stok Adapter Dustcaps Green Berhasil Disesuaikan','http://fibertekno.iteos.tech/apps/inventory/adjustment/store/6','POST','192.168.0.1','Mozilla/5.0 (Macintosh; Intel Mac OS X 10_16_0) AppleWebKit/537.36 (KHTML, like Gecko) Chrome/85.0.4183.121 Safari/537.36','c7e50632-3efc-4cff-99fd-2a39dee275b2','2020-09-30 10:28:44','2020-09-30 10:28:44'),(10,'Stok Adapter Dustcaps Blue Berhasil Disesuaikan','http://fibertekno.iteos.tech/apps/inventory/adjustment/store/5','POST','192.168.0.1','Mozilla/5.0 (Macintosh; Intel Mac OS X 10_16_0) AppleWebKit/537.36 (KHTML, like Gecko) Chrome/85.0.4183.121 Safari/537.36','c7e50632-3efc-4cff-99fd-2a39dee275b2','2020-09-30 10:28:59','2020-09-30 10:28:59'),(11,'User Icha C (W/L Adm) Berhasil diubah','http://fibertekno.iteos.tech/apps/users/update/071ea324-a8d2-4f79-8f8a-23c90bc191ff','POST','192.168.0.1','Mozilla/5.0 (Macintosh; Intel Mac OS X 10_16_0) AppleWebKit/537.36 (KHTML, like Gecko) Chrome/85.0.4183.121 Safari/537.36','c7e50632-3efc-4cff-99fd-2a39dee275b2','2020-09-30 10:31:22','2020-09-30 10:31:22'),(12,'User Reny (Finance Adm) Berhasil diubah','http://fibertekno.iteos.tech/apps/users/update/994a52f5-285e-4401-95b2-166cc353bb65','POST','192.168.0.1','Mozilla/5.0 (Macintosh; Intel Mac OS X 10_16_0) AppleWebKit/537.36 (KHTML, like Gecko) Chrome/85.0.4183.121 Safari/537.36','c7e50632-3efc-4cff-99fd-2a39dee275b2','2020-09-30 10:31:54','2020-09-30 10:31:54'),(13,'Pengajuan PR/FTI/0002/Trio/IX/2020 Berhasil Dibuat','http://fibertekno.iteos.tech/apps/purchase/request/store','POST','192.168.0.1','Mozilla/5.0 (Macintosh; Intel Mac OS X 10_16_0) AppleWebKit/537.36 (KHTML, like Gecko) Chrome/85.0.4183.121 Safari/537.36','c7e50632-3efc-4cff-99fd-2a39dee275b2','2020-09-30 10:57:25','2020-09-30 10:57:25'),(14,'Pengajuan PO/FTI/0002/Trio/IX/2020 Berhasil Diproses','http://fibertekno.iteos.tech/apps/purchase/request/approve/6bcc9de7-3301-437a-9923-60f81c103635','POST','192.168.0.1','Mozilla/5.0 (Macintosh; Intel Mac OS X 10_16_0) AppleWebKit/537.36 (KHTML, like Gecko) Chrome/85.0.4183.121 Safari/537.36','c7e50632-3efc-4cff-99fd-2a39dee275b2','2020-09-30 10:57:28','2020-09-30 10:57:28'),(15,'Pembelian PO/FTI/0002/Trio/IX/2020 Berhasil Diterima','http://fibertekno.iteos.tech/apps/inventories/purchase-receipt/store','POST','192.168.0.1','Mozilla/5.0 (Macintosh; Intel Mac OS X 10_16_0) AppleWebKit/537.36 (KHTML, like Gecko) Chrome/85.0.4183.121 Safari/537.36','c7e50632-3efc-4cff-99fd-2a39dee275b2','2020-09-30 10:58:04','2020-09-30 10:58:04'),(16,'Pembayaran UntukFTI/0002/Trio/IX/2020 Berhasil Dibuat','http://fibertekno.iteos.tech/apps/finance/purchase-receipt/create','POST','192.168.0.1','Mozilla/5.0 (Macintosh; Intel Mac OS X 10_16_0) AppleWebKit/537.36 (KHTML, like Gecko) Chrome/85.0.4183.121 Safari/537.36','c7e50632-3efc-4cff-99fd-2a39dee275b2','2020-09-30 10:58:36','2020-09-30 10:58:36'),(17,'Pembayaran  Berhasil Dibayar','http://fibertekno.iteos.tech/apps/finance/purchase-receipt/payment-made/2','POST','192.168.0.1','Mozilla/5.0 (Macintosh; Intel Mac OS X 10_16_0) AppleWebKit/537.36 (KHTML, like Gecko) Chrome/85.0.4183.121 Safari/537.36','c7e50632-3efc-4cff-99fd-2a39dee275b2','2020-09-30 11:03:06','2020-09-30 11:03:06'),(18,'Pembelian PO/FTI/0002/Trio/IX/2020 Selesai Diproses','http://fibertekno.iteos.tech/apps/purchase/orders/close/6bcc9de7-3301-437a-9923-60f81c103635','POST','192.168.0.1','Mozilla/5.0 (Macintosh; Intel Mac OS X 10_16_0) AppleWebKit/537.36 (KHTML, like Gecko) Chrome/85.0.4183.121 Safari/537.36','c7e50632-3efc-4cff-99fd-2a39dee275b2','2020-09-30 11:03:20','2020-09-30 11:03:20'),(19,'Sales Order SO/FTI/0001/FTI-C-0000010/IX/2020 Berhasil Disubmit','http://fibertekno.iteos.tech/apps/sales/orders/store','POST','192.168.0.1','Mozilla/5.0 (Macintosh; Intel Mac OS X 10_16_0) AppleWebKit/537.36 (KHTML, like Gecko) Chrome/85.0.4183.121 Safari/537.36','c7e50632-3efc-4cff-99fd-2a39dee275b2','2020-09-30 11:06:11','2020-09-30 11:06:11'),(20,'Sales Order SO/FTI/0001/FTI-C-0000010/IX/2020 Berhasil Diproses','http://fibertekno.iteos.tech/apps/sales/orders/approve/799853ac-16b8-4c78-af59-faa68c330137','POST','192.168.0.1','Mozilla/5.0 (Macintosh; Intel Mac OS X 10_16_0) AppleWebKit/537.36 (KHTML, like Gecko) Chrome/85.0.4183.121 Safari/537.36','c7e50632-3efc-4cff-99fd-2a39dee275b2','2020-09-30 11:06:17','2020-09-30 11:06:17'),(21,'Delivery Order DO/0001/FTI/IX/2020 Sedang Diproses','http://fibertekno.iteos.tech/apps/inventories/delivery-order/store','POST','192.168.0.1','Mozilla/5.0 (Macintosh; Intel Mac OS X 10_16_0) AppleWebKit/537.36 (KHTML, like Gecko) Chrome/85.0.4183.121 Safari/537.36','c7e50632-3efc-4cff-99fd-2a39dee275b2','2020-09-30 11:06:51','2020-09-30 11:06:51'),(22,'Invoice  Berhasil Dibuat','http://fibertekno.iteos.tech/apps/finance/invoices/store','POST','192.168.0.1','Mozilla/5.0 (Macintosh; Intel Mac OS X 10_16_0) AppleWebKit/537.36 (KHTML, like Gecko) Chrome/85.0.4183.121 Safari/537.36','c7e50632-3efc-4cff-99fd-2a39dee275b2','2020-09-30 11:07:29','2020-09-30 11:07:29'),(23,'Delivery Order SO/FTI/0001/FTI-C-0000010/IX/2020 Berhasil Dikirimkan','http://fibertekno.iteos.tech/apps/inventories/delivery-order/delivered/cbce07fe-fb7a-4c22-a975-ffea160dfe9f','POST','192.168.0.1','Mozilla/5.0 (Macintosh; Intel Mac OS X 10_16_0) AppleWebKit/537.36 (KHTML, like Gecko) Chrome/85.0.4183.121 Safari/537.36','c7e50632-3efc-4cff-99fd-2a39dee275b2','2020-09-30 11:07:56','2020-09-30 11:07:56'),(24,'Manufacture Request MR/FTI/0001/IX/2020 Berhasil Dibuat','http://fibertekno.iteos.tech/apps/manufactures/request/store','POST','192.168.0.1','Mozilla/5.0 (Macintosh; Intel Mac OS X 10_16_0) AppleWebKit/537.36 (KHTML, like Gecko) Chrome/85.0.4183.121 Safari/537.36','c7e50632-3efc-4cff-99fd-2a39dee275b2','2020-09-30 11:10:47','2020-09-30 11:10:47'),(25,'Manufacture Request MO/FTI/0001/IX/2020 Berhasil Disetujui','http://fibertekno.iteos.tech/apps/manufactures/request/approve/4259b4f8-b3fb-4c94-aab0-a460b9e23790','POST','192.168.0.1','Mozilla/5.0 (Macintosh; Intel Mac OS X 10_16_0) AppleWebKit/537.36 (KHTML, like Gecko) Chrome/85.0.4183.121 Safari/537.36','c7e50632-3efc-4cff-99fd-2a39dee275b2','2020-09-30 11:10:57','2020-09-30 11:10:57'),(26,'Produk Cable MM OM1 DX (2,0mm) Berhasil Diubah','http://fibertekno.iteos.tech/apps/products/update/91533b75-3486-44b5-91fa-6d3f90f2810b','POST','192.168.0.1','Mozilla/5.0 (Macintosh; Intel Mac OS X 10_16_0) AppleWebKit/537.36 (KHTML, like Gecko) Chrome/85.0.4183.121 Safari/537.36','c7e50632-3efc-4cff-99fd-2a39dee275b2','2020-09-30 11:23:58','2020-09-30 11:23:58'),(27,'Produk Cable MM OM1 DX (2,0mm) Berhasil Diubah','http://fibertekno.iteos.tech/apps/products/update/91533b75-3486-44b5-91fa-6d3f90f2810b','POST','192.168.0.1','Mozilla/5.0 (Macintosh; Intel Mac OS X 10_16_0) AppleWebKit/537.36 (KHTML, like Gecko) Chrome/85.0.4183.121 Safari/537.36','c7e50632-3efc-4cff-99fd-2a39dee275b2','2020-09-30 11:24:23','2020-09-30 11:24:23'),(28,'Produk Cable MM OM1 DX (2,0mm) Berhasil Diubah','http://fibertekno.iteos.tech/apps/products/update/91533b75-3486-44b5-91fa-6d3f90f2810b','POST','192.168.0.1','Mozilla/5.0 (Macintosh; Intel Mac OS X 10_16_0) AppleWebKit/537.36 (KHTML, like Gecko) Chrome/85.0.4183.121 Safari/537.36','c7e50632-3efc-4cff-99fd-2a39dee275b2','2020-09-30 11:39:40','2020-09-30 11:39:40'),(29,'Produk Cable MM OM1 DX (2,0mm) Berhasil Diubah','http://fibertekno.iteos.tech/apps/products/update/91533b75-3486-44b5-91fa-6d3f90f2810b','POST','192.168.0.1','Mozilla/5.0 (Macintosh; Intel Mac OS X 10_16_0) AppleWebKit/537.36 (KHTML, like Gecko) Chrome/85.0.4183.121 Safari/537.36','c7e50632-3efc-4cff-99fd-2a39dee275b2','2020-09-30 11:48:37','2020-09-30 11:48:37'),(30,'Stok Connector MM LC/PC (2,0mm) Berhasil Disesuaikan','http://fibertekno.iteos.tech/apps/inventory/adjustment/store/175','POST','192.168.0.1','Mozilla/5.0 (Macintosh; Intel Mac OS X 10_16_0) AppleWebKit/537.36 (KHTML, like Gecko) Chrome/85.0.4183.121 Safari/537.36','c7e50632-3efc-4cff-99fd-2a39dee275b2','2020-09-30 12:01:13','2020-09-30 12:01:13'),(31,'Invoice  Berhasil Dibayar','http://fibertekno.iteos.tech/apps/finance/invoices/payment-receive/3','POST','192.168.0.1','Mozilla/5.0 (Macintosh; Intel Mac OS X 10_16_0) AppleWebKit/537.36 (KHTML, like Gecko) Chrome/85.0.4183.121 Safari/537.36','c7e50632-3efc-4cff-99fd-2a39dee275b2','2020-10-01 18:57:08','2020-10-01 18:57:08'),(32,'Sales Order SO/FTI/0001/FTI-C-0000010/IX/2020 Berhasil Ditutup','http://fibertekno.iteos.tech/apps/sales/orders/close/799853ac-16b8-4c78-af59-faa68c330137','POST','192.168.0.1','Mozilla/5.0 (Macintosh; Intel Mac OS X 10_16_0) AppleWebKit/537.36 (KHTML, like Gecko) Chrome/85.0.4183.121 Safari/537.36','c7e50632-3efc-4cff-99fd-2a39dee275b2','2020-10-01 18:57:21','2020-10-01 18:57:21'),(33,'Produk Kabel AERIAL/ KU FO 12Core SCPT (Y) berhasil disimpan','http://fibertekno.iteos.tech/apps/products/store','POST','192.168.0.1','Mozilla/5.0 (Macintosh; Intel Mac OS X 10_16_0) AppleWebKit/537.36 (KHTML, like Gecko) Chrome/85.0.4183.121 Safari/537.36','c7e50632-3efc-4cff-99fd-2a39dee275b2','2020-10-01 19:04:50','2020-10-01 19:04:50'),(34,'Customer PT PUTERATEL ANDALAN SUKSES (PAS) Berhasil Diubah','http://fibertekno.iteos.tech/apps/customers/update/47425ace-60ef-4038-abe9-e024d9443d3d','POST','192.168.0.1','Mozilla/5.0 (Macintosh; Intel Mac OS X 10_16_0) AppleWebKit/537.36 (KHTML, like Gecko) Chrome/85.0.4183.121 Safari/537.36','c7e50632-3efc-4cff-99fd-2a39dee275b2','2020-10-05 15:30:04','2020-10-05 15:30:04'),(35,'Customer PT PUTERATEL ANDALAN SUKSES (PAS) Berhasil Diubah','http://fibertekno.iteos.tech/apps/customers/update/47425ace-60ef-4038-abe9-e024d9443d3d','POST','192.168.0.1','Mozilla/5.0 (Macintosh; Intel Mac OS X 10_16_0) AppleWebKit/537.36 (KHTML, like Gecko) Chrome/85.0.4183.121 Safari/537.36','c7e50632-3efc-4cff-99fd-2a39dee275b2','2020-10-05 15:31:11','2020-10-05 15:31:11'),(36,'Sales Order SO/FTI/0001/PT.PAS/X/2020 Berhasil Disubmit','http://fibertekno.iteos.tech/apps/sales/orders/store','POST','192.168.0.1','Mozilla/5.0 (Macintosh; Intel Mac OS X 10_16_0) AppleWebKit/537.36 (KHTML, like Gecko) Chrome/85.0.4183.121 Safari/537.36','c7e50632-3efc-4cff-99fd-2a39dee275b2','2020-10-05 15:36:29','2020-10-05 15:36:29'),(37,'Supplier PT Fibertekno Teknologi Inovasi Berhasil Disimpan','http://fibertekno.iteos.tech/apps/suppliers/store','POST','192.168.0.1','Mozilla/5.0 (Macintosh; Intel Mac OS X 10_16_0) AppleWebKit/537.36 (KHTML, like Gecko) Chrome/85.0.4183.121 Safari/537.36','c7e50632-3efc-4cff-99fd-2a39dee275b2','2020-10-05 15:57:07','2020-10-05 15:57:07'),(38,'Customer PT. MDT Total Solution Berhasil Disimpan','http://fibertekno.iteos.tech/apps/customers/store','POST','192.168.0.1','Mozilla/5.0 (Macintosh; Intel Mac OS X 10_16_0) AppleWebKit/537.36 (KHTML, like Gecko) Chrome/85.0.4183.121 Safari/537.36','c7e50632-3efc-4cff-99fd-2a39dee275b2','2020-10-05 16:09:55','2020-10-05 16:09:55'),(39,'Customer PT. MDT Total Solution Berhasil Diubah','http://fibertekno.iteos.tech/apps/customers/update/f8d6c407-bf02-49e5-a548-5ae20913ea67','POST','192.168.0.1','Mozilla/5.0 (Macintosh; Intel Mac OS X 10_16_0) AppleWebKit/537.36 (KHTML, like Gecko) Chrome/85.0.4183.121 Safari/537.36','c7e50632-3efc-4cff-99fd-2a39dee275b2','2020-10-05 16:10:41','2020-10-05 16:10:41'),(40,'Sales Order SO/FTI/0001/PT.PAS/X/2020 Berhasil Diubah Dengan Catatan Ganti Kepala dari sc apc - sc apc menjadi sc upc - sc apc (ganti satu kepala) ','http://fibertekno.iteos.tech/apps/sales/orders/update/88c364d6-5987-4b3e-a094-3d0378a1bd53','POST','192.168.0.1','Mozilla/5.0 (Macintosh; Intel Mac OS X 10_16_0) AppleWebKit/537.36 (KHTML, like Gecko) Chrome/85.0.4183.121 Safari/537.36','c7e50632-3efc-4cff-99fd-2a39dee275b2','2020-10-05 16:28:14','2020-10-05 16:28:14'),(41,'Customer PT PUTERATEL ANDALAN SUKSES (PAS) Berhasil Diubah','http://fibertekno.iteos.tech/apps/customers/update/47425ace-60ef-4038-abe9-e024d9443d3d','POST','192.168.0.1','Mozilla/5.0 (Macintosh; Intel Mac OS X 10_16_0) AppleWebKit/537.36 (KHTML, like Gecko) Chrome/85.0.4183.121 Safari/537.36','c7e50632-3efc-4cff-99fd-2a39dee275b2','2020-10-05 16:32:39','2020-10-05 16:32:39'),(42,'Customer PT PUTERATEL ANDALAN SUKSES (PAS) Berhasil Diubah','http://fibertekno.iteos.tech/apps/customers/update/47425ace-60ef-4038-abe9-e024d9443d3d','POST','192.168.0.1','Mozilla/5.0 (Macintosh; Intel Mac OS X 10_16_0) AppleWebKit/537.36 (KHTML, like Gecko) Chrome/85.0.4183.121 Safari/537.36','c7e50632-3efc-4cff-99fd-2a39dee275b2','2020-10-05 16:32:57','2020-10-05 16:32:57'),(43,'Customer PT. PUTERATEL ANDALAN SUKSES (PAS) Berhasil Disimpan','http://fibertekno.iteos.tech/apps/customers/store','POST','192.168.0.1','Mozilla/5.0 (Macintosh; Intel Mac OS X 10_16_0) AppleWebKit/537.36 (KHTML, like Gecko) Chrome/85.0.4183.121 Safari/537.36','c7e50632-3efc-4cff-99fd-2a39dee275b2','2020-10-05 16:40:40','2020-10-05 16:40:40'),(44,'Customer PT PUTERATEL ANDALAN SUKSES (PAS) - NP Berhasil Diubah','http://fibertekno.iteos.tech/apps/customers/update/47425ace-60ef-4038-abe9-e024d9443d3d','POST','192.168.0.1','Mozilla/5.0 (Macintosh; Intel Mac OS X 10_16_0) AppleWebKit/537.36 (KHTML, like Gecko) Chrome/85.0.4183.121 Safari/537.36','c7e50632-3efc-4cff-99fd-2a39dee275b2','2020-10-05 16:45:22','2020-10-05 16:45:22'),(45,'Customer PT. MDT Total Solution - NP Berhasil Diubah','http://fibertekno.iteos.tech/apps/customers/update/f8d6c407-bf02-49e5-a548-5ae20913ea67','POST','192.168.0.1','Mozilla/5.0 (Macintosh; Intel Mac OS X 10_16_0) AppleWebKit/537.36 (KHTML, like Gecko) Chrome/85.0.4183.121 Safari/537.36','c7e50632-3efc-4cff-99fd-2a39dee275b2','2020-10-05 17:04:24','2020-10-05 17:04:24'),(46,'Pengajuan PR/FTI/0001/IMP/CHN/001/X/2020 Berhasil Dibuat','http://fibertekno.iteos.tech/apps/purchase/request/store','POST','192.168.0.1','Mozilla/5.0 (Macintosh; Intel Mac OS X 10_16_0) AppleWebKit/537.36 (KHTML, like Gecko) Chrome/85.0.4183.121 Safari/537.36','c7e50632-3efc-4cff-99fd-2a39dee275b2','2020-10-05 17:08:06','2020-10-05 17:08:06'),(47,'Pengajuan PO/FTI/0003/IMP/CHN/001/X/2020 Berhasil Diproses','http://fibertekno.iteos.tech/apps/purchase/request/approve/8308927c-6407-49c4-a7a2-06e41b30a0cc','POST','192.168.0.1','Mozilla/5.0 (Macintosh; Intel Mac OS X 10_16_0) AppleWebKit/537.36 (KHTML, like Gecko) Chrome/85.0.4183.121 Safari/537.36','c7e50632-3efc-4cff-99fd-2a39dee275b2','2020-10-05 17:08:41','2020-10-05 17:08:41'),(48,'Pembelian PO/FTI/0003/IMP/CHN/001/X/2020 Berhasil Diterima','http://fibertekno.iteos.tech/apps/inventories/purchase-receipt/store','POST','192.168.0.1','Mozilla/5.0 (Macintosh; Intel Mac OS X 10_16_0) AppleWebKit/537.36 (KHTML, like Gecko) Chrome/85.0.4183.121 Safari/537.36','c7e50632-3efc-4cff-99fd-2a39dee275b2','2020-10-05 17:09:33','2020-10-05 17:09:33'),(49,'Pengajuan PR/FTI/0002/YOI/X/2020 Berhasil Dibuat','http://fibertekno.iteos.tech/apps/purchase/request/store','POST','192.168.0.1','Mozilla/5.0 (Macintosh; Intel Mac OS X 10_16_0) AppleWebKit/537.36 (KHTML, like Gecko) Chrome/85.0.4183.121 Safari/537.36','c7e50632-3efc-4cff-99fd-2a39dee275b2','2020-10-05 17:18:34','2020-10-05 17:18:34'),(50,'Pengajuan PO/FTI/0004/YOI/X/2020 Berhasil Diproses','http://fibertekno.iteos.tech/apps/purchase/request/approve/f1a78c95-9bde-4685-95d0-1cbd4489ae9d','POST','192.168.0.1','Mozilla/5.0 (Macintosh; Intel Mac OS X 10_16_0) AppleWebKit/537.36 (KHTML, like Gecko) Chrome/85.0.4183.121 Safari/537.36','c7e50632-3efc-4cff-99fd-2a39dee275b2','2020-10-05 17:18:52','2020-10-05 17:18:52'),(51,'Pembayaran UntukFTI/0005/IMP/CHN/001/X/2020 Berhasil Dibuat','http://fibertekno.iteos.tech/apps/finance/purchase-receipt/create','POST','192.168.0.1','Mozilla/5.0 (Macintosh; Intel Mac OS X 10_16_0) AppleWebKit/537.36 (KHTML, like Gecko) Chrome/85.0.4183.121 Safari/537.36','c7e50632-3efc-4cff-99fd-2a39dee275b2','2020-10-05 17:19:56','2020-10-05 17:19:56'),(52,'Pembelian PO/FTI/0004/YOI/X/2020 Berhasil Diterima','http://fibertekno.iteos.tech/apps/inventories/purchase-receipt/store','POST','192.168.0.1','Mozilla/5.0 (Macintosh; Intel Mac OS X 10_16_0) AppleWebKit/537.36 (KHTML, like Gecko) Chrome/85.0.4183.121 Safari/537.36','c7e50632-3efc-4cff-99fd-2a39dee275b2','2020-10-05 17:21:23','2020-10-05 17:21:23'),(53,'Pembayaran  Berhasil Dibayar','http://fibertekno.iteos.tech/apps/finance/purchase-receipt/payment-made/4','POST','192.168.0.1','Mozilla/5.0 (Macintosh; Intel Mac OS X 10_16_0) AppleWebKit/537.36 (KHTML, like Gecko) Chrome/85.0.4183.121 Safari/537.36','c7e50632-3efc-4cff-99fd-2a39dee275b2','2020-10-05 17:42:14','2020-10-05 17:42:14'),(54,'Customer PT. MDT Total Solution - NP Berhasil Diubah','http://fibertekno.iteos.tech/apps/customers/update/f8d6c407-bf02-49e5-a548-5ae20913ea67','POST','192.168.0.1','Mozilla/5.0 (Macintosh; Intel Mac OS X 10_16_0) AppleWebKit/537.36 (KHTML, like Gecko) Chrome/85.0.4183.121 Safari/537.36','c7e50632-3efc-4cff-99fd-2a39dee275b2','2020-10-05 18:08:41','2020-10-05 18:08:41'),(55,'Customer PT. MDT Total Solution - P Berhasil Disimpan','http://fibertekno.iteos.tech/apps/customers/store','POST','192.168.0.1','Mozilla/5.0 (Macintosh; Intel Mac OS X 10_16_0) AppleWebKit/537.36 (KHTML, like Gecko) Chrome/85.0.4183.121 Safari/537.36','c7e50632-3efc-4cff-99fd-2a39dee275b2','2020-10-05 18:11:22','2020-10-05 18:11:22'),(56,'Customer BUDI BDG - CV.PUTRA JAYA Berhasil Diubah','http://fibertekno.iteos.tech/apps/customers/update/008a1051-7b08-4ba8-8677-24911558245e','POST','192.168.0.1','Mozilla/5.0 (Macintosh; Intel Mac OS X 10_16_0) AppleWebKit/537.36 (KHTML, like Gecko) Chrome/85.0.4183.121 Safari/537.36','c7e50632-3efc-4cff-99fd-2a39dee275b2','2020-10-05 18:13:40','2020-10-05 18:13:40'),(57,'Customer SUPARMAN Berhasil Diubah','http://fibertekno.iteos.tech/apps/customers/update/11937f5b-af6e-49fc-8cea-ef370e9c76f0','POST','192.168.0.1','Mozilla/5.0 (Macintosh; Intel Mac OS X 10_16_0) AppleWebKit/537.36 (KHTML, like Gecko) Chrome/85.0.4183.121 Safari/537.36','c7e50632-3efc-4cff-99fd-2a39dee275b2','2020-10-05 18:15:10','2020-10-05 18:15:10'),(58,'Customer PT FIBER MEDIA INDONESIA Berhasil Diubah','http://fibertekno.iteos.tech/apps/customers/update/153339d2-bf88-4b93-99c1-73d6afdda230','POST','192.168.0.1','Mozilla/5.0 (Macintosh; Intel Mac OS X 10_16_0) AppleWebKit/537.36 (KHTML, like Gecko) Chrome/85.0.4183.121 Safari/537.36','c7e50632-3efc-4cff-99fd-2a39dee275b2','2020-10-05 18:15:32','2020-10-05 18:15:32'),(59,'Customer PT Bali Towerindo Berhasil Diubah','http://fibertekno.iteos.tech/apps/customers/update/1c527872-628d-43aa-a61e-b02f74ee1154','POST','192.168.0.1','Mozilla/5.0 (Macintosh; Intel Mac OS X 10_16_0) AppleWebKit/537.36 (KHTML, like Gecko) Chrome/85.0.4183.121 Safari/537.36','c7e50632-3efc-4cff-99fd-2a39dee275b2','2020-10-05 18:17:20','2020-10-05 18:17:20'),(60,'Customer PT Bali Towerindo - P Berhasil Diubah','http://fibertekno.iteos.tech/apps/customers/update/1c527872-628d-43aa-a61e-b02f74ee1154','POST','192.168.0.1','Mozilla/5.0 (Macintosh; Intel Mac OS X 10_16_0) AppleWebKit/537.36 (KHTML, like Gecko) Chrome/85.0.4183.121 Safari/537.36','c7e50632-3efc-4cff-99fd-2a39dee275b2','2020-10-05 18:17:43','2020-10-05 18:17:43'),(61,'Customer SURYADI - TANGERANG - NP Berhasil Diubah','http://fibertekno.iteos.tech/apps/customers/update/1f02ca00-7654-4553-9e1b-2e7f35232f9c','POST','192.168.0.1','Mozilla/5.0 (Macintosh; Intel Mac OS X 10_16_0) AppleWebKit/537.36 (KHTML, like Gecko) Chrome/85.0.4183.121 Safari/537.36','c7e50632-3efc-4cff-99fd-2a39dee275b2','2020-10-05 18:18:42','2020-10-05 18:18:42'),(62,'Customer BUDI BDG - CV.PUTRA JAYA - NP Berhasil Diubah','http://fibertekno.iteos.tech/apps/customers/update/008a1051-7b08-4ba8-8677-24911558245e','POST','192.168.0.1','Mozilla/5.0 (Macintosh; Intel Mac OS X 10_16_0) AppleWebKit/537.36 (KHTML, like Gecko) Chrome/85.0.4183.121 Safari/537.36','c7e50632-3efc-4cff-99fd-2a39dee275b2','2020-10-05 18:23:58','2020-10-05 18:23:58'),(63,'Customer SUPARMAN - NP Berhasil Diubah','http://fibertekno.iteos.tech/apps/customers/update/11937f5b-af6e-49fc-8cea-ef370e9c76f0','POST','192.168.0.1','Mozilla/5.0 (Macintosh; Intel Mac OS X 10_16_0) AppleWebKit/537.36 (KHTML, like Gecko) Chrome/85.0.4183.121 Safari/537.36','c7e50632-3efc-4cff-99fd-2a39dee275b2','2020-10-05 18:24:48','2020-10-05 18:24:48'),(64,'Customer PT. INTERNET MADJU ABAD MILENDO - NP Berhasil Disimpan','http://fibertekno.iteos.tech/apps/customers/store','POST','192.168.0.1','Mozilla/5.0 (Macintosh; Intel Mac OS X 10_16_0) AppleWebKit/537.36 (KHTML, like Gecko) Chrome/85.0.4183.121 Safari/537.36','c7e50632-3efc-4cff-99fd-2a39dee275b2','2020-10-05 18:27:08','2020-10-05 18:27:08'),(65,'Customer PT FIBER MEDIA INDONESIA - NP Berhasil Diubah','http://fibertekno.iteos.tech/apps/customers/update/153339d2-bf88-4b93-99c1-73d6afdda230','POST','192.168.0.1','Mozilla/5.0 (Macintosh; Intel Mac OS X 10_16_0) AppleWebKit/537.36 (KHTML, like Gecko) Chrome/85.0.4183.121 Safari/537.36','c7e50632-3efc-4cff-99fd-2a39dee275b2','2020-10-05 18:27:34','2020-10-05 18:27:34'),(66,'Customer JOSEPH - NP Berhasil Diubah','http://fibertekno.iteos.tech/apps/customers/update/2d563a3d-b66a-41c9-95e9-62b8f93876c3','POST','192.168.0.1','Mozilla/5.0 (Macintosh; Intel Mac OS X 10_16_0) AppleWebKit/537.36 (KHTML, like Gecko) Chrome/85.0.4183.121 Safari/537.36','c7e50632-3efc-4cff-99fd-2a39dee275b2','2020-10-05 18:30:55','2020-10-05 18:30:55'),(67,'Pembelian PO/FTI/0003/IMP/CHN/001/X/2020 Selesai Diproses','http://fibertekno.iteos.tech/apps/purchase/orders/close/8308927c-6407-49c4-a7a2-06e41b30a0cc','POST','192.168.0.1','Mozilla/5.0 (Macintosh; Intel Mac OS X 10_16_0) AppleWebKit/537.36 (KHTML, like Gecko) Chrome/85.0.4183.121 Safari/537.36','c7e50632-3efc-4cff-99fd-2a39dee275b2','2020-10-05 18:39:38','2020-10-05 18:39:38'),(68,'Pembelian PO/FTI/0004/YOI/X/2020 Selesai Diproses','http://fibertekno.iteos.tech/apps/purchase/orders/close/f1a78c95-9bde-4685-95d0-1cbd4489ae9d','POST','192.168.0.1','Mozilla/5.0 (Macintosh; Intel Mac OS X 10_16_0) AppleWebKit/537.36 (KHTML, like Gecko) Chrome/85.0.4183.121 Safari/537.36','c7e50632-3efc-4cff-99fd-2a39dee275b2','2020-10-05 18:39:45','2020-10-05 18:39:45'),(69,'Stok AC 1/2PK Berhasil Disesuaikan','http://fibertekno.iteos.tech/apps/inventory/adjustment/store/1','POST','192.168.0.1','Mozilla/5.0 (Macintosh; Intel Mac OS X 10_16_0) AppleWebKit/537.36 (KHTML, like Gecko) Chrome/85.0.4183.121 Safari/537.36','c7e50632-3efc-4cff-99fd-2a39dee275b2','2020-10-05 18:54:47','2020-10-05 18:54:47'),(70,'Stok AC 1PK Berhasil Disesuaikan','http://fibertekno.iteos.tech/apps/inventory/adjustment/store/2','POST','192.168.0.1','Mozilla/5.0 (Macintosh; Intel Mac OS X 10_16_0) AppleWebKit/537.36 (KHTML, like Gecko) Chrome/85.0.4183.121 Safari/537.36','c7e50632-3efc-4cff-99fd-2a39dee275b2','2020-10-05 18:58:41','2020-10-05 18:58:41'),(71,'Produk Kabel KU 24/24 SCPT MERK YOFC berhasil disimpan','http://fibertekno.iteos.tech/apps/products/store','POST','192.168.0.1','Mozilla/5.0 (Macintosh; Intel Mac OS X 10_16_0) AppleWebKit/537.36 (KHTML, like Gecko) Chrome/85.0.4183.121 Safari/537.36','c7e50632-3efc-4cff-99fd-2a39dee275b2','2020-10-05 19:01:12','2020-10-05 19:01:12'),(72,'Produk Kabel KU 24C G652D Konvesional berhasil disimpan','http://fibertekno.iteos.tech/apps/products/store','POST','192.168.0.1','Mozilla/5.0 (Macintosh; Intel Mac OS X 10_16_0) AppleWebKit/537.36 (KHTML, like Gecko) Chrome/85.0.4183.121 Safari/537.36','c7e50632-3efc-4cff-99fd-2a39dee275b2','2020-10-05 19:06:29','2020-10-05 19:06:29'),(73,'Customer CV. TRIDAYA UTAMA - NP Berhasil Disimpan','http://fibertekno.iteos.tech/apps/customers/store','POST','192.168.0.1','Mozilla/5.0 (Macintosh; Intel Mac OS X 10_16_0) AppleWebKit/537.36 (KHTML, like Gecko) Chrome/85.0.4183.121 Safari/537.36','c7e50632-3efc-4cff-99fd-2a39dee275b2','2020-10-05 19:10:50','2020-10-05 19:10:50'),(74,'Customer HERI - CIBUBUR - NP Berhasil Diubah','http://fibertekno.iteos.tech/apps/customers/update/30de5d04-9539-41fa-8d45-6fca5116f3b7','POST','192.168.0.1','Mozilla/5.0 (Macintosh; Intel Mac OS X 10_16_0) AppleWebKit/537.36 (KHTML, like Gecko) Chrome/85.0.4183.121 Safari/537.36','c7e50632-3efc-4cff-99fd-2a39dee275b2','2020-10-05 19:11:26','2020-10-05 19:11:26'),(75,'Hak Akses Admin Sales-Invoice berhasil disimpan','http://fibertekno.iteos.tech/apps/users/roles/store','POST','192.168.0.1','Mozilla/5.0 (Macintosh; Intel Mac OS X 11_0_0) AppleWebKit/537.36 (KHTML, like Gecko) Chrome/86.0.4240.75 Safari/537.36','c7e50632-3efc-4cff-99fd-2a39dee275b2','2020-10-10 14:51:53','2020-10-10 14:51:53'),(76,'Hak Akses Admin Sales-Invoice berhasil diubah','http://fibertekno.iteos.tech/apps/users/roles/update/12','POST','192.168.0.1','Mozilla/5.0 (Macintosh; Intel Mac OS X 11_0_0) AppleWebKit/537.36 (KHTML, like Gecko) Chrome/86.0.4240.75 Safari/537.36','c7e50632-3efc-4cff-99fd-2a39dee275b2','2020-10-10 14:59:57','2020-10-10 14:59:57'),(77,'Hak Akses Admin Sales-Invoice berhasil diubah','http://fibertekno.iteos.tech/apps/users/roles/update/12','POST','192.168.0.1','Mozilla/5.0 (Macintosh; Intel Mac OS X 11_0_0) AppleWebKit/537.36 (KHTML, like Gecko) Chrome/86.0.4240.75 Safari/537.36','c7e50632-3efc-4cff-99fd-2a39dee275b2','2020-10-10 15:00:43','2020-10-10 15:00:43'),(78,'User adminsales2 Berhasil diubah','http://fibertekno.iteos.tech/apps/users/update/f68f2a18-623f-4c1a-bfde-7f029c603a17','POST','192.168.0.1','Mozilla/5.0 (Macintosh; Intel Mac OS X 11_0_0) AppleWebKit/537.36 (KHTML, like Gecko) Chrome/86.0.4240.75 Safari/537.36','c7e50632-3efc-4cff-99fd-2a39dee275b2','2020-10-10 15:02:22','2020-10-10 15:02:22'),(79,'Customer DEDI - NP Berhasil Disimpan','http://fibertekno.iteos.tech/apps/customers/store','POST','192.168.0.1','Mozilla/5.0 (Macintosh; Intel Mac OS X 11_0_0) AppleWebKit/537.36 (KHTML, like Gecko) Chrome/86.0.4240.75 Safari/537.36','f68f2a18-623f-4c1a-bfde-7f029c603a17','2020-10-10 16:13:29','2020-10-10 16:13:29'),(80,'Produk ODP 18 berhasil disimpan','http://fibertekno.iteos.tech/apps/products/store','POST','192.168.0.1','Mozilla/5.0 (Macintosh; Intel Mac OS X 11_0_0) AppleWebKit/537.36 (KHTML, like Gecko) Chrome/86.0.4240.75 Safari/537.36','f68f2a18-623f-4c1a-bfde-7f029c603a17','2020-10-10 16:17:45','2020-10-10 16:17:45'),(81,'Sales Order SO/FTI/0002/DEDIBOGOR/X/2020 Berhasil Disubmit','http://fibertekno.iteos.tech/apps/sales/orders/store','POST','192.168.0.1','Mozilla/5.0 (Macintosh; Intel Mac OS X 11_0_0) AppleWebKit/537.36 (KHTML, like Gecko) Chrome/86.0.4240.75 Safari/537.36','f68f2a18-623f-4c1a-bfde-7f029c603a17','2020-10-10 16:19:55','2020-10-10 16:19:55'),(82,'Sales Order SO/FTI/0002/DEDIBOGOR/X/2020 Berhasil Diubah Dengan Catatan  ','http://fibertekno.iteos.tech/apps/sales/orders/update/2fe804d2-c5da-4747-82cd-4acb3d17de14','POST','192.168.0.1','Mozilla/5.0 (Macintosh; Intel Mac OS X 11_0_0) AppleWebKit/537.36 (KHTML, like Gecko) Chrome/86.0.4240.75 Safari/537.36','f68f2a18-623f-4c1a-bfde-7f029c603a17','2020-10-10 16:22:11','2020-10-10 16:22:11'),(83,'Sales Order SO/FTI/0002/DEDIBOGOR/X/2020 Berhasil Diproses','http://fibertekno.iteos.tech/apps/sales/orders/approve/2fe804d2-c5da-4747-82cd-4acb3d17de14','POST','192.168.0.1','Mozilla/5.0 (Macintosh; Intel Mac OS X 11_0_0) AppleWebKit/537.36 (KHTML, like Gecko) Chrome/86.0.4240.75 Safari/537.36','f68f2a18-623f-4c1a-bfde-7f029c603a17','2020-10-10 16:22:55','2020-10-10 16:22:55'),(84,'Stok ODP 18 Berhasil Disesuaikan','http://fibertekno.iteos.tech/apps/inventory/adjustment/store/820','POST','192.168.0.1','Mozilla/5.0 (Macintosh; Intel Mac OS X 11_0_0) AppleWebKit/537.36 (KHTML, like Gecko) Chrome/86.0.4240.75 Safari/537.36','c7e50632-3efc-4cff-99fd-2a39dee275b2','2020-10-10 16:27:29','2020-10-10 16:27:29'),(85,'Delivery Order DO/0001/FTI/X/2020 Sedang Diproses','http://fibertekno.iteos.tech/apps/inventories/delivery-order/store','POST','192.168.0.1','Mozilla/5.0 (Macintosh; Intel Mac OS X 11_0_0) AppleWebKit/537.36 (KHTML, like Gecko) Chrome/86.0.4240.75 Safari/537.36','c7e50632-3efc-4cff-99fd-2a39dee275b2','2020-10-10 16:28:27','2020-10-10 16:28:27'),(86,'Invoice  Berhasil Dibuat','http://fibertekno.iteos.tech/apps/finance/invoices/store','POST','192.168.0.1','Mozilla/5.0 (Macintosh; Intel Mac OS X 11_0_0) AppleWebKit/537.36 (KHTML, like Gecko) Chrome/86.0.4240.75 Safari/537.36','f68f2a18-623f-4c1a-bfde-7f029c603a17','2020-10-10 16:32:41','2020-10-10 16:32:41'),(87,'Invoice  Berhasil Dibayar','http://fibertekno.iteos.tech/apps/finance/invoices/payment-receive/5','POST','192.168.0.1','Mozilla/5.0 (Macintosh; Intel Mac OS X 11_0_0) AppleWebKit/537.36 (KHTML, like Gecko) Chrome/86.0.4240.75 Safari/537.36','f68f2a18-623f-4c1a-bfde-7f029c603a17','2020-10-10 16:36:04','2020-10-10 16:36:04'),(88,'Delivery Order SO/FTI/0002/DEDIBOGOR/X/2020 Berhasil Dikirimkan','http://fibertekno.iteos.tech/apps/inventories/delivery-order/delivered/3ac53c48-d031-4857-8c40-a497bb5aef80','POST','192.168.0.1','Mozilla/5.0 (Macintosh; Intel Mac OS X 11_0_0) AppleWebKit/537.36 (KHTML, like Gecko) Chrome/86.0.4240.75 Safari/537.36','c7e50632-3efc-4cff-99fd-2a39dee275b2','2020-10-10 16:37:53','2020-10-10 16:37:53'),(89,'Sales Order SO/FTI/0002/DEDIBOGOR/X/2020 Berhasil Ditutup','http://fibertekno.iteos.tech/apps/sales/orders/close/2fe804d2-c5da-4747-82cd-4acb3d17de14','POST','192.168.0.1','Mozilla/5.0 (Macintosh; Intel Mac OS X 11_0_0) AppleWebKit/537.36 (KHTML, like Gecko) Chrome/86.0.4240.75 Safari/537.36','c7e50632-3efc-4cff-99fd-2a39dee275b2','2020-10-10 16:38:30','2020-10-10 16:38:30'),(90,'User Nining S. (Sales Adm) Berhasil diubah','http://fibertekno.iteos.tech/apps/users/update/74718047-dc5d-4f47-87fc-8db9e4fdb527','POST','192.168.0.1','Mozilla/5.0 (Macintosh; Intel Mac OS X 11_0_0) AppleWebKit/537.36 (KHTML, like Gecko) Chrome/86.0.4240.75 Safari/537.36','c7e50632-3efc-4cff-99fd-2a39dee275b2','2020-10-10 16:45:04','2020-10-10 16:45:04'),(91,'Sales Order SO/FTI/0003/HERICBR/X/2020 Berhasil Disubmit','http://fibertekno.iteos.tech/apps/sales/orders/store','POST','192.168.0.1','Mozilla/5.0 (Windows NT 6.1; Win64; x64) AppleWebKit/537.36 (KHTML, like Gecko) Chrome/86.0.4240.75 Safari/537.36','f68f2a18-623f-4c1a-bfde-7f029c603a17','2020-10-10 16:46:45','2020-10-10 16:46:45'),(92,'Sales Order SO/FTI/0006/FTI-C-0000024/X/2020 Berhasil Disubmit','http://fibertekno.iteos.tech/apps/sales/orders/store','POST','192.168.0.1','Mozilla/5.0 (Windows NT 6.1; Win64; x64) AppleWebKit/537.36 (KHTML, like Gecko) Chrome/86.0.4240.75 Safari/537.36','f68f2a18-623f-4c1a-bfde-7f029c603a17','2020-10-10 16:50:55','2020-10-10 16:50:55'),(93,'Sales Order SO/FTI/0006/FTI-C-0000024/X/2020 Berhasil Diproses','http://fibertekno.iteos.tech/apps/sales/orders/approve/c0fd8099-68b8-4fe6-a443-40bae4479ecb','POST','192.168.0.1','Mozilla/5.0 (Windows NT 6.1; Win64; x64) AppleWebKit/537.36 (KHTML, like Gecko) Chrome/86.0.4240.75 Safari/537.36','f68f2a18-623f-4c1a-bfde-7f029c603a17','2020-10-10 16:51:19','2020-10-10 16:51:19'),(94,'Sales Order SO/FTI/0003/HERICBR/X/2020 Berhasil Diproses','http://fibertekno.iteos.tech/apps/sales/orders/approve/99764d58-6d42-4503-b897-2f19f7a23281','POST','192.168.0.1','Mozilla/5.0 (Windows NT 6.1; Win64; x64) AppleWebKit/537.36 (KHTML, like Gecko) Chrome/86.0.4240.75 Safari/537.36','f68f2a18-623f-4c1a-bfde-7f029c603a17','2020-10-10 16:51:27','2020-10-10 16:51:27'),(95,'Stok Precon 1 Core SC/APC-SC/APC 100M Berhasil Disesuaikan','http://fibertekno.iteos.tech/apps/inventory/adjustment/store/662','POST','192.168.0.1','Mozilla/5.0 (Macintosh; Intel Mac OS X 11_0_0) AppleWebKit/537.36 (KHTML, like Gecko) Chrome/86.0.4240.75 Safari/537.36','c7e50632-3efc-4cff-99fd-2a39dee275b2','2020-10-10 17:11:24','2020-10-10 17:11:24'),(96,'Sales Order SO/FTI/0007/DEDIBOGOR/X/2020 Berhasil Disubmit','http://fibertekno.iteos.tech/apps/sales/orders/store','POST','192.168.0.1','Mozilla/5.0 (Windows NT 6.1; Win64; x64) AppleWebKit/537.36 (KHTML, like Gecko) Chrome/86.0.4240.75 Safari/537.36','f68f2a18-623f-4c1a-bfde-7f029c603a17','2020-10-10 18:06:42','2020-10-10 18:06:42'),(97,'Sales Order SO/FTI/0007/DEDIBOGOR/X/2020 Berhasil Diproses','http://fibertekno.iteos.tech/apps/sales/orders/approve/dd8ac921-0048-40b3-94ac-5984366bab80','POST','192.168.0.1','Mozilla/5.0 (Windows NT 6.1; Win64; x64) AppleWebKit/537.36 (KHTML, like Gecko) Chrome/86.0.4240.75 Safari/537.36','f68f2a18-623f-4c1a-bfde-7f029c603a17','2020-10-10 18:06:55','2020-10-10 18:06:55'),(98,'User Admin Gudang (Katerine) Berhasil diubah','http://fibertekno.iteos.tech/apps/users/update/071ea324-a8d2-4f79-8f8a-23c90bc191ff','POST','192.168.0.1','Mozilla/5.0 (Macintosh; Intel Mac OS X 11_0_0) AppleWebKit/537.36 (KHTML, like Gecko) Chrome/86.0.4240.75 Safari/537.36','c7e50632-3efc-4cff-99fd-2a39dee275b2','2020-10-13 15:58:15','2020-10-13 15:58:15'),(99,'User Admin Gudang (Katerine) Berhasil diubah','http://fibertekno.iteos.tech/apps/users/update/071ea324-a8d2-4f79-8f8a-23c90bc191ff','POST','192.168.0.1','Mozilla/5.0 (Macintosh; Intel Mac OS X 11_0_0) AppleWebKit/537.36 (KHTML, like Gecko) Chrome/86.0.4240.75 Safari/537.36','c7e50632-3efc-4cff-99fd-2a39dee275b2','2020-10-13 15:58:36','2020-10-13 15:58:36'),(100,'Delivery Order DO/0002/FTI/X/2020 Sedang Diproses','http://fibertekno.iteos.tech/apps/inventories/delivery-order/store','POST','192.168.0.1','Mozilla/5.0 (Macintosh; Intel Mac OS X 11_0_0) AppleWebKit/537.36 (KHTML, like Gecko) Chrome/86.0.4240.75 Safari/537.36','071ea324-a8d2-4f79-8f8a-23c90bc191ff','2020-10-13 16:41:58','2020-10-13 16:41:58'),(101,'Delivery Order SO/FTI/0003/HERICBR/X/2020 Berhasil Dikirimkan','http://fibertekno.iteos.tech/apps/inventories/delivery-order/delivered/2a04102a-dc67-4d9e-94a9-063d7dd82ca4','POST','192.168.0.1','Mozilla/5.0 (Macintosh; Intel Mac OS X 11_0_0) AppleWebKit/537.36 (KHTML, like Gecko) Chrome/86.0.4240.75 Safari/537.36','071ea324-a8d2-4f79-8f8a-23c90bc191ff','2020-10-13 16:43:26','2020-10-13 16:43:26'),(102,'Stok Precon 1 Core SC/APC-SC/APC 120M Berhasil Disesuaikan','http://fibertekno.iteos.tech/apps/inventory/adjustment/store/663','POST','192.168.0.1','Mozilla/5.0 (Macintosh; Intel Mac OS X 11_0) AppleWebKit/605.1.15 (KHTML, like Gecko) Version/14.0.1 Safari/605.1.15','c7e50632-3efc-4cff-99fd-2a39dee275b2','2020-10-13 17:04:48','2020-10-13 17:04:48'),(103,'Stok Precon 1 Core SC/APC-SC/APC 200M Berhasil Disesuaikan','http://fibertekno.iteos.tech/apps/inventory/adjustment/store/664','POST','192.168.0.1','Mozilla/5.0 (Macintosh; Intel Mac OS X 11_0) AppleWebKit/605.1.15 (KHTML, like Gecko) Version/14.0.1 Safari/605.1.15','c7e50632-3efc-4cff-99fd-2a39dee275b2','2020-10-13 17:05:42','2020-10-13 17:05:42'),(104,'Stok Patchcord MM DX Out Door LC/UPC-LC/UPC 10m Heat Shrink Kuning Berhasil Disesuaikan','http://fibertekno.iteos.tech/apps/inventory/adjustment/store/363','POST','192.168.0.1','Mozilla/5.0 (Macintosh; Intel Mac OS X 11_0) AppleWebKit/605.1.15 (KHTML, like Gecko) Version/14.0.1 Safari/605.1.15','c7e50632-3efc-4cff-99fd-2a39dee275b2','2020-10-13 17:08:02','2020-10-13 17:08:02'),(105,'Stok Patchcord MM OM1 DX (3,0mm) SC/UPC-ST/UPC 3m Berhasil Disesuaikan','http://fibertekno.iteos.tech/apps/inventory/adjustment/store/369','POST','192.168.0.1','Mozilla/5.0 (Macintosh; Intel Mac OS X 11_0) AppleWebKit/605.1.15 (KHTML, like Gecko) Version/14.0.1 Safari/605.1.15','c7e50632-3efc-4cff-99fd-2a39dee275b2','2020-10-13 17:13:12','2020-10-13 17:13:12'),(106,'Stok Patchcord MM OM1 DX (2,0mm) LC/PC-LC/PC 3m Berhasil Disesuaikan','http://fibertekno.iteos.tech/apps/inventory/adjustment/store/368','POST','192.168.0.1','Mozilla/5.0 (Macintosh; Intel Mac OS X 11_0) AppleWebKit/605.1.15 (KHTML, like Gecko) Version/14.0.1 Safari/605.1.15','c7e50632-3efc-4cff-99fd-2a39dee275b2','2020-10-13 17:45:47','2020-10-13 17:45:47'),(107,'Stok Patchcord MM DX Out Door SC/UPC-LC/UPC 10m Heat Shrink Kuning Berhasil Disesuaikan','http://fibertekno.iteos.tech/apps/inventory/adjustment/store/364','POST','192.168.0.1','Mozilla/5.0 (Macintosh; Intel Mac OS X 11_0) AppleWebKit/605.1.15 (KHTML, like Gecko) Version/14.0.1 Safari/605.1.15','c7e50632-3efc-4cff-99fd-2a39dee275b2','2020-10-14 11:50:03','2020-10-14 11:50:03'),(108,'Stok Patchcord MM OM1 SX (2,0mm) FC/UPC-LC/UPC 10m Berhasil Disesuaikan','http://fibertekno.iteos.tech/apps/inventory/adjustment/store/370','POST','192.168.0.1','Mozilla/5.0 (Macintosh; Intel Mac OS X 11_0) AppleWebKit/605.1.15 (KHTML, like Gecko) Version/14.0.1 Safari/605.1.15','c7e50632-3efc-4cff-99fd-2a39dee275b2','2020-10-14 11:50:31','2020-10-14 11:50:31'),(109,'Stok Patchcord MM OM1 SX (2,0mm) FC/UPC-LC/UPC 15m Berhasil Disesuaikan','http://fibertekno.iteos.tech/apps/inventory/adjustment/store/371','POST','192.168.0.1','Mozilla/5.0 (Macintosh; Intel Mac OS X 11_0) AppleWebKit/605.1.15 (KHTML, like Gecko) Version/14.0.1 Safari/605.1.15','c7e50632-3efc-4cff-99fd-2a39dee275b2','2020-10-14 11:50:59','2020-10-14 11:50:59'),(110,'Stok Patchcord MM OM1 SX (2,0mm) FC/UPC-LC/UPC 20m Berhasil Disesuaikan','http://fibertekno.iteos.tech/apps/inventory/adjustment/store/372','POST','192.168.0.1','Mozilla/5.0 (Macintosh; Intel Mac OS X 11_0) AppleWebKit/605.1.15 (KHTML, like Gecko) Version/14.0.1 Safari/605.1.15','c7e50632-3efc-4cff-99fd-2a39dee275b2','2020-10-14 12:01:52','2020-10-14 12:01:52'),(111,'Stok Patchcord MM OM1 SX (2,0mm) FC/UPC-LC/UPC 30m Berhasil Disesuaikan','http://fibertekno.iteos.tech/apps/inventory/adjustment/store/373','POST','192.168.0.1','Mozilla/5.0 (Macintosh; Intel Mac OS X 11_0) AppleWebKit/605.1.15 (KHTML, like Gecko) Version/14.0.1 Safari/605.1.15','c7e50632-3efc-4cff-99fd-2a39dee275b2','2020-10-14 12:05:56','2020-10-14 12:05:56'),(112,'Stok ODP 12 Core YOFC Tanpa Pigtail SC/APC Berhasil Disesuaikan','http://fibertekno.iteos.tech/apps/inventory/adjustment/store/331','POST','192.168.0.1','Mozilla/5.0 (Macintosh; Intel Mac OS X 11_0) AppleWebKit/605.1.15 (KHTML, like Gecko) Version/14.0.1 Safari/605.1.15','c7e50632-3efc-4cff-99fd-2a39dee275b2','2020-10-14 12:07:23','2020-10-14 12:07:23'),(113,'Stok Adapter MM DX LC/PC Berhasil Disesuaikan','http://fibertekno.iteos.tech/apps/inventory/adjustment/store/7','POST','192.168.0.1','Mozilla/5.0 (Macintosh; Intel Mac OS X 11_0) AppleWebKit/605.1.15 (KHTML, like Gecko) Version/14.0.1 Safari/605.1.15','c7e50632-3efc-4cff-99fd-2a39dee275b2','2020-10-14 12:24:13','2020-10-14 12:24:13'),(114,'User Mirza Rizaldy Berhasil diubah','http://fibertekno.iteos.tech/apps/users/update/c7e50632-3efc-4cff-99fd-2a39dee275b2','POST','192.168.0.1','Mozilla/5.0 (Windows NT 10.0; Win64; x64) AppleWebKit/537.36 (KHTML, like Gecko) Chrome/86.0.4240.75 Safari/537.36 Edg/86.0.622.38','bb536994-ada3-4caa-b97b-e412dc2cc882','2020-10-15 14:26:10','2020-10-15 14:26:10'),(115,'User Irena (Production Adm) Berhasil diubah','http://fibertekno.iteos.tech/apps/users/update/a7acf627-9108-44c0-a028-2d9bf7829108','POST','192.168.0.1','Mozilla/5.0 (Windows NT 10.0; Win64; x64) AppleWebKit/537.36 (KHTML, like Gecko) Chrome/86.0.4240.75 Safari/537.36','c7e50632-3efc-4cff-99fd-2a39dee275b2','2020-10-18 10:37:45','2020-10-18 10:37:45'),(116,'User Dina Berhasil diubah','http://fibertekno.iteos.tech/apps/users/update/cb512697-44d9-4683-9bae-0a8e28a3252b','POST','192.168.0.1','Mozilla/5.0 (Windows NT 10.0; Win64; x64) AppleWebKit/537.36 (KHTML, like Gecko) Chrome/86.0.4240.75 Safari/537.36','c7e50632-3efc-4cff-99fd-2a39dee275b2','2020-10-18 10:41:11','2020-10-18 10:41:11'),(117,'Bill of Material Berhasil Dihapus','http://fibertekno.iteos.tech/apps/products/bom/delete/1','POST','192.168.0.1','Mozilla/5.0 (Windows NT 10.0; Win64; x64) AppleWebKit/537.36 (KHTML, like Gecko) Chrome/86.0.4240.75 Safari/537.36','c7e50632-3efc-4cff-99fd-2a39dee275b2','2020-10-18 10:41:42','2020-10-18 10:41:42'),(118,'Bill of Material Berhasil Disimpan','http://fibertekno.iteos.tech/apps/products/bom/store','POST','192.168.0.1','Mozilla/5.0 (Windows NT 10.0; Win64; x64) AppleWebKit/537.36 (KHTML, like Gecko) Chrome/86.0.4240.75 Safari/537.36','c7e50632-3efc-4cff-99fd-2a39dee275b2','2020-10-18 10:44:40','2020-10-18 10:44:40'),(119,'Bill of Material Berhasil Diubah','http://fibertekno.iteos.tech/apps/products/bom/update/15','POST','192.168.0.1','Mozilla/5.0 (Windows NT 10.0; Win64; x64) AppleWebKit/537.36 (KHTML, like Gecko) Chrome/86.0.4240.75 Safari/537.36','c7e50632-3efc-4cff-99fd-2a39dee275b2','2020-10-18 10:44:55','2020-10-18 10:44:55'),(120,'Bill of Material Berhasil Disimpan','http://fibertekno.iteos.tech/apps/products/bom/store','POST','192.168.0.1','Mozilla/5.0 (Windows NT 10.0; Win64; x64) AppleWebKit/537.36 (KHTML, like Gecko) Chrome/86.0.4240.75 Safari/537.36','c7e50632-3efc-4cff-99fd-2a39dee275b2','2020-10-18 10:45:32','2020-10-18 10:45:32'),(121,'Bill of Material Berhasil Disimpan','http://fibertekno.iteos.tech/apps/products/bom/store','POST','192.168.0.1','Mozilla/5.0 (Windows NT 10.0; Win64; x64) AppleWebKit/537.36 (KHTML, like Gecko) Chrome/86.0.4240.75 Safari/537.36','c7e50632-3efc-4cff-99fd-2a39dee275b2','2020-10-18 10:46:35','2020-10-18 10:46:35'),(122,'Bill of Material Berhasil Disimpan','http://fibertekno.iteos.tech/apps/products/bom/store','POST','192.168.0.1','Mozilla/5.0 (Windows NT 10.0; Win64; x64) AppleWebKit/537.36 (KHTML, like Gecko) Chrome/86.0.4240.75 Safari/537.36','c7e50632-3efc-4cff-99fd-2a39dee275b2','2020-10-18 10:48:05','2020-10-18 10:48:05'),(123,'Supplier PT. KARYA FABEAL SUKSES Berhasil Disimpan','http://fibertekno.iteos.tech/apps/suppliers/store','POST','192.168.0.1','Mozilla/5.0 (Windows NT 10.0; Win64; x64) AppleWebKit/537.36 (KHTML, like Gecko) Chrome/86.0.4240.75 Safari/537.36','cb512697-44d9-4683-9bae-0a8e28a3252b','2020-10-18 10:52:11','2020-10-18 10:52:11'),(124,'Customer PT JEMBATAN CITRA NUSANTARA - P Berhasil Disimpan','http://fibertekno.iteos.tech/apps/customers/store','POST','192.168.0.1','Mozilla/5.0 (Windows NT 6.1; Win64; x64) AppleWebKit/537.36 (KHTML, like Gecko) Chrome/86.0.4240.75 Safari/537.36','f68f2a18-623f-4c1a-bfde-7f029c603a17','2020-10-18 10:52:57','2020-10-18 10:52:57'),(125,'Supplier PT. TUNAS MITRA MAKMUR Berhasil Disimpan','http://fibertekno.iteos.tech/apps/suppliers/store','POST','192.168.0.1','Mozilla/5.0 (Windows NT 10.0; Win64; x64) AppleWebKit/537.36 (KHTML, like Gecko) Chrome/86.0.4240.75 Safari/537.36','cb512697-44d9-4683-9bae-0a8e28a3252b','2020-10-18 10:55:45','2020-10-18 10:55:45'),(126,'Customer PT SINERGI LAYANAN INTEGRASI - P Berhasil Disimpan','http://fibertekno.iteos.tech/apps/customers/store','POST','192.168.0.1','Mozilla/5.0 (Windows NT 6.1; Win64; x64) AppleWebKit/537.36 (KHTML, like Gecko) Chrome/86.0.4240.75 Safari/537.36','f68f2a18-623f-4c1a-bfde-7f029c603a17','2020-10-18 11:00:11','2020-10-18 11:00:11'),(127,'Customer PT SINERGI LAYANAN INTEGRASI - P Berhasil Diubah','http://fibertekno.iteos.tech/apps/customers/update/95109b19-a6fb-4442-8b4c-4fb05606cdbd','POST','192.168.0.1','Mozilla/5.0 (Windows NT 6.1; Win64; x64) AppleWebKit/537.36 (KHTML, like Gecko) Chrome/86.0.4240.75 Safari/537.36','f68f2a18-623f-4c1a-bfde-7f029c603a17','2020-10-18 11:00:24','2020-10-18 11:00:24'),(128,'Customer PT INDOGUNA INTI PERSADA -P Berhasil Disimpan','http://fibertekno.iteos.tech/apps/customers/store','POST','192.168.0.1','Mozilla/5.0 (Windows NT 6.1; Win64; x64) AppleWebKit/537.36 (KHTML, like Gecko) Chrome/86.0.4240.75 Safari/537.36','f68f2a18-623f-4c1a-bfde-7f029c603a17','2020-10-18 11:05:42','2020-10-18 11:05:42'),(129,'Customer PT SINERGI LAYANAN INTEGRASI - P Berhasil Diubah','http://fibertekno.iteos.tech/apps/customers/update/95109b19-a6fb-4442-8b4c-4fb05606cdbd','POST','192.168.0.1','Mozilla/5.0 (Windows NT 6.1; Win64; x64) AppleWebKit/537.36 (KHTML, like Gecko) Chrome/86.0.4240.75 Safari/537.36','f68f2a18-623f-4c1a-bfde-7f029c603a17','2020-10-18 11:06:20','2020-10-18 11:06:20'),(130,'Customer PT VISI INDOTAMA PERKASA - P Berhasil Disimpan','http://fibertekno.iteos.tech/apps/customers/store','POST','192.168.0.1','Mozilla/5.0 (Windows NT 6.1; Win64; x64) AppleWebKit/537.36 (KHTML, like Gecko) Chrome/86.0.4240.75 Safari/537.36','f68f2a18-623f-4c1a-bfde-7f029c603a17','2020-10-18 11:14:39','2020-10-18 11:14:39'),(131,'Supplier Yangtze Optical Fibre and Cable Joint Stock Limited Company Berhasil Disimpan','http://fibertekno.iteos.tech/apps/suppliers/store','POST','192.168.0.1','Mozilla/5.0 (Windows NT 10.0; Win64; x64) AppleWebKit/537.36 (KHTML, like Gecko) Chrome/86.0.4240.75 Safari/537.36','cb512697-44d9-4683-9bae-0a8e28a3252b','2020-10-18 11:16:51','2020-10-18 11:16:51'),(132,'Supplier Endy Berhasil Disimpan','http://fibertekno.iteos.tech/apps/suppliers/store','POST','192.168.0.1','Mozilla/5.0 (Windows NT 10.0; Win64; x64) AppleWebKit/537.36 (KHTML, like Gecko) Chrome/86.0.4240.75 Safari/537.36','cb512697-44d9-4683-9bae-0a8e28a3252b','2020-10-18 11:20:01','2020-10-18 11:20:01'),(133,'Customer PT BENTALA SELARAS GLOBALINDO - P Berhasil Disimpan','http://fibertekno.iteos.tech/apps/customers/store','POST','192.168.0.1','Mozilla/5.0 (Windows NT 6.1; Win64; x64) AppleWebKit/537.36 (KHTML, like Gecko) Chrome/86.0.4240.75 Safari/537.36','f68f2a18-623f-4c1a-bfde-7f029c603a17','2020-10-18 11:21:19','2020-10-18 11:21:19'),(134,'Supplier Green Telecom Communication Co. Ltd Berhasil Disimpan','http://fibertekno.iteos.tech/apps/suppliers/store','POST','192.168.0.1','Mozilla/5.0 (Windows NT 10.0; Win64; x64) AppleWebKit/537.36 (KHTML, like Gecko) Chrome/86.0.4240.75 Safari/537.36','cb512697-44d9-4683-9bae-0a8e28a3252b','2020-10-18 11:23:49','2020-10-18 11:23:49'),(135,'Customer PT PRIMA MITRATAMA SEJATI - P Berhasil Disimpan','http://fibertekno.iteos.tech/apps/customers/store','POST','192.168.0.1','Mozilla/5.0 (Windows NT 6.1; Win64; x64) AppleWebKit/537.36 (KHTML, like Gecko) Chrome/86.0.4240.75 Safari/537.36','f68f2a18-623f-4c1a-bfde-7f029c603a17','2020-10-18 11:25:01','2020-10-18 11:25:01'),(136,'Customer MFAIZ - NP Berhasil Disimpan','http://fibertekno.iteos.tech/apps/customers/store','POST','192.168.0.1','Mozilla/5.0 (Windows NT 6.1; Win64; x64) AppleWebKit/537.36 (KHTML, like Gecko) Chrome/86.0.4240.75 Safari/537.36','f68f2a18-623f-4c1a-bfde-7f029c603a17','2020-10-18 11:29:36','2020-10-18 11:29:36'),(137,'Supplier CV. MITRA SELARAS Berhasil Disimpan','http://fibertekno.iteos.tech/apps/suppliers/store','POST','192.168.0.1','Mozilla/5.0 (Windows NT 10.0; Win64; x64) AppleWebKit/537.36 (KHTML, like Gecko) Chrome/86.0.4240.75 Safari/537.36','cb512697-44d9-4683-9bae-0a8e28a3252b','2020-10-18 11:31:57','2020-10-18 11:31:57'),(138,'Customer ENGKI RAHMAT - NP Berhasil Disimpan','http://fibertekno.iteos.tech/apps/customers/store','POST','192.168.0.1','Mozilla/5.0 (Windows NT 6.1; Win64; x64) AppleWebKit/537.36 (KHTML, like Gecko) Chrome/86.0.4240.75 Safari/537.36','f68f2a18-623f-4c1a-bfde-7f029c603a17','2020-10-18 11:32:23','2020-10-18 11:32:23'),(139,'Supplier Jason Berhasil Disimpan','http://fibertekno.iteos.tech/apps/suppliers/store','POST','192.168.0.1','Mozilla/5.0 (Windows NT 10.0; Win64; x64) AppleWebKit/537.36 (KHTML, like Gecko) Chrome/86.0.4240.75 Safari/537.36','cb512697-44d9-4683-9bae-0a8e28a3252b','2020-10-18 11:34:05','2020-10-18 11:34:05'),(140,'Customer FATYA - NP Berhasil Disimpan','http://fibertekno.iteos.tech/apps/customers/store','POST','192.168.0.1','Mozilla/5.0 (Windows NT 6.1; Win64; x64) AppleWebKit/537.36 (KHTML, like Gecko) Chrome/86.0.4240.75 Safari/537.36','f68f2a18-623f-4c1a-bfde-7f029c603a17','2020-10-18 11:34:14','2020-10-18 11:34:14'),(141,'Hak Akses Gudang berhasil diubah','http://fibertekno.iteos.tech/apps/users/roles/update/8','POST','192.168.0.1','Mozilla/5.0 (Windows NT 10.0; Win64; x64) AppleWebKit/537.36 (KHTML, like Gecko) Chrome/86.0.4240.75 Safari/537.36','c7e50632-3efc-4cff-99fd-2a39dee275b2','2020-10-18 11:35:25','2020-10-18 11:35:25'),(142,'Supplier Lambert Berhasil Disimpan','http://fibertekno.iteos.tech/apps/suppliers/store','POST','192.168.0.1','Mozilla/5.0 (Windows NT 10.0; Win64; x64) AppleWebKit/537.36 (KHTML, like Gecko) Chrome/86.0.4240.75 Safari/537.36','cb512697-44d9-4683-9bae-0a8e28a3252b','2020-10-18 11:36:39','2020-10-18 11:36:39'),(143,'Hak Akses Gudang berhasil diubah','http://fibertekno.iteos.tech/apps/users/roles/update/8','POST','192.168.0.1','Mozilla/5.0 (Windows NT 10.0; Win64; x64) AppleWebKit/537.36 (KHTML, like Gecko) Chrome/86.0.4240.75 Safari/537.36','c7e50632-3efc-4cff-99fd-2a39dee275b2','2020-10-18 11:36:47','2020-10-18 11:36:47'),(144,'Customer TRIO SUMBODO - NP Berhasil Disimpan','http://fibertekno.iteos.tech/apps/customers/store','POST','192.168.0.1','Mozilla/5.0 (Windows NT 6.1; Win64; x64) AppleWebKit/537.36 (KHTML, like Gecko) Chrome/86.0.4240.75 Safari/537.36','f68f2a18-623f-4c1a-bfde-7f029c603a17','2020-10-18 11:36:56','2020-10-18 11:36:56'),(145,'Stok Adapter SM SC/UPC ( BESI ) ( Dimika ) Tutup Biru Berhasil Disesuaikan','http://fibertekno.iteos.tech/apps/inventory/adjustment/store/16','POST','192.168.0.1','Mozilla/5.0 (Windows NT 6.1; Win64; x64) AppleWebKit/537.36 (KHTML, like Gecko) Chrome/86.0.4240.75 Safari/537.36','071ea324-a8d2-4f79-8f8a-23c90bc191ff','2020-10-18 11:38:53','2020-10-18 11:38:53'),(146,'Supplier Echo Berhasil Disimpan','http://fibertekno.iteos.tech/apps/suppliers/store','POST','192.168.0.1','Mozilla/5.0 (Windows NT 10.0; Win64; x64) AppleWebKit/537.36 (KHTML, like Gecko) Chrome/86.0.4240.75 Safari/537.36','cb512697-44d9-4683-9bae-0a8e28a3252b','2020-10-18 11:39:13','2020-10-18 11:39:13'),(147,'Customer MUAMMAR KHADAFY - NP Berhasil Disimpan','http://fibertekno.iteos.tech/apps/customers/store','POST','192.168.0.1','Mozilla/5.0 (Windows NT 6.1; Win64; x64) AppleWebKit/537.36 (KHTML, like Gecko) Chrome/86.0.4240.75 Safari/537.36','f68f2a18-623f-4c1a-bfde-7f029c603a17','2020-10-18 11:39:33','2020-10-18 11:39:33'),(148,'Produk Connector 2mm Semi Finished SC/UPC SM berhasil disimpan','http://fibertekno.iteos.tech/apps/products/store','POST','192.168.0.1','Mozilla/5.0 (Windows NT 6.1; Win64; x64) AppleWebKit/537.36 (KHTML, like Gecko) Chrome/86.0.4240.75 Safari/537.36','071ea324-a8d2-4f79-8f8a-23c90bc191ff','2020-10-18 11:43:22','2020-10-18 11:43:22'),(149,'Customer YUSUP - NP Berhasil Disimpan','http://fibertekno.iteos.tech/apps/customers/store','POST','192.168.0.1','Mozilla/5.0 (Windows NT 6.1; Win64; x64) AppleWebKit/537.36 (KHTML, like Gecko) Chrome/86.0.4240.75 Safari/537.36','f68f2a18-623f-4c1a-bfde-7f029c603a17','2020-10-18 11:43:45','2020-10-18 11:43:45'),(150,'Customer IBAN DARJATULLOH - NP Berhasil Disimpan','http://fibertekno.iteos.tech/apps/customers/store','POST','192.168.0.1','Mozilla/5.0 (Windows NT 6.1; Win64; x64) AppleWebKit/537.36 (KHTML, like Gecko) Chrome/86.0.4240.75 Safari/537.36','f68f2a18-623f-4c1a-bfde-7f029c603a17','2020-10-18 11:46:09','2020-10-18 11:46:09'),(151,'Customer AKHMAD LUTFI AZIZ - NP Berhasil Disimpan','http://fibertekno.iteos.tech/apps/customers/store','POST','192.168.0.1','Mozilla/5.0 (Windows NT 6.1; Win64; x64) AppleWebKit/537.36 (KHTML, like Gecko) Chrome/86.0.4240.75 Safari/537.36','f68f2a18-623f-4c1a-bfde-7f029c603a17','2020-10-18 11:49:42','2020-10-18 11:49:42'),(152,'Produk Connector kit FC/PC SM SX 2,mm berhasil disimpan','http://fibertekno.iteos.tech/apps/products/store','POST','192.168.0.1','Mozilla/5.0 (Windows NT 6.1; Win64; x64) AppleWebKit/537.36 (KHTML, like Gecko) Chrome/86.0.4240.75 Safari/537.36','071ea324-a8d2-4f79-8f8a-23c90bc191ff','2020-10-18 11:49:57','2020-10-18 11:49:57'),(153,'Stok Connector 2mm Semi Finished SC/UPC SM Berhasil Disesuaikan','http://fibertekno.iteos.tech/apps/inventory/adjustment/store/824','POST','192.168.0.1','Mozilla/5.0 (Windows NT 6.1; Win64; x64) AppleWebKit/537.36 (KHTML, like Gecko) Chrome/86.0.4240.75 Safari/537.36','071ea324-a8d2-4f79-8f8a-23c90bc191ff','2020-10-18 11:50:45','2020-10-18 11:50:45'),(154,'Stok Connector kit FC/PC SM SX 2,mm Berhasil Disesuaikan','http://fibertekno.iteos.tech/apps/inventory/adjustment/store/825','POST','192.168.0.1','Mozilla/5.0 (Windows NT 6.1; Win64; x64) AppleWebKit/537.36 (KHTML, like Gecko) Chrome/86.0.4240.75 Safari/537.36','071ea324-a8d2-4f79-8f8a-23c90bc191ff','2020-10-18 11:51:17','2020-10-18 11:51:17'),(155,'Customer YUDHI HERMAN - NP Berhasil Disimpan','http://fibertekno.iteos.tech/apps/customers/store','POST','192.168.0.1','Mozilla/5.0 (Windows NT 6.1; Win64; x64) AppleWebKit/537.36 (KHTML, like Gecko) Chrome/86.0.4240.75 Safari/537.36','f68f2a18-623f-4c1a-bfde-7f029c603a17','2020-10-18 11:51:43','2020-10-18 11:51:43'),(156,'Supplier Pak Iban Berhasil Dihapus','http://fibertekno.iteos.tech/apps/suppliers/delete/4e8b0f0e-e718-4150-a7fb-9dd619e413c1','POST','192.168.0.1','Mozilla/5.0 (Windows NT 10.0; Win64; x64) AppleWebKit/537.36 (KHTML, like Gecko) Chrome/86.0.4240.75 Safari/537.36','c7e50632-3efc-4cff-99fd-2a39dee275b2','2020-10-18 11:52:04','2020-10-18 11:52:04'),(157,'Supplier Pak Ibos Berhasil Dihapus','http://fibertekno.iteos.tech/apps/suppliers/delete/8894faf4-281a-4c22-b2c2-1aff6f67b346','POST','192.168.0.1','Mozilla/5.0 (Windows NT 10.0; Win64; x64) AppleWebKit/537.36 (KHTML, like Gecko) Chrome/86.0.4240.75 Safari/537.36','c7e50632-3efc-4cff-99fd-2a39dee275b2','2020-10-18 11:52:12','2020-10-18 11:52:12'),(158,'Produk Connector kit FC/UPC SM 3,mm berhasil disimpan','http://fibertekno.iteos.tech/apps/products/store','POST','192.168.0.1','Mozilla/5.0 (Windows NT 6.1; Win64; x64) AppleWebKit/537.36 (KHTML, like Gecko) Chrome/86.0.4240.75 Safari/537.36','071ea324-a8d2-4f79-8f8a-23c90bc191ff','2020-10-18 11:52:15','2020-10-18 11:52:15'),(159,'Stok Connector kit FC/UPC SM 3,mm Berhasil Disesuaikan','http://fibertekno.iteos.tech/apps/inventory/adjustment/store/826','POST','192.168.0.1','Mozilla/5.0 (Windows NT 6.1; Win64; x64) AppleWebKit/537.36 (KHTML, like Gecko) Chrome/86.0.4240.75 Safari/537.36','071ea324-a8d2-4f79-8f8a-23c90bc191ff','2020-10-18 11:52:53','2020-10-18 11:52:53'),(160,'Customer ARIYANTO - NP Berhasil Disimpan','http://fibertekno.iteos.tech/apps/customers/store','POST','192.168.0.1','Mozilla/5.0 (Windows NT 6.1; Win64; x64) AppleWebKit/537.36 (KHTML, like Gecko) Chrome/86.0.4240.75 Safari/537.36','f68f2a18-623f-4c1a-bfde-7f029c603a17','2020-10-18 11:53:36','2020-10-18 11:53:36'),(161,'Produk Connector kit LC/APC SX 0,9mm berhasil disimpan','http://fibertekno.iteos.tech/apps/products/store','POST','192.168.0.1','Mozilla/5.0 (Windows NT 6.1; Win64; x64) AppleWebKit/537.36 (KHTML, like Gecko) Chrome/86.0.4240.75 Safari/537.36','071ea324-a8d2-4f79-8f8a-23c90bc191ff','2020-10-18 11:54:15','2020-10-18 11:54:15'),(162,'Stok Connector kit LC/APC SX 0,9mm Berhasil Disesuaikan','http://fibertekno.iteos.tech/apps/inventory/adjustment/store/827','POST','192.168.0.1','Mozilla/5.0 (Windows NT 6.1; Win64; x64) AppleWebKit/537.36 (KHTML, like Gecko) Chrome/86.0.4240.75 Safari/537.36','071ea324-a8d2-4f79-8f8a-23c90bc191ff','2020-10-18 11:55:02','2020-10-18 11:55:02'),(163,'Customer KUSDIANTORO - NP Berhasil Disimpan','http://fibertekno.iteos.tech/apps/customers/store','POST','192.168.0.1','Mozilla/5.0 (Windows NT 6.1; Win64; x64) AppleWebKit/537.36 (KHTML, like Gecko) Chrome/86.0.4240.75 Safari/537.36','f68f2a18-623f-4c1a-bfde-7f029c603a17','2020-10-18 11:55:09','2020-10-18 11:55:09'),(164,'Produk Connector kit LC/APC SX 2,mm berhasil disimpan','http://fibertekno.iteos.tech/apps/products/store','POST','192.168.0.1','Mozilla/5.0 (Windows NT 6.1; Win64; x64) AppleWebKit/537.36 (KHTML, like Gecko) Chrome/86.0.4240.75 Safari/537.36','071ea324-a8d2-4f79-8f8a-23c90bc191ff','2020-10-18 11:56:07','2020-10-18 11:56:07'),(165,'Produk Connector kit LC/APC SX 2,mm Berhasil Diubah','http://fibertekno.iteos.tech/apps/products/update/c7e32d07-d619-4604-a41f-02d07ff021c3','POST','192.168.0.1','Mozilla/5.0 (Windows NT 6.1; Win64; x64) AppleWebKit/537.36 (KHTML, like Gecko) Chrome/86.0.4240.75 Safari/537.36','071ea324-a8d2-4f79-8f8a-23c90bc191ff','2020-10-18 11:56:26','2020-10-18 11:56:26'),(166,'Stok Connector kit LC/APC SX 2,mm Berhasil Disesuaikan','http://fibertekno.iteos.tech/apps/inventory/adjustment/store/828','POST','192.168.0.1','Mozilla/5.0 (Windows NT 6.1; Win64; x64) AppleWebKit/537.36 (KHTML, like Gecko) Chrome/86.0.4240.75 Safari/537.36','071ea324-a8d2-4f79-8f8a-23c90bc191ff','2020-10-18 11:56:59','2020-10-18 11:56:59'),(167,'Customer DEDI SUPRIADI - NP Berhasil Disimpan','http://fibertekno.iteos.tech/apps/customers/store','POST','192.168.0.1','Mozilla/5.0 (Windows NT 6.1; Win64; x64) AppleWebKit/537.36 (KHTML, like Gecko) Chrome/86.0.4240.75 Safari/537.36','f68f2a18-623f-4c1a-bfde-7f029c603a17','2020-10-18 11:57:15','2020-10-18 11:57:15'),(168,'Customer PETER - NP Berhasil Disimpan','http://fibertekno.iteos.tech/apps/customers/store','POST','192.168.0.1','Mozilla/5.0 (Windows NT 6.1; Win64; x64) AppleWebKit/537.36 (KHTML, like Gecko) Chrome/86.0.4240.75 Safari/537.36','f68f2a18-623f-4c1a-bfde-7f029c603a17','2020-10-18 11:58:45','2020-10-18 11:58:45'),(169,'Customer DESWIN FIRMANTO - NP Berhasil Disimpan','http://fibertekno.iteos.tech/apps/customers/store','POST','192.168.0.1','Mozilla/5.0 (Windows NT 6.1; Win64; x64) AppleWebKit/537.36 (KHTML, like Gecko) Chrome/86.0.4240.75 Safari/537.36','f68f2a18-623f-4c1a-bfde-7f029c603a17','2020-10-18 12:00:10','2020-10-18 12:00:10'),(170,'Produk Connector kit LC/APC SX 3,mm berhasil disimpan','http://fibertekno.iteos.tech/apps/products/store','POST','192.168.0.1','Mozilla/5.0 (Windows NT 6.1; Win64; x64) AppleWebKit/537.36 (KHTML, like Gecko) Chrome/86.0.4240.75 Safari/537.36','071ea324-a8d2-4f79-8f8a-23c90bc191ff','2020-10-18 12:00:20','2020-10-18 12:00:20'),(171,'Stok Connector kit LC/APC SX 3,mm Berhasil Disesuaikan','http://fibertekno.iteos.tech/apps/inventory/adjustment/store/829','POST','192.168.0.1','Mozilla/5.0 (Windows NT 6.1; Win64; x64) AppleWebKit/537.36 (KHTML, like Gecko) Chrome/86.0.4240.75 Safari/537.36','071ea324-a8d2-4f79-8f8a-23c90bc191ff','2020-10-18 12:00:54','2020-10-18 12:00:54'),(172,'Customer DANIEL MATIUS - NP Berhasil Disimpan','http://fibertekno.iteos.tech/apps/customers/store','POST','192.168.0.1','Mozilla/5.0 (Windows NT 6.1; Win64; x64) AppleWebKit/537.36 (KHTML, like Gecko) Chrome/86.0.4240.75 Safari/537.36','f68f2a18-623f-4c1a-bfde-7f029c603a17','2020-10-18 12:01:51','2020-10-18 12:01:51'),(173,'Produk Connector kit MM 0,9mm LC/PC berhasil disimpan','http://fibertekno.iteos.tech/apps/products/store','POST','192.168.0.1','Mozilla/5.0 (Windows NT 6.1; Win64; x64) AppleWebKit/537.36 (KHTML, like Gecko) Chrome/86.0.4240.75 Safari/537.36','071ea324-a8d2-4f79-8f8a-23c90bc191ff','2020-10-18 12:03:00','2020-10-18 12:03:00'),(174,'Stok Connector kit MM 0,9mm LC/PC Berhasil Disesuaikan','http://fibertekno.iteos.tech/apps/inventory/adjustment/store/830','POST','192.168.0.1','Mozilla/5.0 (Windows NT 6.1; Win64; x64) AppleWebKit/537.36 (KHTML, like Gecko) Chrome/86.0.4240.75 Safari/537.36','071ea324-a8d2-4f79-8f8a-23c90bc191ff','2020-10-18 12:03:42','2020-10-18 12:03:42'),(175,'Customer PT RAHAYU PERSADA SAMANTHA - P Berhasil Disimpan','http://fibertekno.iteos.tech/apps/customers/store','POST','192.168.0.1','Mozilla/5.0 (Windows NT 6.1; Win64; x64) AppleWebKit/537.36 (KHTML, like Gecko) Chrome/86.0.4240.75 Safari/537.36','f68f2a18-623f-4c1a-bfde-7f029c603a17','2020-10-18 12:05:56','2020-10-18 12:05:56'),(176,'Produk Connector kit SM 3,mm LC/UPC berhasil disimpan','http://fibertekno.iteos.tech/apps/products/store','POST','192.168.0.1','Mozilla/5.0 (Windows NT 6.1; Win64; x64) AppleWebKit/537.36 (KHTML, like Gecko) Chrome/86.0.4240.75 Safari/537.36','071ea324-a8d2-4f79-8f8a-23c90bc191ff','2020-10-18 12:06:07','2020-10-18 12:06:07'),(177,'Stok Connector kit SM 3,mm LC/UPC Berhasil Disesuaikan','http://fibertekno.iteos.tech/apps/inventory/adjustment/store/831','POST','192.168.0.1','Mozilla/5.0 (Windows NT 6.1; Win64; x64) AppleWebKit/537.36 (KHTML, like Gecko) Chrome/86.0.4240.75 Safari/537.36','071ea324-a8d2-4f79-8f8a-23c90bc191ff','2020-10-18 12:07:46','2020-10-18 12:07:46'),(178,'Customer PT DUTA ANUGRAH DAMAI SEJAHTERA - P Berhasil Disimpan','http://fibertekno.iteos.tech/apps/customers/store','POST','192.168.0.1','Mozilla/5.0 (Windows NT 6.1; Win64; x64) AppleWebKit/537.36 (KHTML, like Gecko) Chrome/86.0.4240.75 Safari/537.36','f68f2a18-623f-4c1a-bfde-7f029c603a17','2020-10-18 12:08:36','2020-10-18 12:08:36'),(179,'Customer ARIYANTO COKRO - NP Berhasil Diubah','http://fibertekno.iteos.tech/apps/customers/update/53702139-9724-4da5-a882-5220a73cf96b','POST','192.168.0.1','Mozilla/5.0 (Windows NT 6.1; Win64; x64) AppleWebKit/537.36 (KHTML, like Gecko) Chrome/86.0.4240.75 Safari/537.36','f68f2a18-623f-4c1a-bfde-7f029c603a17','2020-10-18 12:09:56','2020-10-18 12:09:56'),(180,'Produk Connector kit SM  SC/UPC 2,mm berhasil disimpan','http://fibertekno.iteos.tech/apps/products/store','POST','192.168.0.1','Mozilla/5.0 (Windows NT 6.1; Win64; x64) AppleWebKit/537.36 (KHTML, like Gecko) Chrome/86.0.4240.75 Safari/537.36','071ea324-a8d2-4f79-8f8a-23c90bc191ff','2020-10-18 12:10:05','2020-10-18 12:10:05'),(181,'Stok Connector kit SM  SC/UPC 2,mm Berhasil Disesuaikan','http://fibertekno.iteos.tech/apps/inventory/adjustment/store/832','POST','192.168.0.1','Mozilla/5.0 (Windows NT 6.1; Win64; x64) AppleWebKit/537.36 (KHTML, like Gecko) Chrome/86.0.4240.75 Safari/537.36','071ea324-a8d2-4f79-8f8a-23c90bc191ff','2020-10-18 12:10:44','2020-10-18 12:10:44'),(182,'Customer DIDIN - NP Berhasil Disimpan','http://fibertekno.iteos.tech/apps/customers/store','POST','192.168.0.1','Mozilla/5.0 (Windows NT 6.1; Win64; x64) AppleWebKit/537.36 (KHTML, like Gecko) Chrome/86.0.4240.75 Safari/537.36','f68f2a18-623f-4c1a-bfde-7f029c603a17','2020-10-18 12:11:42','2020-10-18 12:11:42'),(183,'Produk Connector kit ST/PC 2mm SM berhasil disimpan','http://fibertekno.iteos.tech/apps/products/store','POST','192.168.0.1','Mozilla/5.0 (Windows NT 6.1; Win64; x64) AppleWebKit/537.36 (KHTML, like Gecko) Chrome/86.0.4240.75 Safari/537.36','071ea324-a8d2-4f79-8f8a-23c90bc191ff','2020-10-18 12:12:20','2020-10-18 12:12:20'),(184,'Stok Connector kit ST/PC 2mm SM Berhasil Disesuaikan','http://fibertekno.iteos.tech/apps/inventory/adjustment/store/833','POST','192.168.0.1','Mozilla/5.0 (Windows NT 6.1; Win64; x64) AppleWebKit/537.36 (KHTML, like Gecko) Chrome/86.0.4240.75 Safari/537.36','071ea324-a8d2-4f79-8f8a-23c90bc191ff','2020-10-18 12:13:41','2020-10-18 12:13:41'),(185,'Customer PT ASIA TELCO NETWORKS - P Berhasil Disimpan','http://fibertekno.iteos.tech/apps/customers/store','POST','192.168.0.1','Mozilla/5.0 (Windows NT 6.1; Win64; x64) AppleWebKit/537.36 (KHTML, like Gecko) Chrome/86.0.4240.75 Safari/537.36','f68f2a18-623f-4c1a-bfde-7f029c603a17','2020-10-18 12:13:51','2020-10-18 12:13:51'),(186,'Stok Connector MM LC/PC (0,9mm) Berhasil Disesuaikan','http://fibertekno.iteos.tech/apps/inventory/adjustment/store/174','POST','192.168.0.1','Mozilla/5.0 (Windows NT 6.1; Win64; x64) AppleWebKit/537.36 (KHTML, like Gecko) Chrome/86.0.4240.75 Safari/537.36','071ea324-a8d2-4f79-8f8a-23c90bc191ff','2020-10-18 12:14:33','2020-10-18 12:14:33'),(187,'Stok Connector MM LC/PC (2,0mm) Berhasil Disesuaikan','http://fibertekno.iteos.tech/apps/inventory/adjustment/store/175','POST','192.168.0.1','Mozilla/5.0 (Windows NT 6.1; Win64; x64) AppleWebKit/537.36 (KHTML, like Gecko) Chrome/86.0.4240.75 Safari/537.36','071ea324-a8d2-4f79-8f8a-23c90bc191ff','2020-10-18 12:15:37','2020-10-18 12:15:37'),(188,'Customer IDRUS HAKIMI - NP Berhasil Disimpan','http://fibertekno.iteos.tech/apps/customers/store','POST','192.168.0.1','Mozilla/5.0 (Windows NT 6.1; Win64; x64) AppleWebKit/537.36 (KHTML, like Gecko) Chrome/86.0.4240.75 Safari/537.36','f68f2a18-623f-4c1a-bfde-7f029c603a17','2020-10-18 12:16:05','2020-10-18 12:16:05'),(189,'Customer SARAH - NP Berhasil Disimpan','http://fibertekno.iteos.tech/apps/customers/store','POST','192.168.0.1','Mozilla/5.0 (Windows NT 6.1; Win64; x64) AppleWebKit/537.36 (KHTML, like Gecko) Chrome/86.0.4240.75 Safari/537.36','f68f2a18-623f-4c1a-bfde-7f029c603a17','2020-10-18 12:17:43','2020-10-18 12:17:43'),(190,'Stok Connector MM SC/PC (0,9mm) Berhasil Disesuaikan','http://fibertekno.iteos.tech/apps/inventory/adjustment/store/176','POST','192.168.0.1','Mozilla/5.0 (Windows NT 6.1; Win64; x64) AppleWebKit/537.36 (KHTML, like Gecko) Chrome/86.0.4240.75 Safari/537.36','071ea324-a8d2-4f79-8f8a-23c90bc191ff','2020-10-18 12:18:40','2020-10-18 12:18:40'),(191,'Customer MUAMMAR KHADAFY - NP Berhasil Diubah','http://fibertekno.iteos.tech/apps/customers/update/4064d659-c357-43ea-be73-001592b897b2','POST','192.168.0.1','Mozilla/5.0 (Windows NT 6.1; Win64; x64) AppleWebKit/537.36 (KHTML, like Gecko) Chrome/86.0.4240.75 Safari/537.36','f68f2a18-623f-4c1a-bfde-7f029c603a17','2020-10-18 12:19:02','2020-10-18 12:19:02'),(192,'Stok Connector MM SC/PC (2,0mm) Berhasil Disesuaikan','http://fibertekno.iteos.tech/apps/inventory/adjustment/store/177','POST','192.168.0.1','Mozilla/5.0 (Windows NT 6.1; Win64; x64) AppleWebKit/537.36 (KHTML, like Gecko) Chrome/86.0.4240.75 Safari/537.36','071ea324-a8d2-4f79-8f8a-23c90bc191ff','2020-10-18 12:19:27','2020-10-18 12:19:27'),(193,'Customer TYO GENDUT - NP Berhasil Disimpan','http://fibertekno.iteos.tech/apps/customers/store','POST','192.168.0.1','Mozilla/5.0 (Windows NT 6.1; Win64; x64) AppleWebKit/537.36 (KHTML, like Gecko) Chrome/86.0.4240.75 Safari/537.36','f68f2a18-623f-4c1a-bfde-7f029c603a17','2020-10-18 12:21:14','2020-10-18 12:21:14'),(194,'Produk Connector Set MM SC/PC 2,mm berhasil disimpan','http://fibertekno.iteos.tech/apps/products/store','POST','192.168.0.1','Mozilla/5.0 (Windows NT 6.1; Win64; x64) AppleWebKit/537.36 (KHTML, like Gecko) Chrome/86.0.4240.75 Safari/537.36','071ea324-a8d2-4f79-8f8a-23c90bc191ff','2020-10-18 12:21:48','2020-10-18 12:21:48'),(195,'Stok Connector Set MM SC/PC 2,mm Berhasil Disesuaikan','http://fibertekno.iteos.tech/apps/inventory/adjustment/store/834','POST','192.168.0.1','Mozilla/5.0 (Windows NT 6.1; Win64; x64) AppleWebKit/537.36 (KHTML, like Gecko) Chrome/86.0.4240.75 Safari/537.36','071ea324-a8d2-4f79-8f8a-23c90bc191ff','2020-10-18 12:23:05','2020-10-18 12:23:05'),(196,'Produk Connector Set SM SC/APC 2,mm berhasil disimpan','http://fibertekno.iteos.tech/apps/products/store','POST','192.168.0.1','Mozilla/5.0 (Windows NT 6.1; Win64; x64) AppleWebKit/537.36 (KHTML, like Gecko) Chrome/86.0.4240.75 Safari/537.36','071ea324-a8d2-4f79-8f8a-23c90bc191ff','2020-10-18 12:27:43','2020-10-18 12:27:43'),(197,'Stok Connector Set SM SC/APC 2,mm Berhasil Disesuaikan','http://fibertekno.iteos.tech/apps/inventory/adjustment/store/835','POST','192.168.0.1','Mozilla/5.0 (Windows NT 6.1; Win64; x64) AppleWebKit/537.36 (KHTML, like Gecko) Chrome/86.0.4240.75 Safari/537.36','071ea324-a8d2-4f79-8f8a-23c90bc191ff','2020-10-18 12:28:32','2020-10-18 12:28:32'),(198,'Customer RIV - NP Berhasil Disimpan','http://fibertekno.iteos.tech/apps/customers/store','POST','192.168.0.1','Mozilla/5.0 (Windows NT 6.1; Win64; x64) AppleWebKit/537.36 (KHTML, like Gecko) Chrome/86.0.4240.75 Safari/537.36','f68f2a18-623f-4c1a-bfde-7f029c603a17','2020-10-18 12:29:08','2020-10-18 12:29:08'),(199,'Stok Connector SM FC/APC (2,0mm) Berhasil Disesuaikan','http://fibertekno.iteos.tech/apps/inventory/adjustment/store/186','POST','192.168.0.1','Mozilla/5.0 (Windows NT 6.1; Win64; x64) AppleWebKit/537.36 (KHTML, like Gecko) Chrome/86.0.4240.75 Safari/537.36','071ea324-a8d2-4f79-8f8a-23c90bc191ff','2020-10-18 12:29:15','2020-10-18 12:29:15'),(200,'Stok Connector SM FC/UPC (3,0mm) Berhasil Disesuaikan','http://fibertekno.iteos.tech/apps/inventory/adjustment/store/189','POST','192.168.0.1','Mozilla/5.0 (Windows NT 6.1; Win64; x64) AppleWebKit/537.36 (KHTML, like Gecko) Chrome/86.0.4240.75 Safari/537.36','071ea324-a8d2-4f79-8f8a-23c90bc191ff','2020-10-18 12:30:23','2020-10-18 12:30:23'),(201,'Stok Connector SM LC/APC (2,0mm) Berhasil Disesuaikan','http://fibertekno.iteos.tech/apps/inventory/adjustment/store/191','POST','192.168.0.1','Mozilla/5.0 (Windows NT 6.1; Win64; x64) AppleWebKit/537.36 (KHTML, like Gecko) Chrome/86.0.4240.75 Safari/537.36','071ea324-a8d2-4f79-8f8a-23c90bc191ff','2020-10-18 12:31:33','2020-10-18 12:31:33'),(202,'Stok Connector SM LC/APC 3,0mm Berhasil Disesuaikan','http://fibertekno.iteos.tech/apps/inventory/adjustment/store/192','POST','192.168.0.1','Mozilla/5.0 (Windows NT 6.1; Win64; x64) AppleWebKit/537.36 (KHTML, like Gecko) Chrome/86.0.4240.75 Safari/537.36','071ea324-a8d2-4f79-8f8a-23c90bc191ff','2020-10-18 12:33:29','2020-10-18 12:33:29'),(203,'Customer BUDI BDG - CV.PUTRA JAYA - NP Berhasil Diubah','http://fibertekno.iteos.tech/apps/customers/update/008a1051-7b08-4ba8-8677-24911558245e','POST','192.168.0.1','Mozilla/5.0 (Windows NT 6.1; Win64; x64) AppleWebKit/537.36 (KHTML, like Gecko) Chrome/86.0.4240.75 Safari/537.36','f68f2a18-623f-4c1a-bfde-7f029c603a17','2020-10-18 12:34:00','2020-10-18 12:34:00'),(204,'Stok Connector SM LC/UPC (0,9mm) Berhasil Disesuaikan','http://fibertekno.iteos.tech/apps/inventory/adjustment/store/193','POST','192.168.0.1','Mozilla/5.0 (Windows NT 6.1; Win64; x64) AppleWebKit/537.36 (KHTML, like Gecko) Chrome/86.0.4240.75 Safari/537.36','071ea324-a8d2-4f79-8f8a-23c90bc191ff','2020-10-18 12:34:20','2020-10-18 12:34:20'),(205,'Customer RAFACOM - NP Berhasil Diubah','http://fibertekno.iteos.tech/apps/customers/update/8283d753-a886-4980-960a-4c2e5e631ba6','POST','192.168.0.1','Mozilla/5.0 (Windows NT 6.1; Win64; x64) AppleWebKit/537.36 (KHTML, like Gecko) Chrome/86.0.4240.75 Safari/537.36','f68f2a18-623f-4c1a-bfde-7f029c603a17','2020-10-18 12:36:18','2020-10-18 12:36:18'),(206,'Stok Connector SM LC/UPC (2,0mm) Berhasil Disesuaikan','http://fibertekno.iteos.tech/apps/inventory/adjustment/store/194','POST','192.168.0.1','Mozilla/5.0 (Windows NT 6.1; Win64; x64) AppleWebKit/537.36 (KHTML, like Gecko) Chrome/86.0.4240.75 Safari/537.36','071ea324-a8d2-4f79-8f8a-23c90bc191ff','2020-10-18 12:36:52','2020-10-18 12:36:52'),(207,'Stok Connector SM LC/UPC 3,0mm Berhasil Disesuaikan','http://fibertekno.iteos.tech/apps/inventory/adjustment/store/195','POST','192.168.0.1','Mozilla/5.0 (Windows NT 6.1; Win64; x64) AppleWebKit/537.36 (KHTML, like Gecko) Chrome/86.0.4240.75 Safari/537.36','071ea324-a8d2-4f79-8f8a-23c90bc191ff','2020-10-18 12:37:23','2020-10-18 12:37:23'),(208,'Stok Connector SM SC/UPC (0,9mm) Berhasil Disesuaikan','http://fibertekno.iteos.tech/apps/inventory/adjustment/store/203','POST','192.168.0.1','Mozilla/5.0 (Windows NT 6.1; Win64; x64) AppleWebKit/537.36 (KHTML, like Gecko) Chrome/86.0.4240.75 Safari/537.36','071ea324-a8d2-4f79-8f8a-23c90bc191ff','2020-10-18 12:37:59','2020-10-18 12:37:59'),(209,'Customer HERAWATI NP Berhasil Disimpan','http://fibertekno.iteos.tech/apps/customers/store','POST','192.168.0.1','Mozilla/5.0 (Windows NT 6.1; Win64; x64) AppleWebKit/537.36 (KHTML, like Gecko) Chrome/86.0.4240.75 Safari/537.36','f68f2a18-623f-4c1a-bfde-7f029c603a17','2020-10-18 12:38:26','2020-10-18 12:38:26'),(210,'Customer JOCOM - NP Berhasil Disimpan','http://fibertekno.iteos.tech/apps/customers/store','POST','192.168.0.1','Mozilla/5.0 (Windows NT 6.1; Win64; x64) AppleWebKit/537.36 (KHTML, like Gecko) Chrome/86.0.4240.75 Safari/537.36','f68f2a18-623f-4c1a-bfde-7f029c603a17','2020-10-18 12:40:01','2020-10-18 12:40:01'),(211,'Customer JOCOM - NP Berhasil Diubah','http://fibertekno.iteos.tech/apps/customers/update/b8cb257b-260f-464d-9010-0c28ef99d95d','POST','192.168.0.1','Mozilla/5.0 (Windows NT 6.1; Win64; x64) AppleWebKit/537.36 (KHTML, like Gecko) Chrome/86.0.4240.75 Safari/537.36','f68f2a18-623f-4c1a-bfde-7f029c603a17','2020-10-18 12:40:44','2020-10-18 12:40:44'),(212,'Customer VASCONET - NP Berhasil Disimpan','http://fibertekno.iteos.tech/apps/customers/store','POST','192.168.0.1','Mozilla/5.0 (Windows NT 6.1; Win64; x64) AppleWebKit/537.36 (KHTML, like Gecko) Chrome/86.0.4240.75 Safari/537.36','f68f2a18-623f-4c1a-bfde-7f029c603a17','2020-10-18 12:43:33','2020-10-18 12:43:33'),(213,'Stok Connector SM SC/UPC (2,0mm) Berhasil Disesuaikan','http://fibertekno.iteos.tech/apps/inventory/adjustment/store/204','POST','192.168.0.1','Mozilla/5.0 (Windows NT 6.1; Win64; x64) AppleWebKit/537.36 (KHTML, like Gecko) Chrome/86.0.4240.75 Safari/537.36','071ea324-a8d2-4f79-8f8a-23c90bc191ff','2020-10-18 12:43:40','2020-10-18 12:43:40'),(214,'Stok HOUSING SM SC/APC (0,9mm), 2,00mm, 3,00mm) Green Berhasil Disesuaikan','http://fibertekno.iteos.tech/apps/inventory/adjustment/store/264','POST','192.168.0.1','Mozilla/5.0 (Windows NT 6.1; Win64; x64) AppleWebKit/537.36 (KHTML, like Gecko) Chrome/86.0.4240.75 Safari/537.36','071ea324-a8d2-4f79-8f8a-23c90bc191ff','2020-10-18 12:45:25','2020-10-18 12:45:25'),(215,'Produk Connector SM SC/UPC (2,0mm) Berhasil Dihapus','http://fibertekno.iteos.tech/apps/products/delete/5d9d2708-33c0-11ea-aec2-2e728ce88125','POST','192.168.0.1','Mozilla/5.0 (Windows NT 10.0; Win64; x64) AppleWebKit/537.36 (KHTML, like Gecko) Chrome/86.0.4240.75 Safari/537.36','c7e50632-3efc-4cff-99fd-2a39dee275b2','2020-10-18 12:46:57','2020-10-18 12:46:57'),(216,'Produk Kabel MM SX 3.mm 1,5M Potongan berhasil disimpan','http://fibertekno.iteos.tech/apps/products/store','POST','192.168.0.1','Mozilla/5.0 (Windows NT 6.1; Win64; x64) AppleWebKit/537.36 (KHTML, like Gecko) Chrome/86.0.4240.75 Safari/537.36','071ea324-a8d2-4f79-8f8a-23c90bc191ff','2020-10-18 12:49:30','2020-10-18 12:49:30'),(217,'Customer ISAR - NP Berhasil Disimpan','http://fibertekno.iteos.tech/apps/customers/store','POST','192.168.0.1','Mozilla/5.0 (Windows NT 6.1; Win64; x64) AppleWebKit/537.36 (KHTML, like Gecko) Chrome/86.0.4240.75 Safari/537.36','f68f2a18-623f-4c1a-bfde-7f029c603a17','2020-10-18 12:51:16','2020-10-18 12:51:16'),(218,'Stok Kabel MM SX 3.mm 1,5M Potongan Berhasil Disesuaikan','http://fibertekno.iteos.tech/apps/inventory/adjustment/store/836','POST','192.168.0.1','Mozilla/5.0 (Windows NT 6.1; Win64; x64) AppleWebKit/537.36 (KHTML, like Gecko) Chrome/86.0.4240.75 Safari/537.36','071ea324-a8d2-4f79-8f8a-23c90bc191ff','2020-10-18 12:51:43','2020-10-18 12:51:43'),(219,'Customer TOKO ALFAFAKIRANA - NP Berhasil Disimpan','http://fibertekno.iteos.tech/apps/customers/store','POST','192.168.0.1','Mozilla/5.0 (Windows NT 6.1; Win64; x64) AppleWebKit/537.36 (KHTML, like Gecko) Chrome/86.0.4240.75 Safari/537.36','f68f2a18-623f-4c1a-bfde-7f029c603a17','2020-10-18 12:52:58','2020-10-18 12:52:58'),(220,'Produk Kabel MM SX 3.mm 3M Potongan berhasil disimpan','http://fibertekno.iteos.tech/apps/products/store','POST','192.168.0.1','Mozilla/5.0 (Windows NT 6.1; Win64; x64) AppleWebKit/537.36 (KHTML, like Gecko) Chrome/86.0.4240.75 Safari/537.36','071ea324-a8d2-4f79-8f8a-23c90bc191ff','2020-10-18 12:52:59','2020-10-18 12:52:59'),(221,'Stok Kabel MM SX 3.mm 3M Potongan Berhasil Disesuaikan','http://fibertekno.iteos.tech/apps/inventory/adjustment/store/837','POST','192.168.0.1','Mozilla/5.0 (Windows NT 6.1; Win64; x64) AppleWebKit/537.36 (KHTML, like Gecko) Chrome/86.0.4240.75 Safari/537.36','071ea324-a8d2-4f79-8f8a-23c90bc191ff','2020-10-18 12:53:24','2020-10-18 12:53:24'),(222,'Customer DANI SUBANG - NP Berhasil Disimpan','http://fibertekno.iteos.tech/apps/customers/store','POST','192.168.0.1','Mozilla/5.0 (Windows NT 6.1; Win64; x64) AppleWebKit/537.36 (KHTML, like Gecko) Chrome/86.0.4240.75 Safari/537.36','f68f2a18-623f-4c1a-bfde-7f029c603a17','2020-10-18 12:53:53','2020-10-18 12:53:53'),(223,'Customer LIDWINA - NP Berhasil Disimpan','http://fibertekno.iteos.tech/apps/customers/store','POST','192.168.0.1','Mozilla/5.0 (Windows NT 6.1; Win64; x64) AppleWebKit/537.36 (KHTML, like Gecko) Chrome/86.0.4240.75 Safari/537.36','f68f2a18-623f-4c1a-bfde-7f029c603a17','2020-10-18 12:55:07','2020-10-18 12:55:07'),(224,'Customer JULIAN - NP Berhasil Disimpan','http://fibertekno.iteos.tech/apps/customers/store','POST','192.168.0.1','Mozilla/5.0 (Windows NT 6.1; Win64; x64) AppleWebKit/537.36 (KHTML, like Gecko) Chrome/86.0.4240.75 Safari/537.36','f68f2a18-623f-4c1a-bfde-7f029c603a17','2020-10-18 12:55:50','2020-10-18 12:55:50'),(225,'Produk Patchcord MM DX SC/APC-LC/APC (2,mm) 1M berhasil disimpan','http://fibertekno.iteos.tech/apps/products/store','POST','192.168.0.1','Mozilla/5.0 (Windows NT 6.1; Win64; x64) AppleWebKit/537.36 (KHTML, like Gecko) Chrome/86.0.4240.75 Safari/537.36','071ea324-a8d2-4f79-8f8a-23c90bc191ff','2020-10-18 12:57:26','2020-10-18 12:57:26'),(226,'Stok Patchcord MM DX SC/APC-LC/APC (2,mm) 1M Berhasil Disesuaikan','http://fibertekno.iteos.tech/apps/inventory/adjustment/store/838','POST','192.168.0.1','Mozilla/5.0 (Windows NT 6.1; Win64; x64) AppleWebKit/537.36 (KHTML, like Gecko) Chrome/86.0.4240.75 Safari/537.36','071ea324-a8d2-4f79-8f8a-23c90bc191ff','2020-10-18 12:58:00','2020-10-18 12:58:00'),(227,'Customer BAYU ANDIKA - NP Berhasil Disimpan','http://fibertekno.iteos.tech/apps/customers/store','POST','192.168.0.1','Mozilla/5.0 (Windows NT 6.1; Win64; x64) AppleWebKit/537.36 (KHTML, like Gecko) Chrome/86.0.4240.75 Safari/537.36','f68f2a18-623f-4c1a-bfde-7f029c603a17','2020-10-18 12:58:38','2020-10-18 12:58:38'),(228,'Produk Patchcord MM DX SC/APC-SC/APC (2,mm) 2M berhasil disimpan','http://fibertekno.iteos.tech/apps/products/store','POST','192.168.0.1','Mozilla/5.0 (Windows NT 6.1; Win64; x64) AppleWebKit/537.36 (KHTML, like Gecko) Chrome/86.0.4240.75 Safari/537.36','071ea324-a8d2-4f79-8f8a-23c90bc191ff','2020-10-18 12:59:12','2020-10-18 12:59:12'),(229,'Customer RENDI PT AIS - NP Berhasil Disimpan','http://fibertekno.iteos.tech/apps/customers/store','POST','192.168.0.1','Mozilla/5.0 (Windows NT 6.1; Win64; x64) AppleWebKit/537.36 (KHTML, like Gecko) Chrome/86.0.4240.75 Safari/537.36','f68f2a18-623f-4c1a-bfde-7f029c603a17','2020-10-18 12:59:48','2020-10-18 12:59:48'),(230,'Stok Patchcord MM DX SC/APC-SC/APC (2,mm) 2M Berhasil Disesuaikan','http://fibertekno.iteos.tech/apps/inventory/adjustment/store/839','POST','192.168.0.1','Mozilla/5.0 (Windows NT 6.1; Win64; x64) AppleWebKit/537.36 (KHTML, like Gecko) Chrome/86.0.4240.75 Safari/537.36','071ea324-a8d2-4f79-8f8a-23c90bc191ff','2020-10-18 13:00:06','2020-10-18 13:00:06'),(231,'Produk Patchcord MM DX SC/UPC-SC/UPC (2,mm) 1M berhasil disimpan','http://fibertekno.iteos.tech/apps/products/store','POST','192.168.0.1','Mozilla/5.0 (Windows NT 6.1; Win64; x64) AppleWebKit/537.36 (KHTML, like Gecko) Chrome/86.0.4240.75 Safari/537.36','071ea324-a8d2-4f79-8f8a-23c90bc191ff','2020-10-18 13:01:04','2020-10-18 13:01:04'),(232,'Stok Patchcord MM DX SC/UPC-SC/UPC (2,mm) 1M Berhasil Disesuaikan','http://fibertekno.iteos.tech/apps/inventory/adjustment/store/840','POST','192.168.0.1','Mozilla/5.0 (Windows NT 6.1; Win64; x64) AppleWebKit/537.36 (KHTML, like Gecko) Chrome/86.0.4240.75 Safari/537.36','071ea324-a8d2-4f79-8f8a-23c90bc191ff','2020-10-18 13:01:36','2020-10-18 13:01:36'),(233,'Produk Patchcord MM OM3 DX 2,mm SC/PC-SC/PC 10M berhasil disimpan','http://fibertekno.iteos.tech/apps/products/store','POST','192.168.0.1','Mozilla/5.0 (Windows NT 6.1; Win64; x64) AppleWebKit/537.36 (KHTML, like Gecko) Chrome/86.0.4240.75 Safari/537.36','071ea324-a8d2-4f79-8f8a-23c90bc191ff','2020-10-18 13:02:25','2020-10-18 13:02:25'),(234,'Stok Patchcord MM OM3 DX 2,mm SC/PC-SC/PC 10M Berhasil Disesuaikan','http://fibertekno.iteos.tech/apps/inventory/adjustment/store/841','POST','192.168.0.1','Mozilla/5.0 (Windows NT 6.1; Win64; x64) AppleWebKit/537.36 (KHTML, like Gecko) Chrome/86.0.4240.75 Safari/537.36','071ea324-a8d2-4f79-8f8a-23c90bc191ff','2020-10-18 13:03:03','2020-10-18 13:03:03'),(235,'Customer PT KENCANA RAYA INDONESIA - NP Berhasil Disimpan','http://fibertekno.iteos.tech/apps/customers/store','POST','192.168.0.1','Mozilla/5.0 (Windows NT 6.1; Win64; x64) AppleWebKit/537.36 (KHTML, like Gecko) Chrome/86.0.4240.75 Safari/537.36','f68f2a18-623f-4c1a-bfde-7f029c603a17','2020-10-18 13:03:12','2020-10-18 13:03:12'),(236,'Customer WAKIDIN JFO - NP Berhasil Disimpan','http://fibertekno.iteos.tech/apps/customers/store','POST','192.168.0.1','Mozilla/5.0 (Windows NT 6.1; Win64; x64) AppleWebKit/537.36 (KHTML, like Gecko) Chrome/86.0.4240.75 Safari/537.36','f68f2a18-623f-4c1a-bfde-7f029c603a17','2020-10-18 13:04:10','2020-10-18 13:04:10'),(237,'Customer LIYA - NP Berhasil Disimpan','http://fibertekno.iteos.tech/apps/customers/store','POST','192.168.0.1','Mozilla/5.0 (Windows NT 6.1; Win64; x64) AppleWebKit/537.36 (KHTML, like Gecko) Chrome/86.0.4240.75 Safari/537.36','f68f2a18-623f-4c1a-bfde-7f029c603a17','2020-10-18 13:05:25','2020-10-18 13:05:25'),(238,'Produk Patchcord Outdoor DX SC/APC-SC/APC 100m berhasil disimpan','http://fibertekno.iteos.tech/apps/products/store','POST','192.168.0.1','Mozilla/5.0 (Windows NT 10.0; Win64; x64) AppleWebKit/537.36 (KHTML, like Gecko) Chrome/86.0.4240.75 Safari/537.36','a7acf627-9108-44c0-a028-2d9bf7829108','2020-10-18 13:06:29','2020-10-18 13:06:29'),(239,'Hak Akses Produksi/Manufaktur berhasil diubah','http://fibertekno.iteos.tech/apps/users/roles/update/7','POST','192.168.0.1','Mozilla/5.0 (Windows NT 10.0; Win64; x64) AppleWebKit/537.36 (KHTML, like Gecko) Chrome/86.0.4240.75 Safari/537.36','c7e50632-3efc-4cff-99fd-2a39dee275b2','2020-10-18 13:08:28','2020-10-18 13:08:28'),(240,'Stok Patchcord Outdoor DX SC/APC-SC/APC 100m Berhasil Disesuaikan','http://fibertekno.iteos.tech/apps/inventory/adjustment/store/842','POST','192.168.0.1','Mozilla/5.0 (Windows NT 10.0; Win64; x64) AppleWebKit/537.36 (KHTML, like Gecko) Chrome/86.0.4240.75 Safari/537.36','a7acf627-9108-44c0-a028-2d9bf7829108','2020-10-18 13:10:34','2020-10-18 13:10:34'),(241,'Produk Patchcord Outdoor SC/UPC-SC/UPC 5M berhasil disimpan','http://fibertekno.iteos.tech/apps/products/store','POST','192.168.0.1','Mozilla/5.0 (Windows NT 10.0; Win64; x64) AppleWebKit/537.36 (KHTML, like Gecko) Chrome/86.0.4240.75 Safari/537.36','a7acf627-9108-44c0-a028-2d9bf7829108','2020-10-18 13:33:28','2020-10-18 13:33:28'),(242,'Customer DEDI - NP Berhasil Dihapus','http://fibertekno.iteos.tech/apps/customers/delete/3fb31237-4421-416c-b5ea-b160c48234b3','POST','192.168.0.1','Mozilla/5.0 (Windows NT 10.0; Win64; x64) AppleWebKit/537.36 (KHTML, like Gecko) Chrome/86.0.4240.75 Safari/537.36','c7e50632-3efc-4cff-99fd-2a39dee275b2','2020-10-18 13:33:31','2020-10-18 13:33:31'),(243,'Hak Akses Admin Sales-Invoice berhasil diubah','http://fibertekno.iteos.tech/apps/users/roles/update/12','POST','192.168.0.1','Mozilla/5.0 (Windows NT 10.0; Win64; x64) AppleWebKit/537.36 (KHTML, like Gecko) Chrome/86.0.4240.75 Safari/537.36','c7e50632-3efc-4cff-99fd-2a39dee275b2','2020-10-18 13:34:25','2020-10-18 13:34:25'),(244,'Produk Patchcord Outdoor SC/UPC-SC/UPC 5M Berhasil Diubah','http://fibertekno.iteos.tech/apps/products/update/98483d52-8723-45df-88cf-03439d31012d','POST','192.168.0.1','Mozilla/5.0 (Windows NT 10.0; Win64; x64) AppleWebKit/537.36 (KHTML, like Gecko) Chrome/86.0.4240.75 Safari/537.36','a7acf627-9108-44c0-a028-2d9bf7829108','2020-10-18 13:34:30','2020-10-18 13:34:30'),(245,'Stok Patchcord Outdoor SC/UPC-SC/UPC 5M Berhasil Disesuaikan','http://fibertekno.iteos.tech/apps/inventory/adjustment/store/843','POST','192.168.0.1','Mozilla/5.0 (Windows NT 10.0; Win64; x64) AppleWebKit/537.36 (KHTML, like Gecko) Chrome/86.0.4240.75 Safari/537.36','a7acf627-9108-44c0-a028-2d9bf7829108','2020-10-18 13:37:26','2020-10-18 13:37:26'),(246,'Produk Patchcord MM SM DX (2,0mm) FC/UPC-FC/UPC 10m Berhasil Diubah','http://fibertekno.iteos.tech/apps/products/update/5d9f38fe-33c0-11ea-aec2-2e728ce88125','POST','192.168.0.1','Mozilla/5.0 (Windows NT 10.0; Win64; x64) AppleWebKit/537.36 (KHTML, like Gecko) Chrome/86.0.4240.75 Safari/537.36','a7acf627-9108-44c0-a028-2d9bf7829108','2020-10-18 13:39:43','2020-10-18 13:39:43'),(247,'Produk Patchcord MM SM DX (2,0mm) FC/UPC-FC/UPC 10m Berhasil Diubah','http://fibertekno.iteos.tech/apps/products/update/5d9f38fe-33c0-11ea-aec2-2e728ce88125','POST','192.168.0.1','Mozilla/5.0 (Windows NT 10.0; Win64; x64) AppleWebKit/537.36 (KHTML, like Gecko) Chrome/86.0.4240.75 Safari/537.36','a7acf627-9108-44c0-a028-2d9bf7829108','2020-10-18 13:39:46','2020-10-18 13:39:46'),(248,'Produk Patchcord MM SM DX (2,0mm) FC/UPC-FC/UPC 10m Berhasil Diubah','http://fibertekno.iteos.tech/apps/products/update/5d9f38fe-33c0-11ea-aec2-2e728ce88125','POST','192.168.0.1','Mozilla/5.0 (Windows NT 10.0; Win64; x64) AppleWebKit/537.36 (KHTML, like Gecko) Chrome/86.0.4240.75 Safari/537.36','a7acf627-9108-44c0-a028-2d9bf7829108','2020-10-18 13:40:14','2020-10-18 13:40:14'),(249,'Stok Patchcord MM SM DX (2,0mm) FC/UPC-FC/UPC 10m Berhasil Disesuaikan','http://fibertekno.iteos.tech/apps/inventory/adjustment/store/417','POST','192.168.0.1','Mozilla/5.0 (Windows NT 10.0; Win64; x64) AppleWebKit/537.36 (KHTML, like Gecko) Chrome/86.0.4240.75 Safari/537.36','a7acf627-9108-44c0-a028-2d9bf7829108','2020-10-18 13:40:58','2020-10-18 13:40:58'),(250,'Produk Patchcord SM DX (2,0mm) FC/UPC-LC/UPC 10m Berhasil Diubah','http://fibertekno.iteos.tech/apps/products/update/5d9f3b9c-33c0-11ea-aec2-2e728ce88125','POST','192.168.0.1','Mozilla/5.0 (Windows NT 10.0; Win64; x64) AppleWebKit/537.36 (KHTML, like Gecko) Chrome/86.0.4240.75 Safari/537.36','a7acf627-9108-44c0-a028-2d9bf7829108','2020-10-18 13:42:18','2020-10-18 13:42:18'),(251,'Customer EMMA - NP Berhasil Disimpan','http://fibertekno.iteos.tech/apps/customers/store','POST','192.168.0.1','Mozilla/5.0 (Windows NT 6.1; Win64; x64) AppleWebKit/537.36 (KHTML, like Gecko) Chrome/86.0.4240.75 Safari/537.36','f68f2a18-623f-4c1a-bfde-7f029c603a17','2020-10-18 13:42:43','2020-10-18 13:42:43'),(252,'Stok Patchcord MM DX SC/APC-SC/APC (2,mm) 2M Berhasil Disesuaikan','http://fibertekno.iteos.tech/apps/inventory/adjustment/store/839','POST','192.168.0.1','Mozilla/5.0 (Windows NT 6.1; Win64; x64) AppleWebKit/537.36 (KHTML, like Gecko) Chrome/86.0.4240.75 Safari/537.36','071ea324-a8d2-4f79-8f8a-23c90bc191ff','2020-10-18 13:42:44','2020-10-18 13:42:44'),(253,'Stok Patchcord SM DX (2,0mm) FC/UPC-LC/UPC 10m Berhasil Disesuaikan','http://fibertekno.iteos.tech/apps/inventory/adjustment/store/419','POST','192.168.0.1','Mozilla/5.0 (Windows NT 10.0; Win64; x64) AppleWebKit/537.36 (KHTML, like Gecko) Chrome/86.0.4240.75 Safari/537.36','a7acf627-9108-44c0-a028-2d9bf7829108','2020-10-18 13:43:28','2020-10-18 13:43:28'),(254,'Stok Patchcord MM DX SC/APC-SC/APC (2,mm) 2M Berhasil Disesuaikan','http://fibertekno.iteos.tech/apps/inventory/adjustment/store/839','POST','192.168.0.1','Mozilla/5.0 (Windows NT 6.1; Win64; x64) AppleWebKit/537.36 (KHTML, like Gecko) Chrome/86.0.4240.75 Safari/537.36','071ea324-a8d2-4f79-8f8a-23c90bc191ff','2020-10-18 13:44:28','2020-10-18 13:44:28'),(255,'Stok Patchcord SM DX (2,0mm) FC/UPC-LC/UPC 15m Berhasil Disesuaikan','http://fibertekno.iteos.tech/apps/inventory/adjustment/store/420','POST','192.168.0.1','Mozilla/5.0 (Windows NT 10.0; Win64; x64) AppleWebKit/537.36 (KHTML, like Gecko) Chrome/86.0.4240.75 Safari/537.36','a7acf627-9108-44c0-a028-2d9bf7829108','2020-10-18 13:45:28','2020-10-18 13:45:28'),(256,'Stok Patchcord SM DX (2,0mm) FC/UPC-LC/UPC 3m Berhasil Disesuaikan','http://fibertekno.iteos.tech/apps/inventory/adjustment/store/423','POST','192.168.0.1','Mozilla/5.0 (Windows NT 10.0; Win64; x64) AppleWebKit/537.36 (KHTML, like Gecko) Chrome/86.0.4240.75 Safari/537.36','a7acf627-9108-44c0-a028-2d9bf7829108','2020-10-18 13:47:37','2020-10-18 13:47:37'),(257,'Stok Patchcord SM DX (2,0mm) FC/UPC-LC/UPC 7m Berhasil Disesuaikan','http://fibertekno.iteos.tech/apps/inventory/adjustment/store/425','POST','192.168.0.1','Mozilla/5.0 (Windows NT 10.0; Win64; x64) AppleWebKit/537.36 (KHTML, like Gecko) Chrome/86.0.4240.75 Safari/537.36','a7acf627-9108-44c0-a028-2d9bf7829108','2020-10-18 13:49:46','2020-10-18 13:49:46'),(258,'Stok Patchcord SM DX (2,0mm) LC/UPC-LC/UPC 10m Berhasil Disesuaikan','http://fibertekno.iteos.tech/apps/inventory/adjustment/store/427','POST','192.168.0.1','Mozilla/5.0 (Windows NT 10.0; Win64; x64) AppleWebKit/537.36 (KHTML, like Gecko) Chrome/86.0.4240.75 Safari/537.36','a7acf627-9108-44c0-a028-2d9bf7829108','2020-10-18 13:51:24','2020-10-18 13:51:24'),(259,'Stok Patchcord SM DX (2,0mm) LC/UPC-LC/UPC 20m Berhasil Disesuaikan','http://fibertekno.iteos.tech/apps/inventory/adjustment/store/429','POST','192.168.0.1','Mozilla/5.0 (Windows NT 10.0; Win64; x64) AppleWebKit/537.36 (KHTML, like Gecko) Chrome/86.0.4240.75 Safari/537.36','a7acf627-9108-44c0-a028-2d9bf7829108','2020-10-18 13:52:46','2020-10-18 13:52:46'),(260,'User Sales Manager (Rian) Berhasil diubah','http://fibertekno.iteos.tech/apps/users/update/994a52f5-285e-4401-95b2-166cc353bb65','POST','192.168.0.1','Mozilla/5.0 (Windows NT 10.0; Win64; x64) AppleWebKit/537.36 (KHTML, like Gecko) Chrome/86.0.4240.75 Safari/537.36','c7e50632-3efc-4cff-99fd-2a39dee275b2','2020-10-18 13:52:46','2020-10-18 13:52:46'),(261,'Stok Patchcord SM DX (2,0mm) LC/UPC-LC/UPC 25m Berhasil Disesuaikan','http://fibertekno.iteos.tech/apps/inventory/adjustment/store/430','POST','192.168.0.1','Mozilla/5.0 (Windows NT 10.0; Win64; x64) AppleWebKit/537.36 (KHTML, like Gecko) Chrome/86.0.4240.75 Safari/537.36','a7acf627-9108-44c0-a028-2d9bf7829108','2020-10-18 13:53:53','2020-10-18 13:53:53'),(262,'User manajemen Berhasil diubah','http://fibertekno.iteos.tech/apps/users/update/24d21373-b462-4888-8d27-d365c33fbf6a','POST','192.168.0.1','Mozilla/5.0 (Windows NT 10.0; Win64; x64) AppleWebKit/537.36 (KHTML, like Gecko) Chrome/86.0.4240.75 Safari/537.36','c7e50632-3efc-4cff-99fd-2a39dee275b2','2020-10-18 13:55:01','2020-10-18 13:55:01'),(263,'Stok Patchcord SM DX (2,0mm) LC/UPC-LC/UPC 5m Berhasil Disesuaikan','http://fibertekno.iteos.tech/apps/inventory/adjustment/store/433','POST','192.168.0.1','Mozilla/5.0 (Windows NT 10.0; Win64; x64) AppleWebKit/537.36 (KHTML, like Gecko) Chrome/86.0.4240.75 Safari/537.36','a7acf627-9108-44c0-a028-2d9bf7829108','2020-10-18 13:55:46','2020-10-18 13:55:46'),(264,'Stok Patchcord SM DX (2,0mm) SC/UPC-FC/UPC 10m Berhasil Disesuaikan','http://fibertekno.iteos.tech/apps/inventory/adjustment/store/437','POST','192.168.0.1','Mozilla/5.0 (Windows NT 10.0; Win64; x64) AppleWebKit/537.36 (KHTML, like Gecko) Chrome/86.0.4240.75 Safari/537.36','a7acf627-9108-44c0-a028-2d9bf7829108','2020-10-18 13:56:32','2020-10-18 13:56:32'),(265,'Stok Patchcord SM DX (2,0mm) SC/UPC-LC/UPC 15m Berhasil Disesuaikan','http://fibertekno.iteos.tech/apps/inventory/adjustment/store/446','POST','192.168.0.1','Mozilla/5.0 (Windows NT 10.0; Win64; x64) AppleWebKit/537.36 (KHTML, like Gecko) Chrome/86.0.4240.75 Safari/537.36','a7acf627-9108-44c0-a028-2d9bf7829108','2020-10-18 13:57:23','2020-10-18 13:57:23'),(266,'Stok Patchcord SM DX (2,0mm) SC/UPC-LC/UPC 1m Berhasil Disesuaikan','http://fibertekno.iteos.tech/apps/inventory/adjustment/store/447','POST','192.168.0.1','Mozilla/5.0 (Windows NT 10.0; Win64; x64) AppleWebKit/537.36 (KHTML, like Gecko) Chrome/86.0.4240.75 Safari/537.36','a7acf627-9108-44c0-a028-2d9bf7829108','2020-10-18 13:58:20','2020-10-18 13:58:20'),(267,'Stok Patchcord SM DX (2,0mm) SC/UPC-LC/UPC 20m Berhasil Disesuaikan','http://fibertekno.iteos.tech/apps/inventory/adjustment/store/448','POST','192.168.0.1','Mozilla/5.0 (Windows NT 10.0; Win64; x64) AppleWebKit/537.36 (KHTML, like Gecko) Chrome/86.0.4240.75 Safari/537.36','a7acf627-9108-44c0-a028-2d9bf7829108','2020-10-18 13:59:12','2020-10-18 13:59:12'),(268,'Stok Patchcord SM DX (2,0mm) SC/UPC-SC/UPC 3m Berhasil Disesuaikan','http://fibertekno.iteos.tech/apps/inventory/adjustment/store/460','POST','192.168.0.1','Mozilla/5.0 (Windows NT 10.0; Win64; x64) AppleWebKit/537.36 (KHTML, like Gecko) Chrome/86.0.4240.75 Safari/537.36','a7acf627-9108-44c0-a028-2d9bf7829108','2020-10-18 14:00:21','2020-10-18 14:00:21'),(269,'Stok Patchcord SM DX (3,0mm) FC/UPC-LC/UPC 2m Berhasil Disesuaikan','http://fibertekno.iteos.tech/apps/inventory/adjustment/store/469','POST','192.168.0.1','Mozilla/5.0 (Windows NT 10.0; Win64; x64) AppleWebKit/537.36 (KHTML, like Gecko) Chrome/86.0.4240.75 Safari/537.36','a7acf627-9108-44c0-a028-2d9bf7829108','2020-10-18 14:01:32','2020-10-18 14:01:32'),(270,'Customer CV. TRIDAYA UTAMA - P Berhasil Diubah','http://fibertekno.iteos.tech/apps/customers/update/abe9c7a2-64b9-4b97-9fff-c21c5cf79921','POST','192.168.0.1','Mozilla/5.0 (Windows NT 6.1; Win64; x64) AppleWebKit/537.36 (KHTML, like Gecko) Chrome/86.0.4240.75 Safari/537.36','f68f2a18-623f-4c1a-bfde-7f029c603a17','2020-10-18 14:01:35','2020-10-18 14:01:35'),(271,'Stok Patchcord SM DX (3,0mm) FC/UPC-LC/UPC 5m Berhasil Disesuaikan','http://fibertekno.iteos.tech/apps/inventory/adjustment/store/471','POST','192.168.0.1','Mozilla/5.0 (Windows NT 10.0; Win64; x64) AppleWebKit/537.36 (KHTML, like Gecko) Chrome/86.0.4240.75 Safari/537.36','a7acf627-9108-44c0-a028-2d9bf7829108','2020-10-18 14:02:37','2020-10-18 14:02:37'),(272,'Stok Roset 2 Core Polos (Kosongan) Berhasil Disesuaikan','http://fibertekno.iteos.tech/apps/inventory/adjustment/store/679','POST','192.168.0.1','Mozilla/5.0 (Windows NT 6.1; Win64; x64) AppleWebKit/537.36 (KHTML, like Gecko) Chrome/86.0.4240.75 Safari/537.36','071ea324-a8d2-4f79-8f8a-23c90bc191ff','2020-10-18 14:02:39','2020-10-18 14:02:39'),(273,'Stok Patchcord SM DX (3,0mm) FC/UPC-LC/UPC 5m Berhasil Disesuaikan','http://fibertekno.iteos.tech/apps/inventory/adjustment/store/471','POST','192.168.0.1','Mozilla/5.0 (Windows NT 10.0; Win64; x64) AppleWebKit/537.36 (KHTML, like Gecko) Chrome/86.0.4240.75 Safari/537.36','a7acf627-9108-44c0-a028-2d9bf7829108','2020-10-18 14:03:43','2020-10-18 14:03:43'),(274,'Stok Patchcord SM DX (3,0mm) LC/UPC-LC/UPC 1m Berhasil Disesuaikan','http://fibertekno.iteos.tech/apps/inventory/adjustment/store/472','POST','192.168.0.1','Mozilla/5.0 (Windows NT 10.0; Win64; x64) AppleWebKit/537.36 (KHTML, like Gecko) Chrome/86.0.4240.75 Safari/537.36','a7acf627-9108-44c0-a028-2d9bf7829108','2020-10-18 14:04:43','2020-10-18 14:04:43'),(275,'Stok Patchcord SM DX (3,0mm) SC/UPC-FC/UPC 10m Berhasil Disesuaikan','http://fibertekno.iteos.tech/apps/inventory/adjustment/store/479','POST','192.168.0.1','Mozilla/5.0 (Windows NT 10.0; Win64; x64) AppleWebKit/537.36 (KHTML, like Gecko) Chrome/86.0.4240.75 Safari/537.36','a7acf627-9108-44c0-a028-2d9bf7829108','2020-10-18 14:05:47','2020-10-18 14:05:47'),(276,'Produk Rosette 2Core GOC Kosongan berhasil disimpan','http://fibertekno.iteos.tech/apps/products/store','POST','192.168.0.1','Mozilla/5.0 (Windows NT 6.1; Win64; x64) AppleWebKit/537.36 (KHTML, like Gecko) Chrome/86.0.4240.75 Safari/537.36','071ea324-a8d2-4f79-8f8a-23c90bc191ff','2020-10-18 14:06:16','2020-10-18 14:06:16'),(277,'Stok Patchcord SM DX (3,0mm) SC/UPC-ST/UPC 5m Berhasil Disesuaikan','http://fibertekno.iteos.tech/apps/inventory/adjustment/store/495','POST','192.168.0.1','Mozilla/5.0 (Windows NT 10.0; Win64; x64) AppleWebKit/537.36 (KHTML, like Gecko) Chrome/86.0.4240.75 Safari/537.36','a7acf627-9108-44c0-a028-2d9bf7829108','2020-10-18 14:06:33','2020-10-18 14:06:33'),(278,'Stok Rosette 2Core GOC Kosongan Berhasil Disesuaikan','http://fibertekno.iteos.tech/apps/inventory/adjustment/store/844','POST','192.168.0.1','Mozilla/5.0 (Windows NT 6.1; Win64; x64) AppleWebKit/537.36 (KHTML, like Gecko) Chrome/86.0.4240.75 Safari/537.36','071ea324-a8d2-4f79-8f8a-23c90bc191ff','2020-10-18 14:07:40','2020-10-18 14:07:40'),(279,'Produk Patchcord SM DX 3.mm FC/UPC-SC/UPC 20M berhasil disimpan','http://fibertekno.iteos.tech/apps/products/store','POST','192.168.0.1','Mozilla/5.0 (Windows NT 10.0; Win64; x64) AppleWebKit/537.36 (KHTML, like Gecko) Chrome/86.0.4240.75 Safari/537.36','a7acf627-9108-44c0-a028-2d9bf7829108','2020-10-18 14:08:26','2020-10-18 14:08:26'),(280,'Stok Patchcord SM DX 3.mm FC/UPC-SC/UPC 20M Berhasil Disesuaikan','http://fibertekno.iteos.tech/apps/inventory/adjustment/store/845','POST','192.168.0.1','Mozilla/5.0 (Windows NT 10.0; Win64; x64) AppleWebKit/537.36 (KHTML, like Gecko) Chrome/86.0.4240.75 Safari/537.36','a7acf627-9108-44c0-a028-2d9bf7829108','2020-10-18 14:09:32','2020-10-18 14:09:32'),(281,'Customer PT. PUTERATEL ANDALAN SUKSES (PAS) Berhasil Dihapus','http://fibertekno.iteos.tech/apps/customers/delete/4d14c932-edce-47e8-917b-96e03b474f80','POST','192.168.0.1','Mozilla/5.0 (Windows NT 6.1; Win64; x64) AppleWebKit/537.36 (KHTML, like Gecko) Chrome/86.0.4240.75 Safari/537.36','f68f2a18-623f-4c1a-bfde-7f029c603a17','2020-10-18 14:09:40','2020-10-18 14:09:40'),(282,'Produk Saklar berhasil disimpan','http://fibertekno.iteos.tech/apps/products/store','POST','192.168.0.1','Mozilla/5.0 (Windows NT 6.1; Win64; x64) AppleWebKit/537.36 (KHTML, like Gecko) Chrome/86.0.4240.75 Safari/537.36','071ea324-a8d2-4f79-8f8a-23c90bc191ff','2020-10-18 14:10:13','2020-10-18 14:10:13'),(283,'Stok Saklar Berhasil Disesuaikan','http://fibertekno.iteos.tech/apps/inventory/adjustment/store/846','POST','192.168.0.1','Mozilla/5.0 (Windows NT 6.1; Win64; x64) AppleWebKit/537.36 (KHTML, like Gecko) Chrome/86.0.4240.75 Safari/537.36','071ea324-a8d2-4f79-8f8a-23c90bc191ff','2020-10-18 14:10:44','2020-10-18 14:10:44'),(284,'Produk Patchcord SM DX FC/UPC-LC/UPC  (3,mm) 15M berhasil disimpan','http://fibertekno.iteos.tech/apps/products/store','POST','192.168.0.1','Mozilla/5.0 (Windows NT 10.0; Win64; x64) AppleWebKit/537.36 (KHTML, like Gecko) Chrome/86.0.4240.75 Safari/537.36','a7acf627-9108-44c0-a028-2d9bf7829108','2020-10-18 14:11:20','2020-10-18 14:11:20'),(285,'Stok Patchcord SM DX FC/UPC-LC/UPC  (3,mm) 15M Berhasil Disesuaikan','http://fibertekno.iteos.tech/apps/inventory/adjustment/store/847','POST','192.168.0.1','Mozilla/5.0 (Windows NT 10.0; Win64; x64) AppleWebKit/537.36 (KHTML, like Gecko) Chrome/86.0.4240.75 Safari/537.36','a7acf627-9108-44c0-a028-2d9bf7829108','2020-10-18 14:12:24','2020-10-18 14:12:24'),(286,'Customer PT PUTERATEL ANDALAN SUKSES - P Berhasil Diubah','http://fibertekno.iteos.tech/apps/customers/update/47425ace-60ef-4038-abe9-e024d9443d3d','POST','192.168.0.1','Mozilla/5.0 (Windows NT 6.1; Win64; x64) AppleWebKit/537.36 (KHTML, like Gecko) Chrome/86.0.4240.75 Safari/537.36','f68f2a18-623f-4c1a-bfde-7f029c603a17','2020-10-18 14:12:52','2020-10-18 14:12:52'),(287,'Produk Patchcord SM DX FC/UPC-SC/UPC (2,mm) 20M berhasil disimpan','http://fibertekno.iteos.tech/apps/products/store','POST','192.168.0.1','Mozilla/5.0 (Windows NT 10.0; Win64; x64) AppleWebKit/537.36 (KHTML, like Gecko) Chrome/86.0.4240.75 Safari/537.36','a7acf627-9108-44c0-a028-2d9bf7829108','2020-10-18 14:13:40','2020-10-18 14:13:40'),(288,'Stok Patchcord SM DX FC/UPC-SC/UPC (2,mm) 20M Berhasil Disesuaikan','http://fibertekno.iteos.tech/apps/inventory/adjustment/store/848','POST','192.168.0.1','Mozilla/5.0 (Windows NT 10.0; Win64; x64) AppleWebKit/537.36 (KHTML, like Gecko) Chrome/86.0.4240.75 Safari/537.36','a7acf627-9108-44c0-a028-2d9bf7829108','2020-10-18 14:14:21','2020-10-18 14:14:21'),(289,'Produk Patchcord SM DX FC/UPC-SC/UPC (2,mm) 5M berhasil disimpan','http://fibertekno.iteos.tech/apps/products/store','POST','192.168.0.1','Mozilla/5.0 (Windows NT 10.0; Win64; x64) AppleWebKit/537.36 (KHTML, like Gecko) Chrome/86.0.4240.75 Safari/537.36','a7acf627-9108-44c0-a028-2d9bf7829108','2020-10-18 14:16:14','2020-10-18 14:16:14'),(290,'Customer PT BALITOWERINDO SENTRA, TBK - P Berhasil Diubah','http://fibertekno.iteos.tech/apps/customers/update/1c527872-628d-43aa-a61e-b02f74ee1154','POST','192.168.0.1','Mozilla/5.0 (Windows NT 6.1; Win64; x64) AppleWebKit/537.36 (KHTML, like Gecko) Chrome/86.0.4240.75 Safari/537.36','f68f2a18-623f-4c1a-bfde-7f029c603a17','2020-10-18 14:16:42','2020-10-18 14:16:42'),(291,'Stok Patchcord SM DX FC/UPC-SC/UPC (2,mm) 5M Berhasil Disesuaikan','http://fibertekno.iteos.tech/apps/inventory/adjustment/store/849','POST','192.168.0.1','Mozilla/5.0 (Windows NT 10.0; Win64; x64) AppleWebKit/537.36 (KHTML, like Gecko) Chrome/86.0.4240.75 Safari/537.36','a7acf627-9108-44c0-a028-2d9bf7829108','2020-10-18 14:17:53','2020-10-18 14:17:53'),(292,'Produk Patchcord SM DX SC/APC-SC/APC (2,mm) 10M berhasil disimpan','http://fibertekno.iteos.tech/apps/products/store','POST','192.168.0.1','Mozilla/5.0 (Windows NT 10.0; Win64; x64) AppleWebKit/537.36 (KHTML, like Gecko) Chrome/86.0.4240.75 Safari/537.36','a7acf627-9108-44c0-a028-2d9bf7829108','2020-10-18 14:19:21','2020-10-18 14:19:21'),(293,'Customer PT LINTAS SATU VISI - P Berhasil Disimpan','http://fibertekno.iteos.tech/apps/customers/store','POST','192.168.0.1','Mozilla/5.0 (Windows NT 6.1; Win64; x64) AppleWebKit/537.36 (KHTML, like Gecko) Chrome/86.0.4240.75 Safari/537.36','f68f2a18-623f-4c1a-bfde-7f029c603a17','2020-10-18 14:19:45','2020-10-18 14:19:45'),(294,'Stok Patchcord SM DX SC/APC-SC/APC (2,mm) 10M Berhasil Disesuaikan','http://fibertekno.iteos.tech/apps/inventory/adjustment/store/850','POST','192.168.0.1','Mozilla/5.0 (Windows NT 10.0; Win64; x64) AppleWebKit/537.36 (KHTML, like Gecko) Chrome/86.0.4240.75 Safari/537.36','a7acf627-9108-44c0-a028-2d9bf7829108','2020-10-18 14:20:20','2020-10-18 14:20:20'),(295,'Produk Patchcord SM DX SC/UPC-LC/UPC (2,mm) 2M berhasil disimpan','http://fibertekno.iteos.tech/apps/products/store','POST','192.168.0.1','Mozilla/5.0 (Windows NT 10.0; Win64; x64) AppleWebKit/537.36 (KHTML, like Gecko) Chrome/86.0.4240.75 Safari/537.36','a7acf627-9108-44c0-a028-2d9bf7829108','2020-10-18 14:21:40','2020-10-18 14:21:40'),(296,'Stok Patchcord SM DX SC/UPC-LC/UPC (2,mm) 2M Berhasil Disesuaikan','http://fibertekno.iteos.tech/apps/inventory/adjustment/store/851','POST','192.168.0.1','Mozilla/5.0 (Windows NT 10.0; Win64; x64) AppleWebKit/537.36 (KHTML, like Gecko) Chrome/86.0.4240.75 Safari/537.36','a7acf627-9108-44c0-a028-2d9bf7829108','2020-10-18 14:22:36','2020-10-18 14:22:36'),(297,'Produk Patchcord SM DX SC/UPC-LC/UPC (2,mm) 5M berhasil disimpan','http://fibertekno.iteos.tech/apps/products/store','POST','192.168.0.1','Mozilla/5.0 (Windows NT 10.0; Win64; x64) AppleWebKit/537.36 (KHTML, like Gecko) Chrome/86.0.4240.75 Safari/537.36','a7acf627-9108-44c0-a028-2d9bf7829108','2020-10-18 14:23:40','2020-10-18 14:23:40'),(298,'Stok Patchcord SM DX SC/UPC-LC/UPC (2,mm) 5M Berhasil Disesuaikan','http://fibertekno.iteos.tech/apps/inventory/adjustment/store/852','POST','192.168.0.1','Mozilla/5.0 (Windows NT 10.0; Win64; x64) AppleWebKit/537.36 (KHTML, like Gecko) Chrome/86.0.4240.75 Safari/537.36','a7acf627-9108-44c0-a028-2d9bf7829108','2020-10-18 14:24:27','2020-10-18 14:24:27'),(299,'Customer PT CAHAYA ABADI PLASTIK - P Berhasil Disimpan','http://fibertekno.iteos.tech/apps/customers/store','POST','192.168.0.1','Mozilla/5.0 (Windows NT 6.1; Win64; x64) AppleWebKit/537.36 (KHTML, like Gecko) Chrome/86.0.4240.75 Safari/537.36','f68f2a18-623f-4c1a-bfde-7f029c603a17','2020-10-18 14:24:56','2020-10-18 14:24:56'),(300,'Produk Patchcord SM DX ST/UPC-LC/UPC (3,mm) 10M berhasil disimpan','http://fibertekno.iteos.tech/apps/products/store','POST','192.168.0.1','Mozilla/5.0 (Windows NT 10.0; Win64; x64) AppleWebKit/537.36 (KHTML, like Gecko) Chrome/86.0.4240.75 Safari/537.36','a7acf627-9108-44c0-a028-2d9bf7829108','2020-10-18 14:25:42','2020-10-18 14:25:42'),(301,'Customer PT PRIMA MITRATAMA SEJATI - P Berhasil Diubah','http://fibertekno.iteos.tech/apps/customers/update/42ba8249-4513-472a-82c7-3f953cb1e7e0','POST','192.168.0.1','Mozilla/5.0 (Windows NT 6.1; Win64; x64) AppleWebKit/537.36 (KHTML, like Gecko) Chrome/86.0.4240.75 Safari/537.36','f68f2a18-623f-4c1a-bfde-7f029c603a17','2020-10-18 14:25:52','2020-10-18 14:25:52'),(302,'Stok Patchcord SM DX ST/UPC-LC/UPC (3,mm) 10M Berhasil Disesuaikan','http://fibertekno.iteos.tech/apps/inventory/adjustment/store/853','POST','192.168.0.1','Mozilla/5.0 (Windows NT 10.0; Win64; x64) AppleWebKit/537.36 (KHTML, like Gecko) Chrome/86.0.4240.75 Safari/537.36','a7acf627-9108-44c0-a028-2d9bf7829108','2020-10-18 14:26:30','2020-10-18 14:26:30'),(303,'Produk Patchcord SM DX ST/UPC-LC/UPC (3,mm) 3M berhasil disimpan','http://fibertekno.iteos.tech/apps/products/store','POST','192.168.0.1','Mozilla/5.0 (Windows NT 10.0; Win64; x64) AppleWebKit/537.36 (KHTML, like Gecko) Chrome/86.0.4240.75 Safari/537.36','a7acf627-9108-44c0-a028-2d9bf7829108','2020-10-18 14:27:55','2020-10-18 14:27:55'),(304,'Stok Patchcord SM DX ST/UPC-LC/UPC (3,mm) 3M Berhasil Disesuaikan','http://fibertekno.iteos.tech/apps/inventory/adjustment/store/854','POST','192.168.0.1','Mozilla/5.0 (Windows NT 10.0; Win64; x64) AppleWebKit/537.36 (KHTML, like Gecko) Chrome/86.0.4240.75 Safari/537.36','a7acf627-9108-44c0-a028-2d9bf7829108','2020-10-18 14:28:48','2020-10-18 14:28:48'),(305,'Produk Patchcord SM DX ST/UPC-SC/UPC (2,mm) 5M berhasil disimpan','http://fibertekno.iteos.tech/apps/products/store','POST','192.168.0.1','Mozilla/5.0 (Windows NT 10.0; Win64; x64) AppleWebKit/537.36 (KHTML, like Gecko) Chrome/86.0.4240.75 Safari/537.36','a7acf627-9108-44c0-a028-2d9bf7829108','2020-10-18 14:30:22','2020-10-18 14:30:22'),(306,'Stok Patchcord SM DX ST/UPC-SC/UPC (2,mm) 5M Berhasil Disesuaikan','http://fibertekno.iteos.tech/apps/inventory/adjustment/store/855','POST','192.168.0.1','Mozilla/5.0 (Windows NT 10.0; Win64; x64) AppleWebKit/537.36 (KHTML, like Gecko) Chrome/86.0.4240.75 Safari/537.36','a7acf627-9108-44c0-a028-2d9bf7829108','2020-10-18 14:31:04','2020-10-18 14:31:04'),(307,'Stok Patchcord SM SX (2,0mm) FC/UPC-FC/UPC 60m Berhasil Disesuaikan','http://fibertekno.iteos.tech/apps/inventory/adjustment/store/506','POST','192.168.0.1','Mozilla/5.0 (Windows NT 10.0; Win64; x64) AppleWebKit/537.36 (KHTML, like Gecko) Chrome/86.0.4240.75 Safari/537.36','a7acf627-9108-44c0-a028-2d9bf7829108','2020-10-18 14:32:13','2020-10-18 14:32:13'),(308,'Stok Patchcord SM SX (2,0mm) FC/UPC-LC/UPC 15m Berhasil Disesuaikan','http://fibertekno.iteos.tech/apps/inventory/adjustment/store/508','POST','192.168.0.1','Mozilla/5.0 (Windows NT 10.0; Win64; x64) AppleWebKit/537.36 (KHTML, like Gecko) Chrome/86.0.4240.75 Safari/537.36','a7acf627-9108-44c0-a028-2d9bf7829108','2020-10-18 14:33:01','2020-10-18 14:33:01'),(309,'Stok Patchcord SM SX (2,0mm) FC/UPC-LC/UPC 30m Berhasil Disesuaikan','http://fibertekno.iteos.tech/apps/inventory/adjustment/store/512','POST','192.168.0.1','Mozilla/5.0 (Windows NT 10.0; Win64; x64) AppleWebKit/537.36 (KHTML, like Gecko) Chrome/86.0.4240.75 Safari/537.36','a7acf627-9108-44c0-a028-2d9bf7829108','2020-10-18 14:33:34','2020-10-18 14:33:34'),(310,'Stok Patchcord SM SX (2,0mm) FC/UPC-LC/UPC 40m Berhasil Disesuaikan','http://fibertekno.iteos.tech/apps/inventory/adjustment/store/514','POST','192.168.0.1','Mozilla/5.0 (Windows NT 10.0; Win64; x64) AppleWebKit/537.36 (KHTML, like Gecko) Chrome/86.0.4240.75 Safari/537.36','a7acf627-9108-44c0-a028-2d9bf7829108','2020-10-18 14:34:15','2020-10-18 14:34:15'),(311,'Stok Patchcord SM SX (2,0mm) LC/UPC-LC/UPC 10m Berhasil Disesuaikan','http://fibertekno.iteos.tech/apps/inventory/adjustment/store/517','POST','192.168.0.1','Mozilla/5.0 (Windows NT 10.0; Win64; x64) AppleWebKit/537.36 (KHTML, like Gecko) Chrome/86.0.4240.75 Safari/537.36','a7acf627-9108-44c0-a028-2d9bf7829108','2020-10-18 14:35:36','2020-10-18 14:35:36'),(312,'Stok Patchcord SM SX (2,0mm) LC/UPC-LC/UPC 20m Berhasil Disesuaikan','http://fibertekno.iteos.tech/apps/inventory/adjustment/store/520','POST','192.168.0.1','Mozilla/5.0 (Windows NT 10.0; Win64; x64) AppleWebKit/537.36 (KHTML, like Gecko) Chrome/86.0.4240.75 Safari/537.36','a7acf627-9108-44c0-a028-2d9bf7829108','2020-10-18 14:36:17','2020-10-18 14:36:17'),(313,'Stok Patchcord SM SX (2,0mm) LC/UPC-LC/UPC 30m Berhasil Disesuaikan','http://fibertekno.iteos.tech/apps/inventory/adjustment/store/522','POST','192.168.0.1','Mozilla/5.0 (Windows NT 10.0; Win64; x64) AppleWebKit/537.36 (KHTML, like Gecko) Chrome/86.0.4240.75 Safari/537.36','a7acf627-9108-44c0-a028-2d9bf7829108','2020-10-18 14:36:59','2020-10-18 14:36:59'),(314,'Stok Patchcord SM SX (2,0mm) LC/UPC-LC/UPC 3m Berhasil Disesuaikan','http://fibertekno.iteos.tech/apps/inventory/adjustment/store/523','POST','192.168.0.1','Mozilla/5.0 (Windows NT 10.0; Win64; x64) AppleWebKit/537.36 (KHTML, like Gecko) Chrome/86.0.4240.75 Safari/537.36','a7acf627-9108-44c0-a028-2d9bf7829108','2020-10-18 14:37:53','2020-10-18 14:37:53'),(315,'Pengajuan PR/FTI/0003/MS/X/2020 Berhasil Dibuat','http://fibertekno.iteos.tech/apps/purchase/request/store','POST','192.168.0.1','Mozilla/5.0 (Windows NT 10.0; Win64; x64) AppleWebKit/537.36 (KHTML, like Gecko) Chrome/86.0.4240.75 Safari/537.36','cb512697-44d9-4683-9bae-0a8e28a3252b','2020-10-18 14:38:25','2020-10-18 14:38:25'),(316,'Pengajuan PO/FTI/0005/MS/X/2020 Berhasil Diproses','http://fibertekno.iteos.tech/apps/purchase/request/approve/517414b6-13fa-4900-914d-3ad75d5b73d3','POST','192.168.0.1','Mozilla/5.0 (Windows NT 10.0; Win64; x64) AppleWebKit/537.36 (KHTML, like Gecko) Chrome/86.0.4240.75 Safari/537.36','cb512697-44d9-4683-9bae-0a8e28a3252b','2020-10-18 14:38:29','2020-10-18 14:38:29'),(317,'Produk Patchcord SM SX (2,0mm) LC/UPC-LC/UPC 4m berhasil disimpan','http://fibertekno.iteos.tech/apps/products/store','POST','192.168.0.1','Mozilla/5.0 (Windows NT 10.0; Win64; x64) AppleWebKit/537.36 (KHTML, like Gecko) Chrome/86.0.4240.75 Safari/537.36','a7acf627-9108-44c0-a028-2d9bf7829108','2020-10-18 14:39:19','2020-10-18 14:39:19'),(318,'Stok Patchcord SM SX (2,0mm) LC/UPC-LC/UPC 4m Berhasil Disesuaikan','http://fibertekno.iteos.tech/apps/inventory/adjustment/store/856','POST','192.168.0.1','Mozilla/5.0 (Windows NT 10.0; Win64; x64) AppleWebKit/537.36 (KHTML, like Gecko) Chrome/86.0.4240.75 Safari/537.36','a7acf627-9108-44c0-a028-2d9bf7829108','2020-10-18 14:40:07','2020-10-18 14:40:07'),(319,'User Dimas Berhasil diubah','http://fibertekno.iteos.tech/apps/users/update/45e3cf2e-1b27-43ff-b3e8-32d3695b6434','POST','192.168.0.1','Mozilla/5.0 (Windows NT 10.0; Win64; x64) AppleWebKit/537.36 (KHTML, like Gecko) Chrome/86.0.4240.75 Safari/537.36','c7e50632-3efc-4cff-99fd-2a39dee275b2','2020-10-18 14:40:11','2020-10-18 14:40:11'),(320,'Customer MEDIA DAYA SOLUSI - NP Berhasil Disimpan','http://fibertekno.iteos.tech/apps/customers/store','POST','192.168.0.1','Mozilla/5.0 (Windows NT 6.1; Win64; x64) AppleWebKit/537.36 (KHTML, like Gecko) Chrome/86.0.4240.75 Safari/537.36','f68f2a18-623f-4c1a-bfde-7f029c603a17','2020-10-18 14:40:15','2020-10-18 14:40:15'),(321,'Produk Patchcord SM SX (2,0mm) LC/UPC-LC/UPC 50m berhasil disimpan','http://fibertekno.iteos.tech/apps/products/store','POST','192.168.0.1','Mozilla/5.0 (Windows NT 10.0; Win64; x64) AppleWebKit/537.36 (KHTML, like Gecko) Chrome/86.0.4240.75 Safari/537.36','a7acf627-9108-44c0-a028-2d9bf7829108','2020-10-18 14:41:20','2020-10-18 14:41:20'),(322,'Stok Patchcord SM SX (2,0mm) LC/UPC-LC/UPC 50m Berhasil Disesuaikan','http://fibertekno.iteos.tech/apps/inventory/adjustment/store/857','POST','192.168.0.1','Mozilla/5.0 (Windows NT 10.0; Win64; x64) AppleWebKit/537.36 (KHTML, like Gecko) Chrome/86.0.4240.75 Safari/537.36','a7acf627-9108-44c0-a028-2d9bf7829108','2020-10-18 14:42:24','2020-10-18 14:42:24'),(323,'Stok Patchcord SM SX (2,0mm) LC/UPC-LC/UPC 5m Berhasil Disesuaikan','http://fibertekno.iteos.tech/apps/inventory/adjustment/store/524','POST','192.168.0.1','Mozilla/5.0 (Windows NT 10.0; Win64; x64) AppleWebKit/537.36 (KHTML, like Gecko) Chrome/86.0.4240.75 Safari/537.36','a7acf627-9108-44c0-a028-2d9bf7829108','2020-10-18 14:43:31','2020-10-18 14:43:31'),(324,'Sales Order SO/FTI/0008/YUSUP/X/2020 Berhasil Disubmit','http://fibertekno.iteos.tech/apps/sales/orders/store','POST','192.168.0.1','Mozilla/5.0 (Windows NT 6.1; Win64; x64) AppleWebKit/537.36 (KHTML, like Gecko) Chrome/86.0.4240.75 Safari/537.36','74718047-dc5d-4f47-87fc-8db9e4fdb527','2020-10-18 14:44:21','2020-10-18 14:44:21'),(325,'Produk Patchcord SM SX (2,0mm) LC/UPC-LC/UPC 70m berhasil disimpan','http://fibertekno.iteos.tech/apps/products/store','POST','192.168.0.1','Mozilla/5.0 (Windows NT 10.0; Win64; x64) AppleWebKit/537.36 (KHTML, like Gecko) Chrome/86.0.4240.75 Safari/537.36','a7acf627-9108-44c0-a028-2d9bf7829108','2020-10-18 14:44:51','2020-10-18 14:44:51'),(326,'Stok Patchcord SM SX (2,0mm) LC/UPC-LC/UPC 70m Berhasil Disesuaikan','http://fibertekno.iteos.tech/apps/inventory/adjustment/store/858','POST','192.168.0.1','Mozilla/5.0 (Windows NT 10.0; Win64; x64) AppleWebKit/537.36 (KHTML, like Gecko) Chrome/86.0.4240.75 Safari/537.36','a7acf627-9108-44c0-a028-2d9bf7829108','2020-10-18 14:45:55','2020-10-18 14:45:55'),(327,'Stok Patchcord SM SX (2,0mm) LC/UPC-LC/UPC 80m Berhasil Disesuaikan','http://fibertekno.iteos.tech/apps/inventory/adjustment/store/525','POST','192.168.0.1','Mozilla/5.0 (Windows NT 10.0; Win64; x64) AppleWebKit/537.36 (KHTML, like Gecko) Chrome/86.0.4240.75 Safari/537.36','a7acf627-9108-44c0-a028-2d9bf7829108','2020-10-18 14:47:04','2020-10-18 14:47:04'),(328,'Pembelian PO/FTI/0005/MS/X/2020 Berhasil Diterima','http://fibertekno.iteos.tech/apps/inventories/purchase-receipt/store','POST','192.168.0.1','Mozilla/5.0 (Windows NT 6.1; Win64; x64) AppleWebKit/537.36 (KHTML, like Gecko) Chrome/86.0.4240.75 Safari/537.36','071ea324-a8d2-4f79-8f8a-23c90bc191ff','2020-10-18 14:47:55','2020-10-18 14:47:55'),(329,'Produk Patchcord SM SX (2,0MM) LC/UPC-SC/UPC 20M berhasil disimpan','http://fibertekno.iteos.tech/apps/products/store','POST','192.168.0.1','Mozilla/5.0 (Windows NT 10.0; Win64; x64) AppleWebKit/537.36 (KHTML, like Gecko) Chrome/86.0.4240.75 Safari/537.36','a7acf627-9108-44c0-a028-2d9bf7829108','2020-10-18 14:48:12','2020-10-18 14:48:12'),(330,'Stok Patchcord SM SX (2,0MM) LC/UPC-SC/UPC 20M Berhasil Disesuaikan','http://fibertekno.iteos.tech/apps/inventory/adjustment/store/859','POST','192.168.0.1','Mozilla/5.0 (Windows NT 10.0; Win64; x64) AppleWebKit/537.36 (KHTML, like Gecko) Chrome/86.0.4240.75 Safari/537.36','a7acf627-9108-44c0-a028-2d9bf7829108','2020-10-18 14:49:23','2020-10-18 14:49:23'),(331,'Stok Patchcord SM SX (2,0mm) SC/APC-LC/APC 1m Berhasil Disesuaikan','http://fibertekno.iteos.tech/apps/inventory/adjustment/store/527','POST','192.168.0.1','Mozilla/5.0 (Windows NT 10.0; Win64; x64) AppleWebKit/537.36 (KHTML, like Gecko) Chrome/86.0.4240.75 Safari/537.36','a7acf627-9108-44c0-a028-2d9bf7829108','2020-10-18 14:50:01','2020-10-18 14:50:01'),(332,'Sales Order SO/FTI/0009/PT.PMS/X/2020 Berhasil Disubmit','http://fibertekno.iteos.tech/apps/sales/orders/store','POST','192.168.0.1','Mozilla/5.0 (Windows NT 6.1; Win64; x64) AppleWebKit/537.36 (KHTML, like Gecko) Chrome/86.0.4240.75 Safari/537.36','74718047-dc5d-4f47-87fc-8db9e4fdb527','2020-10-18 14:50:25','2020-10-18 14:50:25'),(333,'Stok Patchcord SM SX (2,0mm) SC/APC-LC/APC 2m Berhasil Disesuaikan','http://fibertekno.iteos.tech/apps/inventory/adjustment/store/528','POST','192.168.0.1','Mozilla/5.0 (Windows NT 10.0; Win64; x64) AppleWebKit/537.36 (KHTML, like Gecko) Chrome/86.0.4240.75 Safari/537.36','a7acf627-9108-44c0-a028-2d9bf7829108','2020-10-18 14:50:39','2020-10-18 14:50:39'),(334,'Sales Order SO/FTI/0009/PT.PMS/X/2020 Berhasil Diubah Dengan Catatan  ','http://fibertekno.iteos.tech/apps/sales/orders/update/b8c13145-f640-4f86-b07d-70064d845093','POST','192.168.0.1','Mozilla/5.0 (Windows NT 6.1; Win64; x64) AppleWebKit/537.36 (KHTML, like Gecko) Chrome/86.0.4240.75 Safari/537.36','74718047-dc5d-4f47-87fc-8db9e4fdb527','2020-10-18 14:51:07','2020-10-18 14:51:07'),(335,'Stok Patchcord SM SX (2,0mm) SC/APC-LC/APC 5m Berhasil Disesuaikan','http://fibertekno.iteos.tech/apps/inventory/adjustment/store/530','POST','192.168.0.1','Mozilla/5.0 (Windows NT 10.0; Win64; x64) AppleWebKit/537.36 (KHTML, like Gecko) Chrome/86.0.4240.75 Safari/537.36','a7acf627-9108-44c0-a028-2d9bf7829108','2020-10-18 14:51:12','2020-10-18 14:51:12'),(336,'Sales Order SO/FTI/0010/PT.MDT/X/2020 Berhasil Disubmit','http://fibertekno.iteos.tech/apps/sales/orders/store','POST','192.168.0.1','Mozilla/5.0 (Linux; Android 10; CPH1917) AppleWebKit/537.36 (KHTML, like Gecko) Chrome/85.0.4183.127 Mobile Safari/537.36','994a52f5-285e-4401-95b2-166cc353bb65','2020-10-18 14:51:47','2020-10-18 14:51:47'),(337,'Stok Patchcord SM SX (2,0mm) SC/APC-SC/APC 2m Berhasil Disesuaikan','http://fibertekno.iteos.tech/apps/inventory/adjustment/store/532','POST','192.168.0.1','Mozilla/5.0 (Windows NT 10.0; Win64; x64) AppleWebKit/537.36 (KHTML, like Gecko) Chrome/86.0.4240.75 Safari/537.36','a7acf627-9108-44c0-a028-2d9bf7829108','2020-10-18 14:51:53','2020-10-18 14:51:53'),(338,'Produk AC 1/2 PK Berhasil Diubah','http://fibertekno.iteos.tech/apps/products/update/5d9aaffa-33c0-11ea-aec2-2e728ce88125','POST','192.168.0.1','Mozilla/5.0 (Windows NT 10.0; Win64; x64) AppleWebKit/537.36 (KHTML, like Gecko) Chrome/86.0.4240.75 Safari/537.36','45e3cf2e-1b27-43ff-b3e8-32d3695b6434','2020-10-18 14:52:21','2020-10-18 14:52:21'),(339,'Stok Patchcord SM SX (2,0mm) SC/APC-SC/UPC 1m Berhasil Disesuaikan','http://fibertekno.iteos.tech/apps/inventory/adjustment/store/534','POST','192.168.0.1','Mozilla/5.0 (Windows NT 10.0; Win64; x64) AppleWebKit/537.36 (KHTML, like Gecko) Chrome/86.0.4240.75 Safari/537.36','a7acf627-9108-44c0-a028-2d9bf7829108','2020-10-18 14:52:37','2020-10-18 14:52:37'),(340,'Sales Order SO/FTI/0010/PT.MDT/X/2020 Berhasil Ditolak','http://fibertekno.iteos.tech/apps/sales/orders/rejected/d6362878-6053-473e-b09b-ef793791e795','POST','192.168.0.1','Mozilla/5.0 (Linux; Android 10; CPH1917) AppleWebKit/537.36 (KHTML, like Gecko) Chrome/85.0.4183.127 Mobile Safari/537.36','994a52f5-285e-4401-95b2-166cc353bb65','2020-10-18 14:52:41','2020-10-18 14:52:41'),(341,'Sales Order SO/FTI/0010/PT.MDT/X/2020 Berhasil Ditolak','http://fibertekno.iteos.tech/apps/sales/orders/rejected/d6362878-6053-473e-b09b-ef793791e795','POST','192.168.0.1','Mozilla/5.0 (Linux; Android 10; CPH1917) AppleWebKit/537.36 (KHTML, like Gecko) Chrome/85.0.4183.127 Mobile Safari/537.36','994a52f5-285e-4401-95b2-166cc353bb65','2020-10-18 14:52:54','2020-10-18 14:52:54'),(342,'Sales Order SO/FTI/0010/PT.MDT/X/2020 Berhasil Ditolak','http://fibertekno.iteos.tech/apps/sales/orders/rejected/d6362878-6053-473e-b09b-ef793791e795','POST','192.168.0.1','Mozilla/5.0 (Linux; Android 10; CPH1917) AppleWebKit/537.36 (KHTML, like Gecko) Chrome/85.0.4183.127 Mobile Safari/537.36','994a52f5-285e-4401-95b2-166cc353bb65','2020-10-18 14:53:05','2020-10-18 14:53:05'),(343,'Stok Patchcord SM SX (2,0mm) SC/UPC-LC/UPC 1m Berhasil Disesuaikan','http://fibertekno.iteos.tech/apps/inventory/adjustment/store/539','POST','192.168.0.1','Mozilla/5.0 (Windows NT 10.0; Win64; x64) AppleWebKit/537.36 (KHTML, like Gecko) Chrome/86.0.4240.75 Safari/537.36','a7acf627-9108-44c0-a028-2d9bf7829108','2020-10-18 14:53:22','2020-10-18 14:53:22'),(344,'Sales Order SO/FTI/0010/PT.MDT/X/2020 Berhasil Diubah Dengan Catatan  ','http://fibertekno.iteos.tech/apps/sales/orders/update/d6362878-6053-473e-b09b-ef793791e795','POST','192.168.0.1','Mozilla/5.0 (Windows NT 6.1; Win64; x64) AppleWebKit/537.36 (KHTML, like Gecko) Chrome/86.0.4240.75 Safari/537.36','74718047-dc5d-4f47-87fc-8db9e4fdb527','2020-10-18 14:53:47','2020-10-18 14:53:47'),(345,'Stok Patchcord SM SX (2,0mm) SC/UPC-LC/UPC 2m Berhasil Disesuaikan','http://fibertekno.iteos.tech/apps/inventory/adjustment/store/541','POST','192.168.0.1','Mozilla/5.0 (Windows NT 10.0; Win64; x64) AppleWebKit/537.36 (KHTML, like Gecko) Chrome/86.0.4240.75 Safari/537.36','a7acf627-9108-44c0-a028-2d9bf7829108','2020-10-18 14:53:54','2020-10-18 14:53:54'),(346,'Sales Order SO/FTI/0010/PT.MDT/X/2020 Berhasil Ditolak','http://fibertekno.iteos.tech/apps/sales/orders/rejected/d6362878-6053-473e-b09b-ef793791e795','POST','192.168.0.1','Mozilla/5.0 (Linux; Android 10; CPH1917) AppleWebKit/537.36 (KHTML, like Gecko) Chrome/85.0.4183.127 Mobile Safari/537.36','994a52f5-285e-4401-95b2-166cc353bb65','2020-10-18 14:54:08','2020-10-18 14:54:08'),(347,'Stok Patchcord SM SX (2,0mm) SC/UPC-LC/UPC 30m Berhasil Disesuaikan','http://fibertekno.iteos.tech/apps/inventory/adjustment/store/542','POST','192.168.0.1','Mozilla/5.0 (Windows NT 10.0; Win64; x64) AppleWebKit/537.36 (KHTML, like Gecko) Chrome/86.0.4240.75 Safari/537.36','a7acf627-9108-44c0-a028-2d9bf7829108','2020-10-18 14:54:34','2020-10-18 14:54:34'),(348,'Stok Patchcord SM SX (2,0mm) SC/UPC-LC/UPC 5m Berhasil Disesuaikan','http://fibertekno.iteos.tech/apps/inventory/adjustment/store/544','POST','192.168.0.1','Mozilla/5.0 (Windows NT 10.0; Win64; x64) AppleWebKit/537.36 (KHTML, like Gecko) Chrome/86.0.4240.75 Safari/537.36','a7acf627-9108-44c0-a028-2d9bf7829108','2020-10-18 14:55:20','2020-10-18 14:55:20'),(349,'Sales Order SO/FTI/0010/PT.MDT/X/2020 Berhasil Ditolak','http://fibertekno.iteos.tech/apps/sales/orders/rejected/d6362878-6053-473e-b09b-ef793791e795','POST','192.168.0.1','Mozilla/5.0 (Linux; Android 10; CPH1917) AppleWebKit/537.36 (KHTML, like Gecko) Chrome/85.0.4183.127 Mobile Safari/537.36','994a52f5-285e-4401-95b2-166cc353bb65','2020-10-18 14:55:42','2020-10-18 14:55:42'),(350,'Stok Patchcord SM SX (2,0mm) SC/UPC-SC/UPC 10m Berhasil Disesuaikan','http://fibertekno.iteos.tech/apps/inventory/adjustment/store/547','POST','192.168.0.1','Mozilla/5.0 (Windows NT 10.0; Win64; x64) AppleWebKit/537.36 (KHTML, like Gecko) Chrome/86.0.4240.75 Safari/537.36','a7acf627-9108-44c0-a028-2d9bf7829108','2020-10-18 14:56:39','2020-10-18 14:56:39'),(351,'Customer PT. INTERNET MADJU ABAD MILENINDO - NP Berhasil Diubah','http://fibertekno.iteos.tech/apps/customers/update/e3fa93f6-516a-4711-b807-5db3382b406d','POST','192.168.0.1','Mozilla/5.0 (Windows NT 6.1; Win64; x64) AppleWebKit/537.36 (KHTML, like Gecko) Chrome/86.0.4240.75 Safari/537.36','f68f2a18-623f-4c1a-bfde-7f029c603a17','2020-10-18 14:57:05','2020-10-18 14:57:05'),(352,'Stok Patchcord SM SX (2,0mm) SC/UPC-SC/UPC 20m Berhasil Disesuaikan','http://fibertekno.iteos.tech/apps/inventory/adjustment/store/549','POST','192.168.0.1','Mozilla/5.0 (Windows NT 10.0; Win64; x64) AppleWebKit/537.36 (KHTML, like Gecko) Chrome/86.0.4240.75 Safari/537.36','a7acf627-9108-44c0-a028-2d9bf7829108','2020-10-18 14:57:15','2020-10-18 14:57:15'),(353,'Sales Order SO/FTI/0010/PT.MDT/X/2020 Berhasil Ditolak','http://fibertekno.iteos.tech/apps/sales/orders/rejected/d6362878-6053-473e-b09b-ef793791e795','POST','192.168.0.1','Mozilla/5.0 (Windows NT 6.1; Win64; x64) AppleWebKit/537.36 (KHTML, like Gecko) Chrome/86.0.4240.75 Safari/537.36','f68f2a18-623f-4c1a-bfde-7f029c603a17','2020-10-18 14:57:39','2020-10-18 14:57:39'),(354,'Sales Order SO/FTI/0009/PT.PMS/X/2020 Berhasil Diproses','http://fibertekno.iteos.tech/apps/sales/orders/approve/b8c13145-f640-4f86-b07d-70064d845093','POST','192.168.0.1','Mozilla/5.0 (Windows NT 6.1; Win64; x64) AppleWebKit/537.36 (KHTML, like Gecko) Chrome/86.0.4240.75 Safari/537.36','f68f2a18-623f-4c1a-bfde-7f029c603a17','2020-10-18 14:59:09','2020-10-18 14:59:09'),(355,'Stok Patchcord SM SX (2,0mm) SC/UPC-SC/UPC 30m Berhasil Disesuaikan','http://fibertekno.iteos.tech/apps/inventory/adjustment/store/551','POST','192.168.0.1','Mozilla/5.0 (Windows NT 10.0; Win64; x64) AppleWebKit/537.36 (KHTML, like Gecko) Chrome/86.0.4240.75 Safari/537.36','a7acf627-9108-44c0-a028-2d9bf7829108','2020-10-18 14:59:38','2020-10-18 14:59:38'),(356,'Stok Patchcord SM SX (2,0mm) SC/UPC-SC/UPC 5m Berhasil Disesuaikan','http://fibertekno.iteos.tech/apps/inventory/adjustment/store/553','POST','192.168.0.1','Mozilla/5.0 (Windows NT 10.0; Win64; x64) AppleWebKit/537.36 (KHTML, like Gecko) Chrome/86.0.4240.75 Safari/537.36','a7acf627-9108-44c0-a028-2d9bf7829108','2020-10-18 15:00:17','2020-10-18 15:00:17'),(357,'Produk Patchcord SM SX 3.mm FC/UPC-FC/UPC 15M berhasil disimpan','http://fibertekno.iteos.tech/apps/products/store','POST','192.168.0.1','Mozilla/5.0 (Windows NT 6.1; Win64; x64) AppleWebKit/537.36 (KHTML, like Gecko) Chrome/86.0.4240.75 Safari/537.36','071ea324-a8d2-4f79-8f8a-23c90bc191ff','2020-10-18 15:00:32','2020-10-18 15:00:32'),(358,'Stok Patchcord SM SX (3,0mm) FC/UPC-FC/UPC 10m Berhasil Disesuaikan','http://fibertekno.iteos.tech/apps/inventory/adjustment/store/554','POST','192.168.0.1','Mozilla/5.0 (Windows NT 10.0; Win64; x64) AppleWebKit/537.36 (KHTML, like Gecko) Chrome/86.0.4240.75 Safari/537.36','a7acf627-9108-44c0-a028-2d9bf7829108','2020-10-18 15:00:46','2020-10-18 15:00:46'),(359,'Stok Patchcord SM SX 3.mm FC/UPC-FC/UPC 15M Berhasil Disesuaikan','http://fibertekno.iteos.tech/apps/inventory/adjustment/store/860','POST','192.168.0.1','Mozilla/5.0 (Windows NT 6.1; Win64; x64) AppleWebKit/537.36 (KHTML, like Gecko) Chrome/86.0.4240.75 Safari/537.36','071ea324-a8d2-4f79-8f8a-23c90bc191ff','2020-10-18 15:01:20','2020-10-18 15:01:20'),(360,'Stok Patchcord SM SX (3,0mm) FC/UPC-FC/UPC 20m Berhasil Disesuaikan','http://fibertekno.iteos.tech/apps/inventory/adjustment/store/555','POST','192.168.0.1','Mozilla/5.0 (Windows NT 10.0; Win64; x64) AppleWebKit/537.36 (KHTML, like Gecko) Chrome/86.0.4240.75 Safari/537.36','a7acf627-9108-44c0-a028-2d9bf7829108','2020-10-18 15:01:20','2020-10-18 15:01:20'),(361,'Stok Patchcord SM SX (3,0mm) FC/UPC-FC/UPC 5m Berhasil Disesuaikan','http://fibertekno.iteos.tech/apps/inventory/adjustment/store/556','POST','192.168.0.1','Mozilla/5.0 (Windows NT 10.0; Win64; x64) AppleWebKit/537.36 (KHTML, like Gecko) Chrome/86.0.4240.75 Safari/537.36','a7acf627-9108-44c0-a028-2d9bf7829108','2020-10-18 15:01:43','2020-10-18 15:01:43'),(362,'Stok Patchcord SM SX (3,0mm) FC/UPC-LC/UPC 10m Berhasil Disesuaikan','http://fibertekno.iteos.tech/apps/inventory/adjustment/store/557','POST','192.168.0.1','Mozilla/5.0 (Windows NT 10.0; Win64; x64) AppleWebKit/537.36 (KHTML, like Gecko) Chrome/86.0.4240.75 Safari/537.36','a7acf627-9108-44c0-a028-2d9bf7829108','2020-10-18 15:02:16','2020-10-18 15:02:16'),(363,'Produk Patchcord SM SX LC/UPC-FC/UPC (2,mm) 10M berhasil disimpan','http://fibertekno.iteos.tech/apps/products/store','POST','192.168.0.1','Mozilla/5.0 (Windows NT 6.1; Win64; x64) AppleWebKit/537.36 (KHTML, like Gecko) Chrome/86.0.4240.75 Safari/537.36','071ea324-a8d2-4f79-8f8a-23c90bc191ff','2020-10-18 15:03:36','2020-10-18 15:03:36'),(364,'Stok Patchcord SM SX (3,0mm) LC/UPC-LC/UPC 10m Berhasil Disesuaikan','http://fibertekno.iteos.tech/apps/inventory/adjustment/store/563','POST','192.168.0.1','Mozilla/5.0 (Windows NT 10.0; Win64; x64) AppleWebKit/537.36 (KHTML, like Gecko) Chrome/86.0.4240.75 Safari/537.36','a7acf627-9108-44c0-a028-2d9bf7829108','2020-10-18 15:03:42','2020-10-18 15:03:42'),(365,'Stok Patchcord SM SX LC/UPC-FC/UPC (2,mm) 10M Berhasil Disesuaikan','http://fibertekno.iteos.tech/apps/inventory/adjustment/store/861','POST','192.168.0.1','Mozilla/5.0 (Windows NT 6.1; Win64; x64) AppleWebKit/537.36 (KHTML, like Gecko) Chrome/86.0.4240.75 Safari/537.36','071ea324-a8d2-4f79-8f8a-23c90bc191ff','2020-10-18 15:04:14','2020-10-18 15:04:14'),(366,'Stok Patchcord SM SX (3,0mm) LC/UPC-LC/UPC 20m Berhasil Disesuaikan','http://fibertekno.iteos.tech/apps/inventory/adjustment/store/565','POST','192.168.0.1','Mozilla/5.0 (Windows NT 10.0; Win64; x64) AppleWebKit/537.36 (KHTML, like Gecko) Chrome/86.0.4240.75 Safari/537.36','a7acf627-9108-44c0-a028-2d9bf7829108','2020-10-18 15:04:34','2020-10-18 15:04:34'),(367,'Stok Patchcord SM SX (3,0mm) LC/UPC-LC/UPC 30m Berhasil Disesuaikan','http://fibertekno.iteos.tech/apps/inventory/adjustment/store/566','POST','192.168.0.1','Mozilla/5.0 (Windows NT 10.0; Win64; x64) AppleWebKit/537.36 (KHTML, like Gecko) Chrome/86.0.4240.75 Safari/537.36','a7acf627-9108-44c0-a028-2d9bf7829108','2020-10-18 15:05:14','2020-10-18 15:05:14'),(368,'Produk Patchcord SM SX LC/UPC-FC/UPC (2,mm) 15M berhasil disimpan','http://fibertekno.iteos.tech/apps/products/store','POST','192.168.0.1','Mozilla/5.0 (Windows NT 6.1; Win64; x64) AppleWebKit/537.36 (KHTML, like Gecko) Chrome/86.0.4240.75 Safari/537.36','071ea324-a8d2-4f79-8f8a-23c90bc191ff','2020-10-18 15:05:25','2020-10-18 15:05:25'),(369,'Stok Patchcord SM SX (3,0mm) LC/UPC-LC/UPC 5m Berhasil Disesuaikan','http://fibertekno.iteos.tech/apps/inventory/adjustment/store/567','POST','192.168.0.1','Mozilla/5.0 (Windows NT 10.0; Win64; x64) AppleWebKit/537.36 (KHTML, like Gecko) Chrome/86.0.4240.75 Safari/537.36','a7acf627-9108-44c0-a028-2d9bf7829108','2020-10-18 15:05:54','2020-10-18 15:05:54'),(370,'Stok Patchcord SM SX LC/UPC-FC/UPC (2,mm) 15M Berhasil Disesuaikan','http://fibertekno.iteos.tech/apps/inventory/adjustment/store/862','POST','192.168.0.1','Mozilla/5.0 (Windows NT 6.1; Win64; x64) AppleWebKit/537.36 (KHTML, like Gecko) Chrome/86.0.4240.75 Safari/537.36','071ea324-a8d2-4f79-8f8a-23c90bc191ff','2020-10-18 15:06:12','2020-10-18 15:06:12'),(371,'Stok Patchcord SM SX (3,0mm) SC/APC-FC/UPC 20m Berhasil Disesuaikan','http://fibertekno.iteos.tech/apps/inventory/adjustment/store/568','POST','192.168.0.1','Mozilla/5.0 (Windows NT 10.0; Win64; x64) AppleWebKit/537.36 (KHTML, like Gecko) Chrome/86.0.4240.75 Safari/537.36','a7acf627-9108-44c0-a028-2d9bf7829108','2020-10-18 15:06:27','2020-10-18 15:06:27'),(372,'Stok Patchcord SM SX (3,0mm) SC/APC-LC/UPC 10m Berhasil Disesuaikan','http://fibertekno.iteos.tech/apps/inventory/adjustment/store/569','POST','192.168.0.1','Mozilla/5.0 (Windows NT 10.0; Win64; x64) AppleWebKit/537.36 (KHTML, like Gecko) Chrome/86.0.4240.75 Safari/537.36','a7acf627-9108-44c0-a028-2d9bf7829108','2020-10-18 15:06:58','2020-10-18 15:06:58'),(373,'Produk Patchcord SM SX LC/UPC-FC/UPC (2,mm) 20M berhasil disimpan','http://fibertekno.iteos.tech/apps/products/store','POST','192.168.0.1','Mozilla/5.0 (Windows NT 6.1; Win64; x64) AppleWebKit/537.36 (KHTML, like Gecko) Chrome/86.0.4240.75 Safari/537.36','071ea324-a8d2-4f79-8f8a-23c90bc191ff','2020-10-18 15:07:22','2020-10-18 15:07:22'),(374,'Stok Patchcord SM SX (3,0mm) SC/APC-SC/APC 10m Berhasil Disesuaikan','http://fibertekno.iteos.tech/apps/inventory/adjustment/store/570','POST','192.168.0.1','Mozilla/5.0 (Windows NT 10.0; Win64; x64) AppleWebKit/537.36 (KHTML, like Gecko) Chrome/86.0.4240.75 Safari/537.36','a7acf627-9108-44c0-a028-2d9bf7829108','2020-10-18 15:07:34','2020-10-18 15:07:34'),(375,'Stok Patchcord SM SX LC/UPC-FC/UPC (2,mm) 20M Berhasil Disesuaikan','http://fibertekno.iteos.tech/apps/inventory/adjustment/store/863','POST','192.168.0.1','Mozilla/5.0 (Windows NT 6.1; Win64; x64) AppleWebKit/537.36 (KHTML, like Gecko) Chrome/86.0.4240.75 Safari/537.36','071ea324-a8d2-4f79-8f8a-23c90bc191ff','2020-10-18 15:07:53','2020-10-18 15:07:53'),(376,'Stok Patchcord SM SX (3,0mm) SC/APC-SC/APC 2m Berhasil Disesuaikan','http://fibertekno.iteos.tech/apps/inventory/adjustment/store/571','POST','192.168.0.1','Mozilla/5.0 (Windows NT 10.0; Win64; x64) AppleWebKit/537.36 (KHTML, like Gecko) Chrome/86.0.4240.75 Safari/537.36','a7acf627-9108-44c0-a028-2d9bf7829108','2020-10-18 15:08:17','2020-10-18 15:08:17'),(377,'Stok Patchcord SM SX (3,0mm) SC/APC-SC/APC 5m Berhasil Disesuaikan','http://fibertekno.iteos.tech/apps/inventory/adjustment/store/573','POST','192.168.0.1','Mozilla/5.0 (Windows NT 10.0; Win64; x64) AppleWebKit/537.36 (KHTML, like Gecko) Chrome/86.0.4240.75 Safari/537.36','a7acf627-9108-44c0-a028-2d9bf7829108','2020-10-18 15:08:56','2020-10-18 15:08:56'),(378,'Produk Patchcord SM SX LC/UPC-FC/UPC (2,mm) 30M berhasil disimpan','http://fibertekno.iteos.tech/apps/products/store','POST','192.168.0.1','Mozilla/5.0 (Windows NT 6.1; Win64; x64) AppleWebKit/537.36 (KHTML, like Gecko) Chrome/86.0.4240.75 Safari/537.36','071ea324-a8d2-4f79-8f8a-23c90bc191ff','2020-10-18 15:09:01','2020-10-18 15:09:01'),(379,'Stok Patchcord SM SX (3,0mm) SC/UPC-FC/UPC 20m Berhasil Disesuaikan','http://fibertekno.iteos.tech/apps/inventory/adjustment/store/574','POST','192.168.0.1','Mozilla/5.0 (Windows NT 10.0; Win64; x64) AppleWebKit/537.36 (KHTML, like Gecko) Chrome/86.0.4240.75 Safari/537.36','a7acf627-9108-44c0-a028-2d9bf7829108','2020-10-18 15:09:32','2020-10-18 15:09:32'),(380,'Stok Patchcord SM SX LC/UPC-FC/UPC (2,mm) 30M Berhasil Disesuaikan','http://fibertekno.iteos.tech/apps/inventory/adjustment/store/864','POST','192.168.0.1','Mozilla/5.0 (Windows NT 6.1; Win64; x64) AppleWebKit/537.36 (KHTML, like Gecko) Chrome/86.0.4240.75 Safari/537.36','071ea324-a8d2-4f79-8f8a-23c90bc191ff','2020-10-18 15:09:42','2020-10-18 15:09:42'),(381,'Stok Patchcord SM SX (3,0mm) SC/UPC-FC/UPC 3m Berhasil Disesuaikan','http://fibertekno.iteos.tech/apps/inventory/adjustment/store/575','POST','192.168.0.1','Mozilla/5.0 (Windows NT 10.0; Win64; x64) AppleWebKit/537.36 (KHTML, like Gecko) Chrome/86.0.4240.75 Safari/537.36','a7acf627-9108-44c0-a028-2d9bf7829108','2020-10-18 15:10:02','2020-10-18 15:10:02'),(382,'Produk Patchcord SM SX LC/UPC-FC/UPC (2,mm) 40M berhasil disimpan','http://fibertekno.iteos.tech/apps/products/store','POST','192.168.0.1','Mozilla/5.0 (Windows NT 6.1; Win64; x64) AppleWebKit/537.36 (KHTML, like Gecko) Chrome/86.0.4240.75 Safari/537.36','071ea324-a8d2-4f79-8f8a-23c90bc191ff','2020-10-18 15:10:36','2020-10-18 15:10:36'),(383,'Stok Patchcord SM SX (3,0mm) SC/UPC-LC/UPC 5m Berhasil Disesuaikan','http://fibertekno.iteos.tech/apps/inventory/adjustment/store/577','POST','192.168.0.1','Mozilla/5.0 (Windows NT 10.0; Win64; x64) AppleWebKit/537.36 (KHTML, like Gecko) Chrome/86.0.4240.75 Safari/537.36','a7acf627-9108-44c0-a028-2d9bf7829108','2020-10-18 15:10:54','2020-10-18 15:10:54'),(384,'Stok Patchcord SM SX LC/UPC-FC/UPC (2,mm) 40M Berhasil Disesuaikan','http://fibertekno.iteos.tech/apps/inventory/adjustment/store/865','POST','192.168.0.1','Mozilla/5.0 (Windows NT 6.1; Win64; x64) AppleWebKit/537.36 (KHTML, like Gecko) Chrome/86.0.4240.75 Safari/537.36','071ea324-a8d2-4f79-8f8a-23c90bc191ff','2020-10-18 15:11:25','2020-10-18 15:11:25'),(385,'Stok Patchcord SM SX (3,0mm) SC/UPC-SC/UPC 10m Berhasil Disesuaikan','http://fibertekno.iteos.tech/apps/inventory/adjustment/store/581','POST','192.168.0.1','Mozilla/5.0 (Windows NT 10.0; Win64; x64) AppleWebKit/537.36 (KHTML, like Gecko) Chrome/86.0.4240.75 Safari/537.36','a7acf627-9108-44c0-a028-2d9bf7829108','2020-10-18 15:11:30','2020-10-18 15:11:30'),(386,'Stok Patchcord SM SX (3,0mm) SC/UPC-SC/UPC 15m Berhasil Disesuaikan','http://fibertekno.iteos.tech/apps/inventory/adjustment/store/582','POST','192.168.0.1','Mozilla/5.0 (Windows NT 10.0; Win64; x64) AppleWebKit/537.36 (KHTML, like Gecko) Chrome/86.0.4240.75 Safari/537.36','a7acf627-9108-44c0-a028-2d9bf7829108','2020-10-18 15:12:01','2020-10-18 15:12:01'),(387,'Stok Patchcord SM SX (3,0mm) SC/UPC-SC/UPC 2m Berhasil Disesuaikan','http://fibertekno.iteos.tech/apps/inventory/adjustment/store/585','POST','192.168.0.1','Mozilla/5.0 (Windows NT 10.0; Win64; x64) AppleWebKit/537.36 (KHTML, like Gecko) Chrome/86.0.4240.75 Safari/537.36','a7acf627-9108-44c0-a028-2d9bf7829108','2020-10-18 15:12:35','2020-10-18 15:12:35'),(388,'Stok Patchcord SM SX (3,0mm) SC/UPC-SC/UPC 5m Berhasil Disesuaikan','http://fibertekno.iteos.tech/apps/inventory/adjustment/store/587','POST','192.168.0.1','Mozilla/5.0 (Windows NT 10.0; Win64; x64) AppleWebKit/537.36 (KHTML, like Gecko) Chrome/86.0.4240.75 Safari/537.36','a7acf627-9108-44c0-a028-2d9bf7829108','2020-10-18 15:13:09','2020-10-18 15:13:09'),(389,'Produk Patchcord SM SX SC/APC-SC/UPC (3,mm) 1M berhasil disimpan','http://fibertekno.iteos.tech/apps/products/store','POST','192.168.0.1','Mozilla/5.0 (Windows NT 6.1; Win64; x64) AppleWebKit/537.36 (KHTML, like Gecko) Chrome/86.0.4240.75 Safari/537.36','071ea324-a8d2-4f79-8f8a-23c90bc191ff','2020-10-18 15:13:30','2020-10-18 15:13:30'),(390,'Stok Patchcord SM SX SC/APC-SC/UPC (3,mm) 1M Berhasil Disesuaikan','http://fibertekno.iteos.tech/apps/inventory/adjustment/store/866','POST','192.168.0.1','Mozilla/5.0 (Windows NT 6.1; Win64; x64) AppleWebKit/537.36 (KHTML, like Gecko) Chrome/86.0.4240.75 Safari/537.36','071ea324-a8d2-4f79-8f8a-23c90bc191ff','2020-10-18 15:14:03','2020-10-18 15:14:03'),(391,'Produk Patchcord SM SX 2,mm FC/APC-FC/APC 1m berhasil disimpan','http://fibertekno.iteos.tech/apps/products/store','POST','192.168.0.1','Mozilla/5.0 (Windows NT 10.0; Win64; x64) AppleWebKit/537.36 (KHTML, like Gecko) Chrome/86.0.4240.75 Safari/537.36','a7acf627-9108-44c0-a028-2d9bf7829108','2020-10-18 15:14:08','2020-10-18 15:14:08'),(392,'Stok Patchcord SM SX 2,mm FC/APC-FC/APC 1m Berhasil Disesuaikan','http://fibertekno.iteos.tech/apps/inventory/adjustment/store/867','POST','192.168.0.1','Mozilla/5.0 (Windows NT 10.0; Win64; x64) AppleWebKit/537.36 (KHTML, like Gecko) Chrome/86.0.4240.75 Safari/537.36','a7acf627-9108-44c0-a028-2d9bf7829108','2020-10-18 15:14:50','2020-10-18 15:14:50'),(393,'Produk Patchcord SM SX SC/UPC-LC/UPC (2,mm) 1,5M berhasil disimpan','http://fibertekno.iteos.tech/apps/products/store','POST','192.168.0.1','Mozilla/5.0 (Windows NT 6.1; Win64; x64) AppleWebKit/537.36 (KHTML, like Gecko) Chrome/86.0.4240.75 Safari/537.36','071ea324-a8d2-4f79-8f8a-23c90bc191ff','2020-10-18 15:15:34','2020-10-18 15:15:34'),(394,'Produk Patchcord SM SX 2,mm FC/UPC-LC/UPC 20M berhasil disimpan','http://fibertekno.iteos.tech/apps/products/store','POST','192.168.0.1','Mozilla/5.0 (Windows NT 10.0; Win64; x64) AppleWebKit/537.36 (KHTML, like Gecko) Chrome/86.0.4240.75 Safari/537.36','a7acf627-9108-44c0-a028-2d9bf7829108','2020-10-18 15:15:46','2020-10-18 15:15:46'),(395,'Stok Patchcord SM SX 2,mm FC/UPC-LC/UPC 20M Berhasil Disesuaikan','http://fibertekno.iteos.tech/apps/inventory/adjustment/store/869','POST','192.168.0.1','Mozilla/5.0 (Windows NT 10.0; Win64; x64) AppleWebKit/537.36 (KHTML, like Gecko) Chrome/86.0.4240.75 Safari/537.36','a7acf627-9108-44c0-a028-2d9bf7829108','2020-10-18 15:16:19','2020-10-18 15:16:19'),(396,'Produk Patchcord SM SX 2,mm LC/UPC-LC/UPC 3m berhasil disimpan','http://fibertekno.iteos.tech/apps/products/store','POST','192.168.0.1','Mozilla/5.0 (Windows NT 10.0; Win64; x64) AppleWebKit/537.36 (KHTML, like Gecko) Chrome/86.0.4240.75 Safari/537.36','a7acf627-9108-44c0-a028-2d9bf7829108','2020-10-18 15:17:13','2020-10-18 15:17:13'),(397,'Stok Patchcord SM SX 2,mm LC/UPC-LC/UPC 3m Berhasil Disesuaikan','http://fibertekno.iteos.tech/apps/inventory/adjustment/store/870','POST','192.168.0.1','Mozilla/5.0 (Windows NT 10.0; Win64; x64) AppleWebKit/537.36 (KHTML, like Gecko) Chrome/86.0.4240.75 Safari/537.36','a7acf627-9108-44c0-a028-2d9bf7829108','2020-10-18 15:17:46','2020-10-18 15:17:46'),(398,'Stok Patchcord SM SX SC/UPC-LC/UPC (2,mm) 1,5M Berhasil Disesuaikan','http://fibertekno.iteos.tech/apps/inventory/adjustment/store/868','POST','192.168.0.1','Mozilla/5.0 (Windows NT 6.1; Win64; x64) AppleWebKit/537.36 (KHTML, like Gecko) Chrome/86.0.4240.75 Safari/537.36','071ea324-a8d2-4f79-8f8a-23c90bc191ff','2020-10-18 15:17:52','2020-10-18 15:17:52'),(399,'Produk Patchcord SM SX 2,mm SC/APC-SC/UPC 2m berhasil disimpan','http://fibertekno.iteos.tech/apps/products/store','POST','192.168.0.1','Mozilla/5.0 (Windows NT 10.0; Win64; x64) AppleWebKit/537.36 (KHTML, like Gecko) Chrome/86.0.4240.75 Safari/537.36','a7acf627-9108-44c0-a028-2d9bf7829108','2020-10-18 15:18:39','2020-10-18 15:18:39'),(400,'Stok Patchcord SM SX 2,mm SC/APC-SC/UPC 2m Berhasil Disesuaikan','http://fibertekno.iteos.tech/apps/inventory/adjustment/store/871','POST','192.168.0.1','Mozilla/5.0 (Windows NT 10.0; Win64; x64) AppleWebKit/537.36 (KHTML, like Gecko) Chrome/86.0.4240.75 Safari/537.36','a7acf627-9108-44c0-a028-2d9bf7829108','2020-10-18 15:19:08','2020-10-18 15:19:08'),(401,'Produk Patchcord SM SX 2,mm SC/UPC-LC/UPC 7m berhasil disimpan','http://fibertekno.iteos.tech/apps/products/store','POST','192.168.0.1','Mozilla/5.0 (Windows NT 10.0; Win64; x64) AppleWebKit/537.36 (KHTML, like Gecko) Chrome/86.0.4240.75 Safari/537.36','a7acf627-9108-44c0-a028-2d9bf7829108','2020-10-18 15:19:58','2020-10-18 15:19:58'),(402,'Stok Pigtail MM OM2 SX (2,0mm) LC/UPC 27m Berhasil Disesuaikan','http://fibertekno.iteos.tech/apps/inventory/adjustment/store/599','POST','192.168.0.1','Mozilla/5.0 (Windows NT 6.1; Win64; x64) AppleWebKit/537.36 (KHTML, like Gecko) Chrome/86.0.4240.75 Safari/537.36','071ea324-a8d2-4f79-8f8a-23c90bc191ff','2020-10-18 15:20:17','2020-10-18 15:20:17'),(403,'Stok Pigtail SM SX (2,0mm) SC/APC 1,5m Berhasil Disesuaikan','http://fibertekno.iteos.tech/apps/inventory/adjustment/store/633','POST','192.168.0.1','Mozilla/5.0 (Windows NT 6.1; Win64; x64) AppleWebKit/537.36 (KHTML, like Gecko) Chrome/86.0.4240.75 Safari/537.36','071ea324-a8d2-4f79-8f8a-23c90bc191ff','2020-10-18 15:20:56','2020-10-18 15:20:56'),(404,'Stok Patchcord SM SX 2,mm SC/UPC-LC/UPC 7m Berhasil Disesuaikan','http://fibertekno.iteos.tech/apps/inventory/adjustment/store/872','POST','192.168.0.1','Mozilla/5.0 (Windows NT 10.0; Win64; x64) AppleWebKit/537.36 (KHTML, like Gecko) Chrome/86.0.4240.75 Safari/537.36','a7acf627-9108-44c0-a028-2d9bf7829108','2020-10-18 15:21:03','2020-10-18 15:21:03'),(405,'Customer BUMI DAYA PLAZA - NP Berhasil Disimpan','http://fibertekno.iteos.tech/apps/customers/store','POST','192.168.0.1','Mozilla/5.0 (Windows NT 6.1; Win64; x64) AppleWebKit/537.36 (KHTML, like Gecko) Chrome/86.0.4240.75 Safari/537.36','f68f2a18-623f-4c1a-bfde-7f029c603a17','2020-10-18 15:21:48','2020-10-18 15:21:48'),(406,'Produk Patchcord SM SX 2,mm SC/UPC-SC/UPC 1,5m berhasil disimpan','http://fibertekno.iteos.tech/apps/products/store','POST','192.168.0.1','Mozilla/5.0 (Windows NT 10.0; Win64; x64) AppleWebKit/537.36 (KHTML, like Gecko) Chrome/86.0.4240.75 Safari/537.36','a7acf627-9108-44c0-a028-2d9bf7829108','2020-10-18 15:21:55','2020-10-18 15:21:55'),(407,'Customer BUMI DAYA PLAZA - P Berhasil Diubah','http://fibertekno.iteos.tech/apps/customers/update/d194dcda-67de-4561-8a26-64511a2d02ec','POST','192.168.0.1','Mozilla/5.0 (Windows NT 6.1; Win64; x64) AppleWebKit/537.36 (KHTML, like Gecko) Chrome/86.0.4240.75 Safari/537.36','f68f2a18-623f-4c1a-bfde-7f029c603a17','2020-10-18 15:22:29','2020-10-18 15:22:29'),(408,'Stok Patchcord SM SX 2,mm SC/UPC-SC/UPC 1,5m Berhasil Disesuaikan','http://fibertekno.iteos.tech/apps/inventory/adjustment/store/873','POST','192.168.0.1','Mozilla/5.0 (Windows NT 10.0; Win64; x64) AppleWebKit/537.36 (KHTML, like Gecko) Chrome/86.0.4240.75 Safari/537.36','a7acf627-9108-44c0-a028-2d9bf7829108','2020-10-18 15:22:31','2020-10-18 15:22:31'),(409,'Customer BUMI DAYA PLAZA - P Berhasil Diubah','http://fibertekno.iteos.tech/apps/customers/update/d194dcda-67de-4561-8a26-64511a2d02ec','POST','192.168.0.1','Mozilla/5.0 (Windows NT 6.1; Win64; x64) AppleWebKit/537.36 (KHTML, like Gecko) Chrome/86.0.4240.75 Safari/537.36','f68f2a18-623f-4c1a-bfde-7f029c603a17','2020-10-18 15:22:39','2020-10-18 15:22:39'),(410,'Produk Patchcord SM SX 2.mm LC/UPC-SC/UPC 30M berhasil disimpan','http://fibertekno.iteos.tech/apps/products/store','POST','192.168.0.1','Mozilla/5.0 (Windows NT 10.0; Win64; x64) AppleWebKit/537.36 (KHTML, like Gecko) Chrome/86.0.4240.75 Safari/537.36','a7acf627-9108-44c0-a028-2d9bf7829108','2020-10-18 15:23:16','2020-10-18 15:23:16'),(411,'Customer BUMI DAYA PLAZA - P Berhasil Diubah','http://fibertekno.iteos.tech/apps/customers/update/d194dcda-67de-4561-8a26-64511a2d02ec','POST','192.168.0.1','Mozilla/5.0 (Windows NT 6.1; Win64; x64) AppleWebKit/537.36 (KHTML, like Gecko) Chrome/86.0.4240.75 Safari/537.36','f68f2a18-623f-4c1a-bfde-7f029c603a17','2020-10-18 15:23:28','2020-10-18 15:23:28'),(412,'Stok Patchcord SM SX 2.mm LC/UPC-SC/UPC 30M Berhasil Disesuaikan','http://fibertekno.iteos.tech/apps/inventory/adjustment/store/874','POST','192.168.0.1','Mozilla/5.0 (Windows NT 10.0; Win64; x64) AppleWebKit/537.36 (KHTML, like Gecko) Chrome/86.0.4240.75 Safari/537.36','a7acf627-9108-44c0-a028-2d9bf7829108','2020-10-18 15:23:52','2020-10-18 15:23:52'),(413,'Produk Patchcord SM SX 3,mm SC/APC - SC/UPC 20m berhasil disimpan','http://fibertekno.iteos.tech/apps/products/store','POST','192.168.0.1','Mozilla/5.0 (Windows NT 10.0; Win64; x64) AppleWebKit/537.36 (KHTML, like Gecko) Chrome/86.0.4240.75 Safari/537.36','a7acf627-9108-44c0-a028-2d9bf7829108','2020-10-18 15:24:47','2020-10-18 15:24:47'),(414,'Stok Patchcord SM SX 3,mm SC/APC - SC/UPC 20m Berhasil Disesuaikan','http://fibertekno.iteos.tech/apps/inventory/adjustment/store/875','POST','192.168.0.1','Mozilla/5.0 (Windows NT 10.0; Win64; x64) AppleWebKit/537.36 (KHTML, like Gecko) Chrome/86.0.4240.75 Safari/537.36','a7acf627-9108-44c0-a028-2d9bf7829108','2020-10-18 15:25:19','2020-10-18 15:25:19'),(415,'Produk Patchcord SM SX 3,mm SC/APC - SC/UPC 5m berhasil disimpan','http://fibertekno.iteos.tech/apps/products/store','POST','192.168.0.1','Mozilla/5.0 (Windows NT 10.0; Win64; x64) AppleWebKit/537.36 (KHTML, like Gecko) Chrome/86.0.4240.75 Safari/537.36','a7acf627-9108-44c0-a028-2d9bf7829108','2020-10-18 15:26:17','2020-10-18 15:26:17'),(416,'Stok Patchcord SM SX 3,mm SC/APC - SC/UPC 5m Berhasil Disesuaikan','http://fibertekno.iteos.tech/apps/inventory/adjustment/store/876','POST','192.168.0.1','Mozilla/5.0 (Windows NT 10.0; Win64; x64) AppleWebKit/537.36 (KHTML, like Gecko) Chrome/86.0.4240.75 Safari/537.36','a7acf627-9108-44c0-a028-2d9bf7829108','2020-10-18 15:26:53','2020-10-18 15:26:53'),(417,'Manufacture Request MR/FTI/0002/X/2020 Berhasil Dibuat','http://fibertekno.iteos.tech/apps/manufactures/request/store','POST','192.168.0.1','Mozilla/5.0 (Windows NT 10.0; Win64; x64) AppleWebKit/537.36 (KHTML, like Gecko) Chrome/86.0.4240.75 Safari/537.36','a7acf627-9108-44c0-a028-2d9bf7829108','2020-10-18 15:31:03','2020-10-18 15:31:03'),(418,'Manufacture Request MO/FTI/0002/X/2020 Berhasil Disetujui','http://fibertekno.iteos.tech/apps/manufactures/request/approve/e090854a-94e0-4937-a930-90b3cd37aca2','POST','192.168.0.1','Mozilla/5.0 (Windows NT 10.0; Win64; x64) AppleWebKit/537.36 (KHTML, like Gecko) Chrome/86.0.4240.75 Safari/537.36','a7acf627-9108-44c0-a028-2d9bf7829108','2020-10-18 15:31:23','2020-10-18 15:31:23'),(419,'Customer PT PC24 CYBER INDONESIA - P Berhasil Disimpan','http://fibertekno.iteos.tech/apps/customers/store','POST','192.168.0.1','Mozilla/5.0 (Windows NT 6.1; Win64; x64) AppleWebKit/537.36 (KHTML, like Gecko) Chrome/86.0.4240.75 Safari/537.36','f68f2a18-623f-4c1a-bfde-7f029c603a17','2020-10-18 15:32:05','2020-10-18 15:32:05'),(420,'Customer EMMA - NP Berhasil Diubah','http://fibertekno.iteos.tech/apps/customers/update/0250fb47-35bc-4c44-b164-9049ea221e97','POST','192.168.0.1','Mozilla/5.0 (Windows NT 6.1; Win64; x64) AppleWebKit/537.36 (KHTML, like Gecko) Chrome/86.0.4240.75 Safari/537.36','f68f2a18-623f-4c1a-bfde-7f029c603a17','2020-10-18 15:33:23','2020-10-18 15:33:23'),(421,'Customer EMMA - NP Berhasil Diubah','http://fibertekno.iteos.tech/apps/customers/update/0250fb47-35bc-4c44-b164-9049ea221e97','POST','192.168.0.1','Mozilla/5.0 (Windows NT 6.1; Win64; x64) AppleWebKit/537.36 (KHTML, like Gecko) Chrome/86.0.4240.75 Safari/537.36','f68f2a18-623f-4c1a-bfde-7f029c603a17','2020-10-18 15:33:32','2020-10-18 15:33:32'),(422,'Bill of Material Berhasil Disimpan','http://fibertekno.iteos.tech/apps/products/bom/store','POST','192.168.0.1','Mozilla/5.0 (Windows NT 10.0; Win64; x64) AppleWebKit/537.36 (KHTML, like Gecko) Chrome/86.0.4240.75 Safari/537.36','a7acf627-9108-44c0-a028-2d9bf7829108','2020-10-18 15:34:23','2020-10-18 15:34:23'),(423,'Bill of Material Berhasil Disimpan','http://fibertekno.iteos.tech/apps/products/bom/store','POST','192.168.0.1','Mozilla/5.0 (Windows NT 10.0; Win64; x64) AppleWebKit/537.36 (KHTML, like Gecko) Chrome/86.0.4240.75 Safari/537.36','a7acf627-9108-44c0-a028-2d9bf7829108','2020-10-18 15:35:06','2020-10-18 15:35:06'),(424,'Customer DESWIN FIRMANTO - NP Berhasil Diubah','http://fibertekno.iteos.tech/apps/customers/update/d301d38f-3eac-4420-b193-1f17e3e05856','POST','192.168.0.1','Mozilla/5.0 (Windows NT 6.1; Win64; x64) AppleWebKit/537.36 (KHTML, like Gecko) Chrome/86.0.4240.75 Safari/537.36','f68f2a18-623f-4c1a-bfde-7f029c603a17','2020-10-18 15:36:02','2020-10-18 15:36:02'),(425,'Bill of Material Berhasil Disimpan','http://fibertekno.iteos.tech/apps/products/bom/store','POST','192.168.0.1','Mozilla/5.0 (Windows NT 10.0; Win64; x64) AppleWebKit/537.36 (KHTML, like Gecko) Chrome/86.0.4240.75 Safari/537.36','a7acf627-9108-44c0-a028-2d9bf7829108','2020-10-18 15:36:22','2020-10-18 15:36:22'),(426,'Bill of Material Berhasil Dihapus','http://fibertekno.iteos.tech/apps/products/bom/delete/20','POST','192.168.0.1','Mozilla/5.0 (Windows NT 10.0; Win64; x64) AppleWebKit/537.36 (KHTML, like Gecko) Chrome/86.0.4240.75 Safari/537.36','a7acf627-9108-44c0-a028-2d9bf7829108','2020-10-18 15:36:50','2020-10-18 15:36:50'),(427,'Bill of Material Berhasil Dihapus','http://fibertekno.iteos.tech/apps/products/bom/delete/21','POST','192.168.0.1','Mozilla/5.0 (Windows NT 10.0; Win64; x64) AppleWebKit/537.36 (KHTML, like Gecko) Chrome/86.0.4240.75 Safari/537.36','a7acf627-9108-44c0-a028-2d9bf7829108','2020-10-18 15:36:57','2020-10-18 15:36:57'),(428,'Bill of Material Berhasil Disimpan','http://fibertekno.iteos.tech/apps/products/bom/store','POST','192.168.0.1','Mozilla/5.0 (Windows NT 10.0; Win64; x64) AppleWebKit/537.36 (KHTML, like Gecko) Chrome/86.0.4240.75 Safari/537.36','a7acf627-9108-44c0-a028-2d9bf7829108','2020-10-18 15:37:43','2020-10-18 15:37:43'),(429,'Sales Order SO/FTI/0011/DESWINFIRMANTO/X/2020 Berhasil Disubmit','http://fibertekno.iteos.tech/apps/sales/orders/store','POST','192.168.0.1','Mozilla/5.0 (Windows NT 6.1; Win64; x64) AppleWebKit/537.36 (KHTML, like Gecko) Chrome/86.0.4240.75 Safari/537.36','f68f2a18-623f-4c1a-bfde-7f029c603a17','2020-10-18 15:38:22','2020-10-18 15:38:22'),(430,'Sales Order SO/FTI/0011/DESWINFIRMANTO/X/2020 Berhasil Diproses','http://fibertekno.iteos.tech/apps/sales/orders/approve/8f0f555e-fbb2-4ccc-81cf-e1def6ff2a12','POST','192.168.0.1','Mozilla/5.0 (Windows NT 6.1; Win64; x64) AppleWebKit/537.36 (KHTML, like Gecko) Chrome/86.0.4240.75 Safari/537.36','f68f2a18-623f-4c1a-bfde-7f029c603a17','2020-10-18 15:38:32','2020-10-18 15:38:32'),(431,'Bill of Material Berhasil Disimpan','http://fibertekno.iteos.tech/apps/products/bom/store','POST','192.168.0.1','Mozilla/5.0 (Windows NT 10.0; Win64; x64) AppleWebKit/537.36 (KHTML, like Gecko) Chrome/86.0.4240.75 Safari/537.36','a7acf627-9108-44c0-a028-2d9bf7829108','2020-10-18 15:39:02','2020-10-18 15:39:02'),(432,'Delivery Order DO/0004/FTI/X/2020 Sedang Diproses','http://fibertekno.iteos.tech/apps/inventories/delivery-order/store','POST','192.168.0.1','Mozilla/5.0 (Windows NT 6.1; Win64; x64) AppleWebKit/537.36 (KHTML, like Gecko) Chrome/86.0.4240.75 Safari/537.36','071ea324-a8d2-4f79-8f8a-23c90bc191ff','2020-10-18 15:39:37','2020-10-18 15:39:37'),(433,'Delivery Order SO/FTI/0011/DESWINFIRMANTO/X/2020 Berhasil Dibatalkan','http://fibertekno.iteos.tech/apps/inventories/delivery-order/cancel/beaedb00-e3f3-4a0a-b791-6b950d81eeb6','POST','192.168.0.1','Mozilla/5.0 (Windows NT 6.1; Win64; x64) AppleWebKit/537.36 (KHTML, like Gecko) Chrome/86.0.4240.75 Safari/537.36','071ea324-a8d2-4f79-8f8a-23c90bc191ff','2020-10-18 15:40:50','2020-10-18 15:40:50'),(434,'Delivery Order SO/FTI/0011/DESWINFIRMANTO/X/2020 Berhasil Dibatalkan','http://fibertekno.iteos.tech/apps/inventories/delivery-order/cancel/65803f27-3985-4870-a00e-1ffd963447e4','POST','192.168.0.1','Mozilla/5.0 (Windows NT 6.1; Win64; x64) AppleWebKit/537.36 (KHTML, like Gecko) Chrome/86.0.4240.75 Safari/537.36','071ea324-a8d2-4f79-8f8a-23c90bc191ff','2020-10-18 15:49:37','2020-10-18 15:49:37'),(435,'Customer RAFACOM - NP Berhasil Diubah','http://fibertekno.iteos.tech/apps/customers/update/8283d753-a886-4980-960a-4c2e5e631ba6','POST','192.168.0.1','Mozilla/5.0 (Windows NT 6.1; Win64; x64) AppleWebKit/537.36 (KHTML, like Gecko) Chrome/86.0.4240.75 Safari/537.36','f68f2a18-623f-4c1a-bfde-7f029c603a17','2020-10-18 15:58:28','2020-10-18 15:58:28'),(436,'Customer BUDI BDG - CV.PUTRA JAYA - NP Berhasil Diubah','http://fibertekno.iteos.tech/apps/customers/update/008a1051-7b08-4ba8-8677-24911558245e','POST','192.168.0.1','Mozilla/5.0 (Windows NT 6.1; Win64; x64) AppleWebKit/537.36 (KHTML, like Gecko) Chrome/86.0.4240.75 Safari/537.36','f68f2a18-623f-4c1a-bfde-7f029c603a17','2020-10-18 15:58:38','2020-10-18 15:58:38'),(437,'Customer ENGKI RAHMAT - NP Berhasil Diubah','http://fibertekno.iteos.tech/apps/customers/update/11df0e58-376e-45da-9cd7-663bfb822ee5','POST','192.168.0.1','Mozilla/5.0 (Windows NT 6.1; Win64; x64) AppleWebKit/537.36 (KHTML, like Gecko) Chrome/86.0.4240.75 Safari/537.36','f68f2a18-623f-4c1a-bfde-7f029c603a17','2020-10-18 15:58:45','2020-10-18 15:58:45'),(438,'Customer ENGKI RAHMAT - NP Berhasil Diubah','http://fibertekno.iteos.tech/apps/customers/update/11df0e58-376e-45da-9cd7-663bfb822ee5','POST','192.168.0.1','Mozilla/5.0 (Windows NT 6.1; Win64; x64) AppleWebKit/537.36 (KHTML, like Gecko) Chrome/86.0.4240.75 Safari/537.36','f68f2a18-623f-4c1a-bfde-7f029c603a17','2020-10-18 15:58:58','2020-10-18 15:58:58'),(439,'Sales Order SO/FTI/0013/RAFACOM/X/2020 Berhasil Disubmit','http://fibertekno.iteos.tech/apps/sales/orders/store','POST','192.168.0.1','Mozilla/5.0 (Windows NT 6.1; Win64; x64) AppleWebKit/537.36 (KHTML, like Gecko) Chrome/86.0.4240.75 Safari/537.36','f68f2a18-623f-4c1a-bfde-7f029c603a17','2020-10-18 16:09:23','2020-10-18 16:09:23'),(440,'Sales Order SO/FTI/0013/RAFACOM/X/2020 Berhasil Diubah Dengan Catatan  ','http://fibertekno.iteos.tech/apps/sales/orders/update/7b0f5361-2c3c-4e0d-a9a6-c640cc23a901','POST','192.168.0.1','Mozilla/5.0 (Windows NT 6.1; Win64; x64) AppleWebKit/537.36 (KHTML, like Gecko) Chrome/86.0.4240.75 Safari/537.36','f68f2a18-623f-4c1a-bfde-7f029c603a17','2020-10-18 16:11:30','2020-10-18 16:11:30'),(441,'Sales Order SO/FTI/0013/RAFACOM/X/2020 Berhasil Diubah Dengan Catatan  ','http://fibertekno.iteos.tech/apps/sales/orders/update/7b0f5361-2c3c-4e0d-a9a6-c640cc23a901','POST','192.168.0.1','Mozilla/5.0 (Windows NT 6.1; Win64; x64) AppleWebKit/537.36 (KHTML, like Gecko) Chrome/86.0.4240.75 Safari/537.36','f68f2a18-623f-4c1a-bfde-7f029c603a17','2020-10-18 16:12:33','2020-10-18 16:12:33'),(442,'Sales Order SO/FTI/0013/RAFACOM/X/2020 Berhasil Diproses','http://fibertekno.iteos.tech/apps/sales/orders/approve/7b0f5361-2c3c-4e0d-a9a6-c640cc23a901','POST','192.168.0.1','Mozilla/5.0 (Windows NT 6.1; Win64; x64) AppleWebKit/537.36 (KHTML, like Gecko) Chrome/86.0.4240.75 Safari/537.36','f68f2a18-623f-4c1a-bfde-7f029c603a17','2020-10-18 16:12:52','2020-10-18 16:12:52'),(443,'Delivery Order SO/FTI/0013/RAFACOM/X/2020 Berhasil Dibatalkan','http://fibertekno.iteos.tech/apps/inventories/delivery-order/cancel/00d23ab5-b46b-4255-84a3-b6486626103c','POST','192.168.0.1','Mozilla/5.0 (Windows NT 6.1; Win64; x64) AppleWebKit/537.36 (KHTML, like Gecko) Chrome/86.0.4240.75 Safari/537.36','071ea324-a8d2-4f79-8f8a-23c90bc191ff','2020-10-18 16:16:10','2020-10-18 16:16:10'),(444,'Sales Order SO/FTI/0012/RAFACOM/X/2020 Berhasil Diubah Dengan Catatan  ','http://fibertekno.iteos.tech/apps/sales/orders/update/a77e291e-05f2-439f-a5f9-2e516abe7e84','POST','192.168.0.1','Mozilla/5.0 (Windows NT 6.1; Win64; x64) AppleWebKit/537.36 (KHTML, like Gecko) Chrome/86.0.4240.75 Safari/537.36','f68f2a18-623f-4c1a-bfde-7f029c603a17','2020-10-18 16:16:54','2020-10-18 16:16:54'),(445,'Sales Order SO/FTI/0012/RAFACOM/X/2020 Berhasil Diproses','http://fibertekno.iteos.tech/apps/sales/orders/approve/a77e291e-05f2-439f-a5f9-2e516abe7e84','POST','192.168.0.1','Mozilla/5.0 (Windows NT 6.1; Win64; x64) AppleWebKit/537.36 (KHTML, like Gecko) Chrome/86.0.4240.75 Safari/537.36','f68f2a18-623f-4c1a-bfde-7f029c603a17','2020-10-18 16:17:02','2020-10-18 16:17:02'),(446,'Delivery Order SO/FTI/0013/RAFACOM/X/2020 Berhasil Dibatalkan','http://fibertekno.iteos.tech/apps/inventories/delivery-order/cancel/9dfe0fbb-cc3e-42c7-9df4-6bdbbbb23580','POST','192.168.0.1','Mozilla/5.0 (Windows NT 6.1; Win64; x64) AppleWebKit/537.36 (KHTML, like Gecko) Chrome/86.0.4240.75 Safari/537.36','071ea324-a8d2-4f79-8f8a-23c90bc191ff','2020-10-18 16:17:09','2020-10-18 16:17:09'),(447,'Sales Order SO/FTI/0014/EMMA/X/2020 Berhasil Disubmit','http://fibertekno.iteos.tech/apps/sales/orders/store','POST','192.168.0.1','Mozilla/5.0 (Windows NT 6.1; Win64; x64) AppleWebKit/537.36 (KHTML, like Gecko) Chrome/86.0.4240.75 Safari/537.36','f68f2a18-623f-4c1a-bfde-7f029c603a17','2020-10-18 16:21:33','2020-10-18 16:21:33'),(448,'Sales Order SO/FTI/0014/EMMA/X/2020 Berhasil Diproses','http://fibertekno.iteos.tech/apps/sales/orders/approve/7d2e944a-ec2f-42e8-a5d2-7d985eb05f4f','POST','192.168.0.1','Mozilla/5.0 (Windows NT 6.1; Win64; x64) AppleWebKit/537.36 (KHTML, like Gecko) Chrome/86.0.4240.75 Safari/537.36','f68f2a18-623f-4c1a-bfde-7f029c603a17','2020-10-18 16:21:40','2020-10-18 16:21:40'),(449,'Delivery Order DO/0007/FTI/X/2020 Sedang Diproses','http://fibertekno.iteos.tech/apps/inventories/delivery-order/store','POST','192.168.0.1','Mozilla/5.0 (Windows NT 6.1; Win64; x64) AppleWebKit/537.36 (KHTML, like Gecko) Chrome/86.0.4240.75 Safari/537.36','071ea324-a8d2-4f79-8f8a-23c90bc191ff','2020-10-18 16:22:34','2020-10-18 16:22:34'),(450,'Invoice  Berhasil Dibuat','http://fibertekno.iteos.tech/apps/finance/invoices/store','POST','192.168.0.1','Mozilla/5.0 (Windows NT 6.1; Win64; x64) AppleWebKit/537.36 (KHTML, like Gecko) Chrome/86.0.4240.75 Safari/537.36','f68f2a18-623f-4c1a-bfde-7f029c603a17','2020-10-18 16:24:04','2020-10-18 16:24:04'),(451,'Invoice  Berhasil Dibuat','http://fibertekno.iteos.tech/apps/finance/invoices/store','POST','192.168.0.1','Mozilla/5.0 (Windows NT 6.1; Win64; x64) AppleWebKit/537.36 (KHTML, like Gecko) Chrome/86.0.4240.75 Safari/537.36','f68f2a18-623f-4c1a-bfde-7f029c603a17','2020-10-18 16:52:22','2020-10-18 16:52:22'),(452,'Manufacture Request MR/FTI/0003/X/2020 Berhasil Dibuat','http://fibertekno.iteos.tech/apps/manufactures/request/store','POST','192.168.0.1','Mozilla/5.0 (Windows NT 10.0; Win64; x64) AppleWebKit/537.36 (KHTML, like Gecko) Chrome/86.0.4240.75 Safari/537.36','a7acf627-9108-44c0-a028-2d9bf7829108','2020-10-18 17:03:31','2020-10-18 17:03:31'),(453,'Bill of Material Berhasil Disimpan','http://fibertekno.iteos.tech/apps/products/bom/store','POST','192.168.0.1','Mozilla/5.0 (Windows NT 10.0; Win64; x64) AppleWebKit/537.36 (KHTML, like Gecko) Chrome/86.0.4240.75 Safari/537.36','a7acf627-9108-44c0-a028-2d9bf7829108','2020-10-18 17:05:28','2020-10-18 17:05:28'),(454,'Bill of Material Berhasil Disimpan','http://fibertekno.iteos.tech/apps/products/bom/store','POST','192.168.0.1','Mozilla/5.0 (Windows NT 10.0; Win64; x64) AppleWebKit/537.36 (KHTML, like Gecko) Chrome/86.0.4240.75 Safari/537.36','a7acf627-9108-44c0-a028-2d9bf7829108','2020-10-18 17:06:48','2020-10-18 17:06:48'),(455,'Bill of Material Berhasil Disimpan','http://fibertekno.iteos.tech/apps/products/bom/store','POST','192.168.0.1','Mozilla/5.0 (Windows NT 10.0; Win64; x64) AppleWebKit/537.36 (KHTML, like Gecko) Chrome/86.0.4240.75 Safari/537.36','a7acf627-9108-44c0-a028-2d9bf7829108','2020-10-18 17:07:33','2020-10-18 17:07:33'),(456,'Manufacture Request MR/FTI/0004/X/2020 Berhasil Dibuat','http://fibertekno.iteos.tech/apps/manufactures/request/store','POST','192.168.0.1','Mozilla/5.0 (Windows NT 10.0; Win64; x64) AppleWebKit/537.36 (KHTML, like Gecko) Chrome/86.0.4240.75 Safari/537.36','a7acf627-9108-44c0-a028-2d9bf7829108','2020-10-18 17:08:39','2020-10-18 17:08:39'),(457,'Customer EMMA - NP Berhasil Diubah','http://fibertekno.iteos.tech/apps/customers/update/0250fb47-35bc-4c44-b164-9049ea221e97','POST','192.168.0.1','Mozilla/5.0 (Windows NT 6.1; Win64; x64) AppleWebKit/537.36 (KHTML, like Gecko) Chrome/86.0.4240.75 Safari/537.36','f68f2a18-623f-4c1a-bfde-7f029c603a17','2020-10-18 17:10:05','2020-10-18 17:10:05'),(458,'Customer EMMA - NP Berhasil Diubah','http://fibertekno.iteos.tech/apps/customers/update/0250fb47-35bc-4c44-b164-9049ea221e97','POST','192.168.0.1','Mozilla/5.0 (Windows NT 6.1; Win64; x64) AppleWebKit/537.36 (KHTML, like Gecko) Chrome/86.0.4240.75 Safari/537.36','f68f2a18-623f-4c1a-bfde-7f029c603a17','2020-10-18 17:10:45','2020-10-18 17:10:45'),(459,'Customer BUDI BDG - CV.PUTRA JAYA - NP Berhasil Diubah','http://fibertekno.iteos.tech/apps/customers/update/008a1051-7b08-4ba8-8677-24911558245e','POST','192.168.0.1','Mozilla/5.0 (iPhone; CPU iPhone OS 14_0_1 like Mac OS X) AppleWebKit/605.1.15 (KHTML, like Gecko) Version/14.0 Mobile/15E148 Safari/604.1','c7e50632-3efc-4cff-99fd-2a39dee275b2','2020-10-18 17:12:20','2020-10-18 17:12:20'),(460,'Stok Patchcord MM DX Out Door LC/UPC-LC/UPC 10m Heat Shrink Kuning Berhasil Disesuaikan','http://fibertekno.iteos.tech/apps/inventory/adjustment/store/363','POST','192.168.0.1','Mozilla/5.0 (Windows NT 6.1; Win64; x64) AppleWebKit/537.36 (KHTML, like Gecko) Chrome/86.0.4240.75 Safari/537.36','071ea324-a8d2-4f79-8f8a-23c90bc191ff','2020-10-18 17:14:14','2020-10-18 17:14:14'),(461,'Stok Patchcord MM DX Out Door SC/UPC-LC/UPC 10m Heat Shrink Kuning Berhasil Disesuaikan','http://fibertekno.iteos.tech/apps/inventory/adjustment/store/364','POST','192.168.0.1','Mozilla/5.0 (Windows NT 6.1; Win64; x64) AppleWebKit/537.36 (KHTML, like Gecko) Chrome/86.0.4240.75 Safari/537.36','071ea324-a8d2-4f79-8f8a-23c90bc191ff','2020-10-18 17:14:50','2020-10-18 17:14:50'),(462,'Invoice  Berhasil Dibuat','http://fibertekno.iteos.tech/apps/finance/invoices/store','POST','192.168.0.1','Mozilla/5.0 (Windows NT 6.1; Win64; x64) AppleWebKit/537.36 (KHTML, like Gecko) Chrome/86.0.4240.75 Safari/537.36','f68f2a18-623f-4c1a-bfde-7f029c603a17','2020-10-18 17:14:54','2020-10-18 17:14:54'),(463,'Stok Patchcord MM DX Out Door LC/UPC-LC/UPC 10m Heat Shrink Kuning Berhasil Disesuaikan','http://fibertekno.iteos.tech/apps/inventory/adjustment/store/363','POST','192.168.0.1','Mozilla/5.0 (Windows NT 6.1; Win64; x64) AppleWebKit/537.36 (KHTML, like Gecko) Chrome/86.0.4240.75 Safari/537.36','071ea324-a8d2-4f79-8f8a-23c90bc191ff','2020-10-18 17:15:39','2020-10-18 17:15:39'),(464,'Stok Patchcord MM DX Out Door SC/UPC-LC/UPC 10m Heat Shrink Kuning Berhasil Disesuaikan','http://fibertekno.iteos.tech/apps/inventory/adjustment/store/364','POST','192.168.0.1','Mozilla/5.0 (Windows NT 6.1; Win64; x64) AppleWebKit/537.36 (KHTML, like Gecko) Chrome/86.0.4240.75 Safari/537.36','071ea324-a8d2-4f79-8f8a-23c90bc191ff','2020-10-18 17:16:04','2020-10-18 17:16:04'),(465,'Stok Adapter SC/UPC Auto Shutter Berhasil Disesuaikan','http://fibertekno.iteos.tech/apps/inventory/adjustment/store/11','POST','192.168.0.1','Mozilla/5.0 (Windows NT 6.1; Win64; x64) AppleWebKit/537.36 (KHTML, like Gecko) Chrome/86.0.4240.75 Safari/537.36','071ea324-a8d2-4f79-8f8a-23c90bc191ff','2020-10-18 17:19:04','2020-10-18 17:19:04'),(466,'Manufacture Request MR/FTI/0005/X/2020 Berhasil Dibuat','http://fibertekno.iteos.tech/apps/manufactures/request/store','POST','192.168.0.1','Mozilla/5.0 (Windows NT 10.0; Win64; x64) AppleWebKit/537.36 (KHTML, like Gecko) Chrome/86.0.4240.75 Safari/537.36','a7acf627-9108-44c0-a028-2d9bf7829108','2020-10-18 17:21:23','2020-10-18 17:21:23'),(467,'Customer SUPRIYANTO - NP Berhasil Disimpan','http://fibertekno.iteos.tech/apps/customers/store','POST','192.168.0.1','Mozilla/5.0 (Windows NT 6.1; Win64; x64) AppleWebKit/537.36 (KHTML, like Gecko) Chrome/86.0.4240.75 Safari/537.36','f68f2a18-623f-4c1a-bfde-7f029c603a17','2020-10-19 08:17:24','2020-10-19 08:17:24'),(468,'Pengajuan PR/FTI/0004/MS/X/2020 Berhasil Dibuat','http://fibertekno.iteos.tech/apps/purchase/request/store','POST','192.168.0.1','Mozilla/5.0 (Windows NT 10.0; Win64; x64) AppleWebKit/537.36 (KHTML, like Gecko) Chrome/86.0.4240.75 Safari/537.36','cb512697-44d9-4683-9bae-0a8e28a3252b','2020-10-19 15:51:24','2020-10-19 15:51:24'),(469,'Pengajuan PO/FTI/0006/MS/X/2020 Berhasil Diproses','http://fibertekno.iteos.tech/apps/purchase/request/approve/f4195473-5971-431e-b605-a97c58e9cec6','POST','192.168.0.1','Mozilla/5.0 (Windows NT 10.0; Win64; x64) AppleWebKit/537.36 (KHTML, like Gecko) Chrome/86.0.4240.75 Safari/537.36','cb512697-44d9-4683-9bae-0a8e28a3252b','2020-10-19 15:51:38','2020-10-19 15:51:38'),(470,'Hak Akses Admin Sales-Invoice berhasil diubah','http://fibertekno.iteos.tech/apps/users/roles/update/12','POST','192.168.0.1','Mozilla/5.0 (Windows NT 10.0; Win64; x64) AppleWebKit/537.36 (KHTML, like Gecko) Chrome/86.0.4240.111 Safari/537.36','c7e50632-3efc-4cff-99fd-2a39dee275b2','2020-10-21 09:55:35','2020-10-21 09:55:35'),(471,'Hak Akses Admin Sales-Invoice berhasil diubah','http://fibertekno.iteos.tech/apps/users/roles/update/12','POST','192.168.0.1','Mozilla/5.0 (Windows NT 10.0; Win64; x64) AppleWebKit/537.36 (KHTML, like Gecko) Chrome/86.0.4240.111 Safari/537.36','c7e50632-3efc-4cff-99fd-2a39dee275b2','2020-10-21 09:56:12','2020-10-21 09:56:12'),(472,'Produk Patchcord SM Sx 2mm Sc Upc - Lc Upc 10M berhasil disimpan','http://fibertekno.iteos.tech/apps/products/store','POST','192.168.0.1','Mozilla/5.0 (Windows NT 6.1; Win64; x64) AppleWebKit/537.36 (KHTML, like Gecko) Chrome/86.0.4240.111 Safari/537.36','a7acf627-9108-44c0-a028-2d9bf7829108','2020-10-23 16:31:06','2020-10-23 16:31:06'),(473,'Manufacture Request MR/FTI/0006/X/2020 Berhasil Dibuat','http://fibertekno.iteos.tech/apps/manufactures/request/store','POST','192.168.0.1','Mozilla/5.0 (Windows NT 6.1; Win64; x64) AppleWebKit/537.36 (KHTML, like Gecko) Chrome/86.0.4240.111 Safari/537.36','a7acf627-9108-44c0-a028-2d9bf7829108','2020-10-23 16:35:24','2020-10-23 16:35:24'),(474,'Produk Patchcord SM Sx 2mm Sc Upc - Lc Upc 10M Berhasil Diubah','http://fibertekno.iteos.tech/apps/products/update/1936d003-a37a-47dd-ab2d-f0fba280124c','POST','192.168.0.1','Mozilla/5.0 (Windows NT 6.1; Win64; x64) AppleWebKit/537.36 (KHTML, like Gecko) Chrome/86.0.4240.111 Safari/537.36','a7acf627-9108-44c0-a028-2d9bf7829108','2020-10-23 16:37:27','2020-10-23 16:37:27'),(475,'Kategori Produk Jasa Berhasil disimpan','http://fibertekno.iteos.tech/apps/products/categories/create','POST','192.168.0.1','Mozilla/5.0 (Macintosh; Intel Mac OS X 11_0_0) AppleWebKit/537.36 (KHTML, like Gecko) Chrome/86.0.4240.80 Safari/537.36','c7e50632-3efc-4cff-99fd-2a39dee275b2','2020-10-28 23:24:31','2020-10-28 23:24:31'),(476,'Produk Makloon patchcord sm dx 3mm sc upc - lc upc 15M berhasil disimpan','http://fibertekno.iteos.tech/apps/products/store','POST','192.168.0.1','Mozilla/5.0 (Macintosh; Intel Mac OS X 11_0_0) AppleWebKit/537.36 (KHTML, like Gecko) Chrome/86.0.4240.111 Safari/537.36','c7e50632-3efc-4cff-99fd-2a39dee275b2','2020-10-31 12:56:09','2020-10-31 12:56:09'),(477,'Produk Patchcord SM SX (2,0mm) FC/UPC-FC/UPC 10m Berhasil Dihapus','http://fibertekno.iteos.tech/apps/products/delete/78a7e0bd-9ce5-4448-a7d2-2923de0fe0e0','POST','192.168.0.1','Mozilla/5.0 (Macintosh; Intel Mac OS X 11_0_0) AppleWebKit/537.36 (KHTML, like Gecko) Chrome/86.0.4240.111 Safari/537.36','c7e50632-3efc-4cff-99fd-2a39dee275b2','2020-10-31 13:15:29','2020-10-31 13:15:29'),(478,'Produk GJYXFCH-B/1, LSZH, GFRP , FLAT CABLE , G675A1 , 1 SELING - 1 Core - FTI berhasil disimpan','http://fibertekno.iteos.tech/apps/products/store','POST','192.168.0.1','Mozilla/5.0 (Macintosh; Intel Mac OS X 11_0_0) AppleWebKit/537.36 (KHTML, like Gecko) Chrome/86.0.4240.111 Safari/537.36','c7e50632-3efc-4cff-99fd-2a39dee275b2','2020-10-31 13:35:36','2020-10-31 13:35:36'),(479,'Produk Kabel Pigtail SM 0.9 mm G657A2 LSZH Yellow berhasil disimpan','http://fibertekno.iteos.tech/apps/products/store','POST','192.168.0.1','Mozilla/5.0 (Macintosh; Intel Mac OS X 11_0_0) AppleWebKit/537.36 (KHTML, like Gecko) Chrome/86.0.4240.111 Safari/537.36','c7e50632-3efc-4cff-99fd-2a39dee275b2','2020-10-31 14:11:55','2020-10-31 14:11:55'),(480,'Produk Kabel Pigtail SM 0.9 mm G652D LSZH yellow berhasil disimpan','http://fibertekno.iteos.tech/apps/products/store','POST','192.168.0.1','Mozilla/5.0 (Macintosh; Intel Mac OS X 11_0_0) AppleWebKit/537.36 (KHTML, like Gecko) Chrome/86.0.4240.111 Safari/537.36','c7e50632-3efc-4cff-99fd-2a39dee275b2','2020-10-31 14:14:35','2020-10-31 14:14:35'),(481,'Produk Kabel Pigtail SM 0.9 mm G652D LSZH yellow Berhasil Diubah','http://fibertekno.iteos.tech/apps/products/update/c4793473-e304-420f-a80b-10d3793fee20','POST','192.168.0.1','Mozilla/5.0 (Macintosh; Intel Mac OS X 11_0_0) AppleWebKit/537.36 (KHTML, like Gecko) Chrome/86.0.4240.111 Safari/537.36','c7e50632-3efc-4cff-99fd-2a39dee275b2','2020-10-31 14:15:36','2020-10-31 14:15:36'),(482,'Produk Kabel Pigtail SM 0.9 mm G657A2 LSZH Yellow Berhasil Diubah','http://fibertekno.iteos.tech/apps/products/update/bca2bcb9-3479-4676-8121-0f39bbb74232','POST','192.168.0.1','Mozilla/5.0 (Macintosh; Intel Mac OS X 11_0_0) AppleWebKit/537.36 (KHTML, like Gecko) Chrome/86.0.4240.111 Safari/537.36','c7e50632-3efc-4cff-99fd-2a39dee275b2','2020-10-31 14:16:02','2020-10-31 14:16:02'),(483,'Produk Kabel Pigtail SM 0.9 mm G657A2 LSZH WHITE berhasil disimpan','http://fibertekno.iteos.tech/apps/products/store','POST','192.168.0.1','Mozilla/5.0 (Macintosh; Intel Mac OS X 11_0_0) AppleWebKit/537.36 (KHTML, like Gecko) Chrome/86.0.4240.111 Safari/537.36','c7e50632-3efc-4cff-99fd-2a39dee275b2','2020-10-31 14:17:33','2020-10-31 14:17:33'),(484,'Produk Kabel Pigtail SM 0.9 mm G652D LSZH Yellow Berhasil Diubah','http://fibertekno.iteos.tech/apps/products/update/c4793473-e304-420f-a80b-10d3793fee20','POST','192.168.0.1','Mozilla/5.0 (Macintosh; Intel Mac OS X 11_0_0) AppleWebKit/537.36 (KHTML, like Gecko) Chrome/86.0.4240.111 Safari/537.36','c7e50632-3efc-4cff-99fd-2a39dee275b2','2020-10-31 14:18:10','2020-10-31 14:18:10'),(485,'Produk Kabel Pigtail SM 0.9 mm G652D LSZH WHITE berhasil disimpan','http://fibertekno.iteos.tech/apps/products/store','POST','192.168.0.1','Mozilla/5.0 (Macintosh; Intel Mac OS X 11_0_0) AppleWebKit/537.36 (KHTML, like Gecko) Chrome/86.0.4240.111 Safari/537.36','c7e50632-3efc-4cff-99fd-2a39dee275b2','2020-10-31 14:20:19','2020-10-31 14:20:19'),(486,'Produk Kabel Patchcord SM SX 2mm G657A2 LSZH YELLOW berhasil disimpan','http://fibertekno.iteos.tech/apps/products/store','POST','192.168.0.1','Mozilla/5.0 (Macintosh; Intel Mac OS X 11_0_0) AppleWebKit/537.36 (KHTML, like Gecko) Chrome/86.0.4240.111 Safari/537.36','c7e50632-3efc-4cff-99fd-2a39dee275b2','2020-10-31 14:24:44','2020-10-31 14:24:44'),(487,'Produk Kabel Patchcord SM SX 2mm G652D PVC YELLOW berhasil disimpan','http://fibertekno.iteos.tech/apps/products/store','POST','192.168.0.1','Mozilla/5.0 (Macintosh; Intel Mac OS X 11_0_0) AppleWebKit/537.36 (KHTML, like Gecko) Chrome/86.0.4240.111 Safari/537.36','c7e50632-3efc-4cff-99fd-2a39dee275b2','2020-10-31 14:27:21','2020-10-31 14:27:21'),(488,'Produk Patchcord SM SX 2mm SC UPC - LC UPC 10M Berhasil Diubah','http://fibertekno.iteos.tech/apps/products/update/1936d003-a37a-47dd-ab2d-f0fba280124c','POST','192.168.0.1','Mozilla/5.0 (Macintosh; Intel Mac OS X 11_0_0) AppleWebKit/537.36 (KHTML, like Gecko) Chrome/86.0.4240.111 Safari/537.36','c7e50632-3efc-4cff-99fd-2a39dee275b2','2020-10-31 14:37:32','2020-10-31 14:37:32'),(489,'Produk Kabel Patchcord SM SX 3.0mm G657A2 LSZH Yellow berhasil disimpan','http://fibertekno.iteos.tech/apps/products/store','POST','192.168.0.1','Mozilla/5.0 (Macintosh; Intel Mac OS X 11_0_0) AppleWebKit/537.36 (KHTML, like Gecko) Chrome/86.0.4240.111 Safari/537.36','c7e50632-3efc-4cff-99fd-2a39dee275b2','2020-10-31 14:51:27','2020-10-31 14:51:27'),(490,'Produk Cable SM SX (3,0mm) G.657A2 LSZH Berhasil Dihapus','http://fibertekno.iteos.tech/apps/products/delete/5d9cb82c-33c0-11ea-aec2-2e728ce88125','POST','192.168.0.1','Mozilla/5.0 (Macintosh; Intel Mac OS X 11_0_0) AppleWebKit/537.36 (KHTML, like Gecko) Chrome/86.0.4240.111 Safari/537.36','c7e50632-3efc-4cff-99fd-2a39dee275b2','2020-10-31 14:54:30','2020-10-31 14:54:30'),(491,'Produk Kabel Patchcord SM SX 3.0mm G657A2 LSZH YELLOW Berhasil Diubah','http://fibertekno.iteos.tech/apps/products/update/b002c7e5-c3e2-4232-80dc-b6caf24cb080','POST','192.168.0.1','Mozilla/5.0 (Macintosh; Intel Mac OS X 11_0_0) AppleWebKit/537.36 (KHTML, like Gecko) Chrome/86.0.4240.111 Safari/537.36','c7e50632-3efc-4cff-99fd-2a39dee275b2','2020-10-31 14:57:34','2020-10-31 14:57:34'),(492,'Produk Kabel Patchcord SM SX 3.0mm G652D LSZH YELLOW berhasil disimpan','http://fibertekno.iteos.tech/apps/products/store','POST','192.168.0.1','Mozilla/5.0 (Macintosh; Intel Mac OS X 11_0_0) AppleWebKit/537.36 (KHTML, like Gecko) Chrome/86.0.4240.111 Safari/537.36','c7e50632-3efc-4cff-99fd-2a39dee275b2','2020-10-31 15:00:31','2020-10-31 15:00:31'),(493,'Produk Kabel Patchcord SM DX 2mm G652D PVC YELLOW berhasil disimpan','http://fibertekno.iteos.tech/apps/products/store','POST','192.168.0.1','Mozilla/5.0 (Macintosh; Intel Mac OS X 11_0_0) AppleWebKit/537.36 (KHTML, like Gecko) Chrome/86.0.4240.111 Safari/537.36','c7e50632-3efc-4cff-99fd-2a39dee275b2','2020-10-31 15:02:44','2020-10-31 15:02:44'),(494,'Produk Kabel Patchcord SM DX 2mm G652D PVC YELLOW Berhasil Diubah','http://fibertekno.iteos.tech/apps/products/update/0d58c1f0-8042-48fe-87c7-e6db87e6b4dd','POST','192.168.0.1','Mozilla/5.0 (Macintosh; Intel Mac OS X 11_0_0) AppleWebKit/537.36 (KHTML, like Gecko) Chrome/86.0.4240.111 Safari/537.36','c7e50632-3efc-4cff-99fd-2a39dee275b2','2020-10-31 15:03:22','2020-10-31 15:03:22'),(495,'Produk Kabel Patchcord SM SX 2mm G652D PVC YELLOW Berhasil Diubah','http://fibertekno.iteos.tech/apps/products/update/e090a592-1668-4288-9f05-2d2f0ca10739','POST','192.168.0.1','Mozilla/5.0 (Macintosh; Intel Mac OS X 11_0_0) AppleWebKit/537.36 (KHTML, like Gecko) Chrome/86.0.4240.111 Safari/537.36','c7e50632-3efc-4cff-99fd-2a39dee275b2','2020-10-31 15:06:29','2020-10-31 15:06:29'),(496,'Produk Kabel Patchcord SM SX 2mm G657A2 LSZH YELLOW Berhasil Diubah','http://fibertekno.iteos.tech/apps/products/update/76bbb9c2-c6d3-40fe-a7e5-aa14145ff9d7','POST','192.168.0.1','Mozilla/5.0 (Macintosh; Intel Mac OS X 11_0_0) AppleWebKit/537.36 (KHTML, like Gecko) Chrome/86.0.4240.111 Safari/537.36','c7e50632-3efc-4cff-99fd-2a39dee275b2','2020-10-31 15:08:03','2020-10-31 15:08:03'),(497,'Produk Kabel Patchcord SM DX 2.0mm G657A2 LSZH YELLOW berhasil disimpan','http://fibertekno.iteos.tech/apps/products/store','POST','192.168.0.1','Mozilla/5.0 (Macintosh; Intel Mac OS X 11_0_0) AppleWebKit/537.36 (KHTML, like Gecko) Chrome/86.0.4240.111 Safari/537.36','c7e50632-3efc-4cff-99fd-2a39dee275b2','2020-10-31 15:11:07','2020-10-31 15:11:07'),(498,'Produk Kabel Patchcord SM DX 2.0mm G652D LSZH Yellow berhasil disimpan','http://fibertekno.iteos.tech/apps/products/store','POST','192.168.0.1','Mozilla/5.0 (Macintosh; Intel Mac OS X 11_0_0) AppleWebKit/537.36 (KHTML, like Gecko) Chrome/86.0.4240.111 Safari/537.36','c7e50632-3efc-4cff-99fd-2a39dee275b2','2020-10-31 15:16:06','2020-10-31 15:16:06'),(499,'Produk Kabel Patchcord SM DX 3.0mm G657A2 LSZH YELLOW berhasil disimpan','http://fibertekno.iteos.tech/apps/products/store','POST','192.168.0.1','Mozilla/5.0 (Macintosh; Intel Mac OS X 11_0_0) AppleWebKit/537.36 (KHTML, like Gecko) Chrome/86.0.4240.111 Safari/537.36','c7e50632-3efc-4cff-99fd-2a39dee275b2','2020-10-31 15:17:50','2020-10-31 15:17:50'),(500,'Produk Dropcable - GJYXFCH-B/1, LSZH, GFRP , FLAT CABLE , G675A1 , 1 SELING - 1 Core - FTI Berhasil Diubah','http://fibertekno.iteos.tech/apps/products/update/b36f568e-371e-4a3c-8ff1-02403c5cde32','POST','192.168.0.1','Mozilla/5.0 (Macintosh; Intel Mac OS X 11_0_0) AppleWebKit/537.36 (KHTML, like Gecko) Chrome/86.0.4240.111 Safari/537.36','c7e50632-3efc-4cff-99fd-2a39dee275b2','2020-10-31 15:20:12','2020-10-31 15:20:12'),(501,'Produk Kabel Patchcord SM DX 3.0mm G652D LSZH berhasil disimpan','http://fibertekno.iteos.tech/apps/products/store','POST','192.168.0.1','Mozilla/5.0 (Macintosh; Intel Mac OS X 11_0_0) AppleWebKit/537.36 (KHTML, like Gecko) Chrome/86.0.4240.111 Safari/537.36','c7e50632-3efc-4cff-99fd-2a39dee275b2','2020-10-31 15:25:12','2020-10-31 15:25:12'),(502,'Produk Kabel Patchcord MM OM2 DX 2mm LSZH ORANGE berhasil disimpan','http://fibertekno.iteos.tech/apps/products/store','POST','192.168.0.1','Mozilla/5.0 (Macintosh; Intel Mac OS X 11_0_0) AppleWebKit/537.36 (KHTML, like Gecko) Chrome/86.0.4240.111 Safari/537.36','c7e50632-3efc-4cff-99fd-2a39dee275b2','2020-10-31 15:28:59','2020-10-31 15:28:59'),(503,'Produk Cable MM OM2 DX (2,0mm) LSZH Orange Berhasil Dihapus','http://fibertekno.iteos.tech/apps/products/delete/5d9bac0c-33c0-11ea-aec2-2e728ce88125','POST','192.168.0.1','Mozilla/5.0 (Macintosh; Intel Mac OS X 11_0_0) AppleWebKit/537.36 (KHTML, like Gecko) Chrome/86.0.4240.111 Safari/537.36','c7e50632-3efc-4cff-99fd-2a39dee275b2','2020-10-31 15:31:27','2020-10-31 15:31:27'),(504,'Produk Kabel Patchcord MM OM3 DX 2mm LSZH AQUA berhasil disimpan','http://fibertekno.iteos.tech/apps/products/store','POST','192.168.0.1','Mozilla/5.0 (Macintosh; Intel Mac OS X 11_0_0) AppleWebKit/537.36 (KHTML, like Gecko) Chrome/86.0.4240.111 Safari/537.36','c7e50632-3efc-4cff-99fd-2a39dee275b2','2020-10-31 15:33:04','2020-10-31 15:33:04'),(505,'Produk Cable MM OM3 DX (2,0mm) Aqua Berhasil Dihapus','http://fibertekno.iteos.tech/apps/products/delete/5d9bb724-33c0-11ea-aec2-2e728ce88125','POST','192.168.0.1','Mozilla/5.0 (Macintosh; Intel Mac OS X 11_0_0) AppleWebKit/537.36 (KHTML, like Gecko) Chrome/86.0.4240.111 Safari/537.36','c7e50632-3efc-4cff-99fd-2a39dee275b2','2020-10-31 15:37:45','2020-10-31 15:37:45'),(506,'Produk Cable MM OM3 DX (2,0mm) Aqua GJFJH 2A1a.3 Berhasil Dihapus','http://fibertekno.iteos.tech/apps/products/delete/5d9c752e-33c0-11ea-aec2-2e728ce88125','POST','192.168.0.1','Mozilla/5.0 (Macintosh; Intel Mac OS X 11_0_0) AppleWebKit/537.36 (KHTML, like Gecko) Chrome/86.0.4240.111 Safari/537.36','c7e50632-3efc-4cff-99fd-2a39dee275b2','2020-10-31 15:40:20','2020-10-31 15:40:20'),(507,'Produk Cable MM OM3 DX (2,0mm) FTI Aqua Berhasil Dihapus','http://fibertekno.iteos.tech/apps/products/delete/5d9c77b8-33c0-11ea-aec2-2e728ce88125','POST','192.168.0.1','Mozilla/5.0 (Macintosh; Intel Mac OS X 11_0_0) AppleWebKit/537.36 (KHTML, like Gecko) Chrome/86.0.4240.111 Safari/537.36','c7e50632-3efc-4cff-99fd-2a39dee275b2','2020-10-31 15:40:34','2020-10-31 15:40:34'),(508,'Produk Kabel Patchcord MM OM4 DX 2mm LSZH AQUA berhasil disimpan','http://fibertekno.iteos.tech/apps/products/store','POST','192.168.0.1','Mozilla/5.0 (Macintosh; Intel Mac OS X 11_0_0) AppleWebKit/537.36 (KHTML, like Gecko) Chrome/86.0.4240.111 Safari/537.36','c7e50632-3efc-4cff-99fd-2a39dee275b2','2020-10-31 15:42:18','2020-10-31 15:42:18'),(509,'Produk Kabel Patchcord MM OM4 DX 2,0mm LSZH Blue Berhasil Diubah','http://fibertekno.iteos.tech/apps/products/update/5d9c8032-33c0-11ea-aec2-2e728ce88125','POST','192.168.0.1','Mozilla/5.0 (Macintosh; Intel Mac OS X 11_0_0) AppleWebKit/537.36 (KHTML, like Gecko) Chrome/86.0.4240.111 Safari/537.36','c7e50632-3efc-4cff-99fd-2a39dee275b2','2020-10-31 16:01:05','2020-10-31 16:01:05'),(510,'Produk Kabel Patchcord MM OM4 DX 2,0mm BLUE FTI Berhasil Diubah','http://fibertekno.iteos.tech/apps/products/update/5d9c860e-33c0-11ea-aec2-2e728ce88125','POST','192.168.0.1','Mozilla/5.0 (Macintosh; Intel Mac OS X 11_0_0) AppleWebKit/537.36 (KHTML, like Gecko) Chrome/86.0.4240.111 Safari/537.36','c7e50632-3efc-4cff-99fd-2a39dee275b2','2020-10-31 16:16:58','2020-10-31 16:16:58'),(511,'Pengajuan PR/FTI/0005/NOARK/X/2020 Berhasil Dibuat','http://fibertekno.iteos.tech/apps/purchase/request/store','POST','192.168.0.1','Mozilla/5.0 (Macintosh; Intel Mac OS X 11_0_0) AppleWebKit/537.36 (KHTML, like Gecko) Chrome/86.0.4240.111 Safari/537.36','c7e50632-3efc-4cff-99fd-2a39dee275b2','2020-10-31 16:22:32','2020-10-31 16:22:32'),(512,'Produk Kabel Pigtail SM 0.9 mm G657A2 LSZH Yellow Berhasil Diubah','http://fibertekno.iteos.tech/apps/products/update/bca2bcb9-3479-4676-8121-0f39bbb74232','POST','192.168.0.1','Mozilla/5.0 (Macintosh; Intel Mac OS X 11_0_0) AppleWebKit/537.36 (KHTML, like Gecko) Chrome/86.0.4240.111 Safari/537.36','c7e50632-3efc-4cff-99fd-2a39dee275b2','2020-10-31 16:31:53','2020-10-31 16:31:53'),(513,'Produk Kabel Pigtail SM 0.9 mm G657A2 LSZH Yellow Berhasil Diubah','http://fibertekno.iteos.tech/apps/products/update/bca2bcb9-3479-4676-8121-0f39bbb74232','POST','192.168.0.1','Mozilla/5.0 (Macintosh; Intel Mac OS X 11_0_0) AppleWebKit/537.36 (KHTML, like Gecko) Chrome/86.0.4240.111 Safari/537.36','c7e50632-3efc-4cff-99fd-2a39dee275b2','2020-10-31 16:36:30','2020-10-31 16:36:30'),(514,'Produk Kabel Pigtail SM 0.9 mm G657A2 LSZH Yellow Berhasil Diubah','http://fibertekno.iteos.tech/apps/products/update/bca2bcb9-3479-4676-8121-0f39bbb74232','POST','192.168.0.1','Mozilla/5.0 (Macintosh; Intel Mac OS X 11_0_0) AppleWebKit/537.36 (KHTML, like Gecko) Chrome/86.0.4240.111 Safari/537.36','c7e50632-3efc-4cff-99fd-2a39dee275b2','2020-10-31 16:38:29','2020-10-31 16:38:29'),(515,'Produk Kabel Pigtail SM 0.9 mm G657A2 LSZH Yellow Berhasil Diubah','http://fibertekno.iteos.tech/apps/products/update/bca2bcb9-3479-4676-8121-0f39bbb74232','POST','192.168.0.1','Mozilla/5.0 (Macintosh; Intel Mac OS X 11_0_0) AppleWebKit/537.36 (KHTML, like Gecko) Chrome/86.0.4240.111 Safari/537.36','c7e50632-3efc-4cff-99fd-2a39dee275b2','2020-10-31 16:52:37','2020-10-31 16:52:37'),(516,'Produk Kabel Pigtail SM 0.9 mm G657A2 LSZH Yellow Berhasil Diubah','http://fibertekno.iteos.tech/apps/products/update/bca2bcb9-3479-4676-8121-0f39bbb74232','POST','192.168.0.1','Mozilla/5.0 (Macintosh; Intel Mac OS X 11_0_0) AppleWebKit/537.36 (KHTML, like Gecko) Chrome/86.0.4240.111 Safari/537.36','c7e50632-3efc-4cff-99fd-2a39dee275b2','2020-10-31 16:54:12','2020-10-31 16:54:12'),(517,'Produk Kabel Pigtail SM 0.9 mm G652D LSZH Yellow Berhasil Diubah','http://fibertekno.iteos.tech/apps/products/update/c4793473-e304-420f-a80b-10d3793fee20','POST','192.168.0.1','Mozilla/5.0 (Macintosh; Intel Mac OS X 11_0_0) AppleWebKit/537.36 (KHTML, like Gecko) Chrome/86.0.4240.111 Safari/537.36','c7e50632-3efc-4cff-99fd-2a39dee275b2','2020-10-31 16:56:00','2020-10-31 16:56:00'),(518,'Produk Kabel Pigtail SM 0.9 mm G657A2 LSZH WHITE Berhasil Diubah','http://fibertekno.iteos.tech/apps/products/update/8d8e92b6-c1bb-4cf3-b444-d52c3ac89be3','POST','192.168.0.1','Mozilla/5.0 (Macintosh; Intel Mac OS X 11_0_0) AppleWebKit/537.36 (KHTML, like Gecko) Chrome/86.0.4240.111 Safari/537.36','c7e50632-3efc-4cff-99fd-2a39dee275b2','2020-10-31 16:57:07','2020-10-31 16:57:07'),(519,'Produk Kabel Pigtail SM 0.9 mm G652D LSZH WHITE Berhasil Diubah','http://fibertekno.iteos.tech/apps/products/update/1b8047a6-c6ef-46a4-ac80-49281ce69c9b','POST','192.168.0.1','Mozilla/5.0 (Macintosh; Intel Mac OS X 11_0_0) AppleWebKit/537.36 (KHTML, like Gecko) Chrome/86.0.4240.111 Safari/537.36','c7e50632-3efc-4cff-99fd-2a39dee275b2','2020-10-31 16:58:18','2020-10-31 16:58:18'),(520,'Produk Kabel Patchcord SM SX 2mm G657A2 LSZH YELLOW Berhasil Diubah','http://fibertekno.iteos.tech/apps/products/update/76bbb9c2-c6d3-40fe-a7e5-aa14145ff9d7','POST','192.168.0.1','Mozilla/5.0 (Macintosh; Intel Mac OS X 11_0_0) AppleWebKit/537.36 (KHTML, like Gecko) Chrome/86.0.4240.111 Safari/537.36','c7e50632-3efc-4cff-99fd-2a39dee275b2','2020-10-31 17:08:51','2020-10-31 17:08:51'),(521,'Produk Kabel Patchcord SM SX 2mm G657A2 LSZH YELLOW Berhasil Diubah','http://fibertekno.iteos.tech/apps/products/update/76bbb9c2-c6d3-40fe-a7e5-aa14145ff9d7','POST','192.168.0.1','Mozilla/5.0 (Macintosh; Intel Mac OS X 11_0_0) AppleWebKit/537.36 (KHTML, like Gecko) Chrome/86.0.4240.111 Safari/537.36','c7e50632-3efc-4cff-99fd-2a39dee275b2','2020-10-31 17:26:21','2020-10-31 17:26:21'),(522,'Produk Kabel Patchcord MM OM4 DX 2mm LSZH RED berhasil disimpan','http://fibertekno.iteos.tech/apps/products/store','POST','192.168.0.1','Mozilla/5.0 (Macintosh; Intel Mac OS X 11_0_0) AppleWebKit/537.36 (KHTML, like Gecko) Chrome/86.0.4240.111 Safari/537.36','c7e50632-3efc-4cff-99fd-2a39dee275b2','2020-10-31 18:08:45','2020-10-31 18:08:45'),(523,'Produk Kabel Patchcord MM OM4 DX 2,00mm LSZH RED Berhasil Diubah','http://fibertekno.iteos.tech/apps/products/update/3e10db3c-6056-4b1a-8d9a-5f8a936d924a','POST','192.168.0.1','Mozilla/5.0 (Macintosh; Intel Mac OS X 11_0_0) AppleWebKit/537.36 (KHTML, like Gecko) Chrome/86.0.4240.111 Safari/537.36','c7e50632-3efc-4cff-99fd-2a39dee275b2','2020-10-31 18:11:54','2020-10-31 18:11:54'),(524,'Produk Kabel Patchcord MM OM4 DX 2,0mm BLUE FTI Berhasil Diubah','http://fibertekno.iteos.tech/apps/products/update/5d9c860e-33c0-11ea-aec2-2e728ce88125','POST','192.168.0.1','Mozilla/5.0 (Macintosh; Intel Mac OS X 11_0_0) AppleWebKit/537.36 (KHTML, like Gecko) Chrome/86.0.4240.111 Safari/537.36','c7e50632-3efc-4cff-99fd-2a39dee275b2','2020-10-31 18:16:16','2020-10-31 18:16:16'),(525,'Produk SM DUCT CABLE CONVEN 12 Core - YOFC berhasil disimpan','http://fibertekno.iteos.tech/apps/products/store','POST','192.168.0.1','Mozilla/5.0 (Macintosh; Intel Mac OS X 11_0_0) AppleWebKit/537.36 (KHTML, like Gecko) Chrome/86.0.4240.111 Safari/537.36','c7e50632-3efc-4cff-99fd-2a39dee275b2','2020-11-04 17:54:37','2020-11-04 17:54:37'),(526,'Produk SM DUCT CABLE CONVEN 12 Core - YOFC Berhasil Diubah','http://fibertekno.iteos.tech/apps/products/update/7449f696-c8aa-4995-b7ef-4cde5e91bc38','POST','192.168.0.1','Mozilla/5.0 (Macintosh; Intel Mac OS X 11_0_0) AppleWebKit/537.36 (KHTML, like Gecko) Chrome/86.0.4240.111 Safari/537.36','c7e50632-3efc-4cff-99fd-2a39dee275b2','2020-11-04 17:57:09','2020-11-04 17:57:09'),(527,'Produk SM DUCT CABLE CONVEN 24 Core - YOFC berhasil disimpan','http://fibertekno.iteos.tech/apps/products/store','POST','192.168.0.1','Mozilla/5.0 (Macintosh; Intel Mac OS X 11_0_0) AppleWebKit/537.36 (KHTML, like Gecko) Chrome/86.0.4240.111 Safari/537.36','c7e50632-3efc-4cff-99fd-2a39dee275b2','2020-11-04 19:06:07','2020-11-04 19:06:07'),(528,'User Finmgr Berhasil diubah','http://fibertekno.iteos.tech/apps/users/update/820cbe25-baf5-4d2b-b877-9ce7fdffdc21','POST','192.168.0.1','Mozilla/5.0 (Macintosh; Intel Mac OS X 11_0_0) AppleWebKit/537.36 (KHTML, like Gecko) Chrome/86.0.4240.183 Safari/537.36','c7e50632-3efc-4cff-99fd-2a39dee275b2','2020-11-09 14:18:04','2020-11-09 14:18:04'),(529,'Sales Order SO/FTI/0001/ENGKIRAHMAT/XI/2020 Berhasil Disubmit','http://fibertekno.iteos.tech/apps/sales/orders/store','POST','192.168.0.1','Mozilla/5.0 (Macintosh; Intel Mac OS X 11_0_0) AppleWebKit/537.36 (KHTML, like Gecko) Chrome/86.0.4240.183 Safari/537.36','820cbe25-baf5-4d2b-b877-9ce7fdffdc21','2020-11-09 14:33:36','2020-11-09 14:33:36'),(530,'Sales Order SO/FTI/0001/ENGKIRAHMAT/XI/2020 Berhasil Diproses','http://fibertekno.iteos.tech/apps/sales/orders/approve/ada0a29d-6878-4e6e-9e54-ca683b4aeb77','POST','192.168.0.1','Mozilla/5.0 (Macintosh; Intel Mac OS X 11_0_0) AppleWebKit/537.36 (KHTML, like Gecko) Chrome/86.0.4240.183 Safari/537.36','820cbe25-baf5-4d2b-b877-9ce7fdffdc21','2020-11-09 14:34:04','2020-11-09 14:34:04'),(531,'Pengajuan PR/FTI/0001/YOFCHQ/XI/2020 Berhasil Dibuat','http://fibertekno.iteos.tech/apps/purchase/request/store','POST','192.168.0.1','Mozilla/5.0 (Macintosh; Intel Mac OS X 11_0_0) AppleWebKit/537.36 (KHTML, like Gecko) Chrome/86.0.4240.183 Safari/537.36','820cbe25-baf5-4d2b-b877-9ce7fdffdc21','2020-11-09 14:35:36','2020-11-09 14:35:36'),(532,'Pengajuan PO/FTI/0007/YOFCHQ/XI/2020 Berhasil Diproses','http://fibertekno.iteos.tech/apps/purchase/request/approve/28edb729-14de-4e03-b7bb-0f204c6774de','POST','192.168.0.1','Mozilla/5.0 (Macintosh; Intel Mac OS X 11_0_0) AppleWebKit/537.36 (KHTML, like Gecko) Chrome/86.0.4240.183 Safari/537.36','820cbe25-baf5-4d2b-b877-9ce7fdffdc21','2020-11-09 14:36:09','2020-11-09 14:36:09'),(533,'Pembelian PO/FTI/0007/YOFCHQ/XI/2020 Berhasil Diterima','http://fibertekno.iteos.tech/apps/inventories/purchase-receipt/store','POST','192.168.0.1','Mozilla/5.0 (Macintosh; Intel Mac OS X 11_0_0) AppleWebKit/537.36 (KHTML, like Gecko) Chrome/86.0.4240.183 Safari/537.36','820cbe25-baf5-4d2b-b877-9ce7fdffdc21','2020-11-09 14:37:57','2020-11-09 14:37:57'),(534,'Pembayaran UntukFTI/0006/YOFCHQ/XI/2020 Berhasil Dibuat','http://fibertekno.iteos.tech/apps/finance/purchase-receipt/create','POST','192.168.0.1','Mozilla/5.0 (Macintosh; Intel Mac OS X 11_0_0) AppleWebKit/537.36 (KHTML, like Gecko) Chrome/86.0.4240.183 Safari/537.36','820cbe25-baf5-4d2b-b877-9ce7fdffdc21','2020-11-09 14:39:53','2020-11-09 14:39:53'),(535,'Pembayaran  Berhasil Dibayar','http://fibertekno.iteos.tech/apps/finance/purchase-receipt/payment-made/10','POST','192.168.0.1','Mozilla/5.0 (Macintosh; Intel Mac OS X 11_0_0) AppleWebKit/537.36 (KHTML, like Gecko) Chrome/86.0.4240.183 Safari/537.36','820cbe25-baf5-4d2b-b877-9ce7fdffdc21','2020-11-09 14:40:13','2020-11-09 14:40:13'),(536,'Pembelian PO/FTI/0007/YOFCHQ/XI/2020 Selesai Diproses','http://fibertekno.iteos.tech/apps/purchase/orders/close/28edb729-14de-4e03-b7bb-0f204c6774de','POST','192.168.0.1','Mozilla/5.0 (Macintosh; Intel Mac OS X 11_0_0) AppleWebKit/537.36 (KHTML, like Gecko) Chrome/86.0.4240.183 Safari/537.36','820cbe25-baf5-4d2b-b877-9ce7fdffdc21','2020-11-09 14:40:47','2020-11-09 14:40:47'),(537,'Delivery Order DO/0001/FTI/XI/2020 Sedang Diproses','http://fibertekno.iteos.tech/apps/inventories/delivery-order/store','POST','192.168.0.1','Mozilla/5.0 (Macintosh; Intel Mac OS X 11_0_0) AppleWebKit/537.36 (KHTML, like Gecko) Chrome/86.0.4240.183 Safari/537.36','820cbe25-baf5-4d2b-b877-9ce7fdffdc21','2020-11-09 14:41:49','2020-11-09 14:41:49'),(538,'Invoice  Berhasil Dibuat','http://fibertekno.iteos.tech/apps/finance/invoices/store','POST','192.168.0.1','Mozilla/5.0 (Macintosh; Intel Mac OS X 11_0_0) AppleWebKit/537.36 (KHTML, like Gecko) Chrome/86.0.4240.183 Safari/537.36','820cbe25-baf5-4d2b-b877-9ce7fdffdc21','2020-11-09 14:42:42','2020-11-09 14:42:42'),(539,'Delivery Order SO/FTI/0001/ENGKIRAHMAT/XI/2020 Berhasil Dikirimkan','http://fibertekno.iteos.tech/apps/inventories/delivery-order/delivered/0748fc8f-7733-4351-bf36-8e03c894a682','POST','192.168.0.1','Mozilla/5.0 (Macintosh; Intel Mac OS X 11_0_0) AppleWebKit/537.36 (KHTML, like Gecko) Chrome/86.0.4240.183 Safari/537.36','820cbe25-baf5-4d2b-b877-9ce7fdffdc21','2020-11-09 14:49:59','2020-11-09 14:49:59'),(540,'Invoice  Berhasil Dibayar','http://fibertekno.iteos.tech/apps/finance/invoices/payment-receive/11','POST','192.168.0.1','Mozilla/5.0 (Macintosh; Intel Mac OS X 11_0_0) AppleWebKit/537.36 (KHTML, like Gecko) Chrome/86.0.4240.183 Safari/537.36','820cbe25-baf5-4d2b-b877-9ce7fdffdc21','2020-11-09 14:50:25','2020-11-09 14:50:25'),(541,'Sales Order SO/FTI/0002/JOSEPH/XI/2020 Berhasil Disubmit','http://fibertekno.iteos.tech/apps/sales/orders/store','POST','192.168.0.1','Mozilla/5.0 (Macintosh; Intel Mac OS X 11_0_0) AppleWebKit/537.36 (KHTML, like Gecko) Chrome/86.0.4240.183 Safari/537.36','820cbe25-baf5-4d2b-b877-9ce7fdffdc21','2020-11-09 15:58:05','2020-11-09 15:58:05'),(542,'Sales Order SO/FTI/0002/JOSEPH/XI/2020 Berhasil Diproses','http://fibertekno.iteos.tech/apps/sales/orders/approve/35efa204-965a-46b3-adba-b2947ec1aeb5','POST','192.168.0.1','Mozilla/5.0 (Macintosh; Intel Mac OS X 11_0_0) AppleWebKit/537.36 (KHTML, like Gecko) Chrome/86.0.4240.183 Safari/537.36','820cbe25-baf5-4d2b-b877-9ce7fdffdc21','2020-11-09 15:58:21','2020-11-09 15:58:21'),(543,'Delivery Order DO/0002/FTI/XI/2020 Sedang Diproses','http://fibertekno.iteos.tech/apps/inventories/delivery-order/store','POST','192.168.0.1','Mozilla/5.0 (Macintosh; Intel Mac OS X 11_0_0) AppleWebKit/537.36 (KHTML, like Gecko) Chrome/86.0.4240.183 Safari/537.36','820cbe25-baf5-4d2b-b877-9ce7fdffdc21','2020-11-09 16:00:43','2020-11-09 16:00:43'),(544,'Invoice  Berhasil Dibuat','http://fibertekno.iteos.tech/apps/finance/invoices/store','POST','192.168.0.1','Mozilla/5.0 (Macintosh; Intel Mac OS X 11_0_0) AppleWebKit/537.36 (KHTML, like Gecko) Chrome/86.0.4240.183 Safari/537.36','820cbe25-baf5-4d2b-b877-9ce7fdffdc21','2020-11-09 16:01:32','2020-11-09 16:01:32');
/*!40000 ALTER TABLE `log_activities` ENABLE KEYS */;
UNLOCK TABLES;

--
-- Table structure for table `manufacture_items`
--

DROP TABLE IF EXISTS `manufacture_items`;
/*!40101 SET @saved_cs_client     = @@character_set_client */;
/*!40101 SET character_set_client = utf8 */;
CREATE TABLE `manufacture_items` (
  `id` bigint(20) unsigned NOT NULL AUTO_INCREMENT,
  `manufacture_id` char(36) COLLATE utf8mb4_unicode_ci NOT NULL,
  `item_name` varchar(255) COLLATE utf8mb4_unicode_ci NOT NULL,
  `qty` decimal(50,2) NOT NULL,
  `result` decimal(50,2) DEFAULT NULL,
  `scrap` decimal(50,2) DEFAULT NULL,
  `uom_id` char(36) COLLATE utf8mb4_unicode_ci NOT NULL,
  `created_at` timestamp NULL DEFAULT NULL,
  `updated_at` timestamp NULL DEFAULT NULL,
  PRIMARY KEY (`id`),
  KEY `manufacture_items_manufacture_id_foreign` (`manufacture_id`),
  CONSTRAINT `manufacture_items_manufacture_id_foreign` FOREIGN KEY (`manufacture_id`) REFERENCES `manufactures` (`id`) ON DELETE CASCADE ON UPDATE CASCADE
) ENGINE=InnoDB AUTO_INCREMENT=3 DEFAULT CHARSET=utf8mb4 COLLATE=utf8mb4_unicode_ci;
/*!40101 SET character_set_client = @saved_cs_client */;

--
-- Dumping data for table `manufacture_items`
--

LOCK TABLES `manufacture_items` WRITE;
/*!40000 ALTER TABLE `manufacture_items` DISABLE KEYS */;
INSERT INTO `manufacture_items` VALUES (1,'4259b4f8-b3fb-4c94-aab0-a460b9e23790','Cable MM OM1 DX (2,0mm)',300.00,NULL,NULL,'2','2020-09-30 11:10:47','2020-09-30 11:10:47'),(2,'4259b4f8-b3fb-4c94-aab0-a460b9e23790','Connector MM LC/PC (2,0mm)',400.00,NULL,NULL,'1','2020-09-30 11:10:47','2020-09-30 11:10:47');
/*!40000 ALTER TABLE `manufacture_items` ENABLE KEYS */;
UNLOCK TABLES;

--
-- Table structure for table `manufactures`
--

DROP TABLE IF EXISTS `manufactures`;
/*!40101 SET @saved_cs_client     = @@character_set_client */;
/*!40101 SET character_set_client = utf8 */;
CREATE TABLE `manufactures` (
  `id` char(36) COLLATE utf8mb4_unicode_ci NOT NULL,
  `sales_order` char(36) COLLATE utf8mb4_unicode_ci DEFAULT NULL,
  `order_ref` varchar(255) COLLATE utf8mb4_unicode_ci NOT NULL,
  `product_name` varchar(255) COLLATE utf8mb4_unicode_ci NOT NULL,
  `deadline` date DEFAULT NULL,
  `status_id` char(36) COLLATE utf8mb4_unicode_ci NOT NULL DEFAULT '8083f49e-f0aa-4094-894f-f64cd2e9e4e9',
  `warehouse_id` char(36) COLLATE utf8mb4_unicode_ci NOT NULL,
  `created_by` varchar(255) COLLATE utf8mb4_unicode_ci NOT NULL,
  `approve_by` varchar(255) COLLATE utf8mb4_unicode_ci DEFAULT NULL,
  `process_by` varchar(255) COLLATE utf8mb4_unicode_ci DEFAULT NULL,
  `end_by` varchar(255) COLLATE utf8mb4_unicode_ci DEFAULT NULL,
  `start_production` datetime DEFAULT NULL,
  `end_production` datetime DEFAULT NULL,
  `man_plan` decimal(50,2) NOT NULL,
  `man_result` decimal(50,2) DEFAULT NULL,
  `created_at` timestamp NULL DEFAULT NULL,
  `updated_at` timestamp NULL DEFAULT NULL,
  PRIMARY KEY (`id`)
) ENGINE=InnoDB DEFAULT CHARSET=utf8mb4 COLLATE=utf8mb4_unicode_ci;
/*!40101 SET character_set_client = @saved_cs_client */;

--
-- Dumping data for table `manufactures`
--

LOCK TABLES `manufactures` WRITE;
/*!40000 ALTER TABLE `manufactures` DISABLE KEYS */;
INSERT INTO `manufactures` VALUES ('1fb3e5a4-cfe6-4df6-b9af-4893aec0ec8b',NULL,'MR/FTI/0004/X/2020','Precon 1 Core SC/UPC-SC/UPC 100m','2020-10-21','5bc79891-e396-4792-a0f3-617ece2a00ce','ce8b061c-b1bb-4627-b80f-6a42a364109b','Irena (Production Adm)',NULL,NULL,NULL,NULL,NULL,100.00,NULL,'2020-10-18 17:08:39','2020-10-18 17:08:39'),('3720aa76-10f3-4d2d-8214-f00236c90303',NULL,'MR/FTI/0003/X/2020','Patchcord SM SX (3,0mm) SC/UPC-SC/UPC 3m','2020-10-20','5bc79891-e396-4792-a0f3-617ece2a00ce','ce8b061c-b1bb-4627-b80f-6a42a364109b','Irena (Production Adm)',NULL,NULL,NULL,NULL,NULL,600.00,NULL,'2020-10-18 17:03:31','2020-10-18 17:03:31'),('4259b4f8-b3fb-4c94-aab0-a460b9e23790',NULL,'MO/FTI/0001/IX/2020','Patchcord MM OM1 DX (2,0mm) LC/PC-LC/PC 3m',NULL,'d4f7f9f3-4f5f-4063-b6ab-dc03f89ec87e','ce8b061c-b1bb-4627-b80f-6a42a364109b','Mirza Rizaldy','Mirza Rizaldy',NULL,NULL,NULL,NULL,100.00,NULL,'2020-09-30 11:10:47','2020-09-30 11:49:11'),('51817423-dc47-4691-aa11-bde3017c4dff',NULL,'MR/FTI/0006/X/2020','Patchcord SM Sx 2mm Sc Upc - Lc Upc 10M',NULL,'5bc79891-e396-4792-a0f3-617ece2a00ce','ce8b061c-b1bb-4627-b80f-6a42a364109b','Irena (Production Adm)',NULL,NULL,NULL,NULL,NULL,1.00,NULL,'2020-10-23 16:35:24','2020-10-23 16:35:24'),('59c35bce-2af1-4ceb-8c1d-8ac9e9436f65',NULL,'MR/FTI/0005/X/2020','Patchcord SM DX (2,0mm) LC/UPC-LC/UPC 3m','2020-10-21','5bc79891-e396-4792-a0f3-617ece2a00ce','ce8b061c-b1bb-4627-b80f-6a42a364109b','Irena (Production Adm)',NULL,NULL,NULL,NULL,NULL,20.00,NULL,'2020-10-18 17:21:23','2020-10-18 17:21:23'),('e090854a-94e0-4937-a930-90b3cd37aca2',NULL,'MO/FTI/0002/X/2020','Patchcord SM DX (3,0mm) SC/UPC-SC/UPC 10m','2020-10-25','5af2f030-efe0-426e-819d-6df5f6fb8cc5','ce8b061c-b1bb-4627-b80f-6a42a364109b','Irena (Production Adm)','Irena (Production Adm)',NULL,NULL,NULL,NULL,100.00,NULL,'2020-10-18 15:31:03','2020-10-18 15:31:23');
/*!40000 ALTER TABLE `manufactures` ENABLE KEYS */;
UNLOCK TABLES;

--
-- Table structure for table `migrations`
--

DROP TABLE IF EXISTS `migrations`;
/*!40101 SET @saved_cs_client     = @@character_set_client */;
/*!40101 SET character_set_client = utf8 */;
CREATE TABLE `migrations` (
  `id` int(10) unsigned NOT NULL AUTO_INCREMENT,
  `migration` varchar(255) COLLATE utf8mb4_unicode_ci NOT NULL,
  `batch` int(11) NOT NULL,
  PRIMARY KEY (`id`)
) ENGINE=InnoDB AUTO_INCREMENT=84 DEFAULT CHARSET=utf8mb4 COLLATE=utf8mb4_unicode_ci;
/*!40101 SET character_set_client = @saved_cs_client */;

--
-- Dumping data for table `migrations`
--

LOCK TABLES `migrations` WRITE;
/*!40000 ALTER TABLE `migrations` DISABLE KEYS */;
INSERT INTO `migrations` VALUES (1,'2014_10_12_000000_create_users_table',1),(2,'2014_10_12_100000_create_password_resets_table',1),(3,'2019_09_04_083904_create_divisions_table',1),(4,'2019_09_04_083916_create_statuses_table',1),(5,'2019_09_04_083928_create_warehouses_table',1),(6,'2019_09_04_211618_create_log_activities_table',2),(7,'2019_09_04_211848_create_permission_tables',2),(8,'2019_09_05_225910_create_payment_methods_table',3),(9,'2019_09_05_230100_create_payment_terms_table',3),(10,'2019_09_05_230914_create_uom_categories_table',4),(11,'2019_09_05_230930_create_uom_values_table',4),(12,'2019_09_06_074801_create_contacts_table',5),(13,'2019_09_07_083416_create_product_categories_table',6),(15,'2019_09_07_084554_create_products_table',7),(19,'2019_09_08_215819_create_internal_transfers_table',10),(20,'2019_09_09_223056_create_sales_table',11),(21,'2019_09_09_232534_create_sale_items_table',11),(22,'2019_09_10_200022_create_purchases_table',12),(23,'2019_09_10_200121_create_purchase_items_table',12),(24,'2019_09_11_223042_create_deliveries_table',13),(29,'2019_09_19_231526_create_manufacture_calculates_table',16),(30,'2019_09_22_225704_create_internal_items_table',17),(31,'2019_09_11_232813_create_manufactures_table',18),(32,'2019_09_11_233120_create_manufacture_items_table',18),(37,'2019_09_24_102135_create_work_items_table',19),(41,'2019_10_11_000017_create_delivery_services_table',21),(48,'2014_10_00_000001_add_group_column_on_settings_table',24),(54,'2020_01_06_235627_create_user_warehouses_table',27),(58,'2019_09_07_211518_create_inventories_table',29),(64,'2019_09_30_225904_create_invoices_table',32),(65,'2020_01_15_235803_create_delivery_items_table',32),(66,'2020_01_17_200048_create_references_table',33),(67,'2020_01_17_230338_create_receive_purchases_table',34),(68,'2020_01_17_230354_create_receive_purchase_items_table',34),(70,'2020_01_18_111930_create_invoices_table',36),(74,'2020_01_23_012028_create_returs_table',37),(75,'2020_01_23_012035_create_retur_items_table',37),(76,'2020_01_23_022055_create_retur_reasons_table',38),(79,'2019_09_07_212548_create_product_boms_table',39),(80,'2019_09_07_211754_create_inventory_movements_table',40),(81,'2020_01_13_041442_create_payments_table',41),(82,'2020_01_18_103842_create_payment_items_table',41),(83,'2020_09_22_041722_create_payment_cicilans_table',42);
/*!40000 ALTER TABLE `migrations` ENABLE KEYS */;
UNLOCK TABLES;

--
-- Table structure for table `model_has_permissions`
--

DROP TABLE IF EXISTS `model_has_permissions`;
/*!40101 SET @saved_cs_client     = @@character_set_client */;
/*!40101 SET character_set_client = utf8 */;
CREATE TABLE `model_has_permissions` (
  `permission_id` int(10) unsigned NOT NULL,
  `model_type` varchar(255) COLLATE utf8mb4_unicode_ci NOT NULL,
  `model_id` char(36) COLLATE utf8mb4_unicode_ci NOT NULL,
  PRIMARY KEY (`permission_id`,`model_id`,`model_type`),
  KEY `model_has_permissions_model_id_model_type_index` (`model_id`,`model_type`),
  CONSTRAINT `model_has_permissions_permission_id_foreign` FOREIGN KEY (`permission_id`) REFERENCES `permissions` (`id`) ON DELETE CASCADE
) ENGINE=InnoDB DEFAULT CHARSET=utf8mb4 COLLATE=utf8mb4_unicode_ci;
/*!40101 SET character_set_client = @saved_cs_client */;

--
-- Dumping data for table `model_has_permissions`
--

LOCK TABLES `model_has_permissions` WRITE;
/*!40000 ALTER TABLE `model_has_permissions` DISABLE KEYS */;
/*!40000 ALTER TABLE `model_has_permissions` ENABLE KEYS */;
UNLOCK TABLES;

--
-- Table structure for table `model_has_roles`
--

DROP TABLE IF EXISTS `model_has_roles`;
/*!40101 SET @saved_cs_client     = @@character_set_client */;
/*!40101 SET character_set_client = utf8 */;
CREATE TABLE `model_has_roles` (
  `role_id` int(10) unsigned NOT NULL,
  `model_type` varchar(255) COLLATE utf8mb4_unicode_ci NOT NULL,
  `model_id` char(36) COLLATE utf8mb4_unicode_ci NOT NULL,
  PRIMARY KEY (`role_id`,`model_id`,`model_type`),
  KEY `model_has_roles_model_id_model_type_index` (`model_id`,`model_type`),
  CONSTRAINT `model_has_roles_role_id_foreign` FOREIGN KEY (`role_id`) REFERENCES `roles` (`id`) ON DELETE CASCADE
) ENGINE=InnoDB DEFAULT CHARSET=utf8mb4 COLLATE=utf8mb4_unicode_ci;
/*!40101 SET character_set_client = @saved_cs_client */;

--
-- Dumping data for table `model_has_roles`
--

LOCK TABLES `model_has_roles` WRITE;
/*!40000 ALTER TABLE `model_has_roles` DISABLE KEYS */;
INSERT INTO `model_has_roles` VALUES (8,'iteos\\Models\\User','071ea324-a8d2-4f79-8f8a-23c90bc191ff'),(1,'iteos\\Models\\User','24d21373-b462-4888-8d27-d365c33fbf6a'),(11,'iteos\\Models\\User','25b76385-8f8d-4422-a62e-21c671bfcaec'),(1,'iteos\\Models\\User','45e3cf2e-1b27-43ff-b3e8-32d3695b6434'),(1,'iteos\\Models\\User','589f13c5-f185-4bb2-95d8-c62b12c8271d'),(4,'iteos\\Models\\User','74718047-dc5d-4f47-87fc-8db9e4fdb527'),(1,'iteos\\Models\\User','820cbe25-baf5-4d2b-b877-9ce7fdffdc21'),(12,'iteos\\Models\\User','994a52f5-285e-4401-95b2-166cc353bb65'),(7,'iteos\\Models\\User','a7acf627-9108-44c0-a028-2d9bf7829108'),(1,'iteos\\Models\\User','bb536994-ada3-4caa-b97b-e412dc2cc882'),(1,'iteos\\Models\\User','c7e50632-3efc-4cff-99fd-2a39dee275b2'),(5,'iteos\\Models\\User','cb512697-44d9-4683-9bae-0a8e28a3252b'),(12,'iteos\\Models\\User','f68f2a18-623f-4c1a-bfde-7f029c603a17');
/*!40000 ALTER TABLE `model_has_roles` ENABLE KEYS */;
UNLOCK TABLES;

--
-- Table structure for table `models_retur_items`
--

DROP TABLE IF EXISTS `models_retur_items`;
/*!40101 SET @saved_cs_client     = @@character_set_client */;
/*!40101 SET character_set_client = utf8 */;
CREATE TABLE `models_retur_items` (
  `id` bigint(20) unsigned NOT NULL AUTO_INCREMENT,
  `retur_id` char(36) COLLATE utf8mb4_unicode_ci NOT NULL,
  `product_name` varchar(255) COLLATE utf8mb4_unicode_ci NOT NULL,
  `order_qty` decimal(50,2) NOT NULL,
  `retur_qty` decimal(50,2) NOT NULL,
  `uom_id` char(36) COLLATE utf8mb4_unicode_ci NOT NULL,
  `reason_retur` varchar(255) COLLATE utf8mb4_unicode_ci NOT NULL,
  `notes` text COLLATE utf8mb4_unicode_ci,
  `created_at` timestamp NULL DEFAULT NULL,
  `updated_at` timestamp NULL DEFAULT NULL,
  PRIMARY KEY (`id`)
) ENGINE=InnoDB DEFAULT CHARSET=utf8mb4 COLLATE=utf8mb4_unicode_ci;
/*!40101 SET character_set_client = @saved_cs_client */;

--
-- Dumping data for table `models_retur_items`
--

LOCK TABLES `models_retur_items` WRITE;
/*!40000 ALTER TABLE `models_retur_items` DISABLE KEYS */;
/*!40000 ALTER TABLE `models_retur_items` ENABLE KEYS */;
UNLOCK TABLES;

--
-- Table structure for table `password_resets`
--

DROP TABLE IF EXISTS `password_resets`;
/*!40101 SET @saved_cs_client     = @@character_set_client */;
/*!40101 SET character_set_client = utf8 */;
CREATE TABLE `password_resets` (
  `email` varchar(255) COLLATE utf8mb4_unicode_ci NOT NULL,
  `token` varchar(255) COLLATE utf8mb4_unicode_ci NOT NULL,
  `created_at` timestamp NULL DEFAULT NULL,
  KEY `password_resets_email_index` (`email`)
) ENGINE=InnoDB DEFAULT CHARSET=utf8mb4 COLLATE=utf8mb4_unicode_ci;
/*!40101 SET character_set_client = @saved_cs_client */;

--
-- Dumping data for table `password_resets`
--

LOCK TABLES `password_resets` WRITE;
/*!40000 ALTER TABLE `password_resets` DISABLE KEYS */;
INSERT INTO `password_resets` VALUES ('sysadmin@local.com','$2y$10$UmeGPdwccixnCl4pwOAA0ep.Mt3yEX5zi94hR/KQRSaioyc7nmcsm','2020-10-18 14:29:50');
/*!40000 ALTER TABLE `password_resets` ENABLE KEYS */;
UNLOCK TABLES;

--
-- Table structure for table `payment_cicilans`
--

DROP TABLE IF EXISTS `payment_cicilans`;
/*!40101 SET @saved_cs_client     = @@character_set_client */;
/*!40101 SET character_set_client = utf8 */;
CREATE TABLE `payment_cicilans` (
  `id` bigint(20) unsigned NOT NULL AUTO_INCREMENT,
  `payment_id` bigint(20) unsigned NOT NULL,
  `payment` decimal(50,2) NOT NULL,
  `remaining` decimal(50,2) NOT NULL,
  `created_at` timestamp NULL DEFAULT NULL,
  `updated_at` timestamp NULL DEFAULT NULL,
  PRIMARY KEY (`id`),
  KEY `payment_cicilans_payment_id_foreign` (`payment_id`),
  CONSTRAINT `payment_cicilans_payment_id_foreign` FOREIGN KEY (`payment_id`) REFERENCES `payments` (`id`) ON DELETE CASCADE ON UPDATE CASCADE
) ENGINE=InnoDB DEFAULT CHARSET=utf8mb4 COLLATE=utf8mb4_unicode_ci;
/*!40101 SET character_set_client = @saved_cs_client */;

--
-- Dumping data for table `payment_cicilans`
--

LOCK TABLES `payment_cicilans` WRITE;
/*!40000 ALTER TABLE `payment_cicilans` DISABLE KEYS */;
/*!40000 ALTER TABLE `payment_cicilans` ENABLE KEYS */;
UNLOCK TABLES;

--
-- Table structure for table `payment_items`
--

DROP TABLE IF EXISTS `payment_items`;
/*!40101 SET @saved_cs_client     = @@character_set_client */;
/*!40101 SET character_set_client = utf8 */;
CREATE TABLE `payment_items` (
  `id` bigint(20) unsigned NOT NULL AUTO_INCREMENT,
  `payment_id` bigint(20) unsigned NOT NULL,
  `product_name` varchar(255) COLLATE utf8mb4_unicode_ci NOT NULL,
  `uom_id` int(11) NOT NULL,
  `quantity` decimal(10,2) NOT NULL,
  `subtotal` decimal(50,2) NOT NULL,
  `tax_amount` decimal(50,2) DEFAULT NULL,
  `created_at` timestamp NULL DEFAULT NULL,
  `updated_at` timestamp NULL DEFAULT NULL,
  PRIMARY KEY (`id`),
  KEY `payment_items_payment_id_foreign` (`payment_id`),
  CONSTRAINT `payment_items_payment_id_foreign` FOREIGN KEY (`payment_id`) REFERENCES `payments` (`id`) ON DELETE CASCADE ON UPDATE CASCADE
) ENGINE=InnoDB AUTO_INCREMENT=33 DEFAULT CHARSET=utf8mb4 COLLATE=utf8mb4_unicode_ci;
/*!40101 SET character_set_client = @saved_cs_client */;

--
-- Dumping data for table `payment_items`
--

LOCK TABLES `payment_items` WRITE;
/*!40000 ALTER TABLE `payment_items` DISABLE KEYS */;
INSERT INTO `payment_items` VALUES (1,1,'Adapter Dustcaps Black',1,1000.00,1000000.00,0.00,'2020-09-30 04:44:48','2020-09-30 04:44:48'),(2,2,'Adapter Dustcaps Black',1,500.00,1000000.00,0.00,'2020-09-30 10:58:36','2020-09-30 10:58:36'),(3,3,'Adapter Dustcaps Black',1,150.00,375000.00,NULL,'2020-09-30 11:07:28','2020-09-30 11:07:28'),(4,4,'Pigtail SM SX (3,0mm) FC/UPC 5m',1,100.00,1500000.00,NULL,'2020-10-05 17:19:56','2020-10-05 17:19:56'),(5,5,'ODP 18',1,150.00,37500000.00,NULL,'2020-10-10 16:32:41','2020-10-10 16:32:41'),(6,7,'Precon 1 Core SC/APC-SC/APC 100M',1,1.00,2000.00,NULL,'2020-10-18 16:24:04','2020-10-18 16:24:04'),(7,7,'Patchcord MM DX Out Door SC/UPC-LC/UPC 10m Heat Shrink Kuning',1,1.00,1000.00,NULL,'2020-10-18 16:24:04','2020-10-18 16:24:04'),(8,7,'Patchcord MM DX Out Door SC/UPC-LC/UPC 5m Heat Shrink Hitam PAZ',1,1.00,1000.00,NULL,'2020-10-18 16:24:04','2020-10-18 16:24:04'),(9,7,'Patchcord MM DX Out Door SC/UPC-LC/UPC 5m Heat Shrink Hitam PAZ',1,1.00,1000.00,NULL,'2020-10-18 16:24:04','2020-10-18 16:24:04'),(10,7,'Patchcord MM DX Out Door SC/UPC-SC/UPC 5m Heat Shrink Hitam',1,1.00,1000.00,NULL,'2020-10-18 16:24:04','2020-10-18 16:24:04'),(11,7,'Precon 1 Core SC/APC-SC/APC 100M',1,1.00,2000.00,NULL,'2020-10-18 16:24:04','2020-10-18 16:24:04'),(12,7,'Precon 1 Core SC/APC-SC/APC 100M',1,1.00,2000.00,NULL,'2020-10-18 16:24:04','2020-10-18 16:24:04'),(13,7,'Precon 1 Core SC/APC-SC/APC 120M',1,1.00,2000.00,NULL,'2020-10-18 16:24:04','2020-10-18 16:24:04'),(14,8,'Precon 1 Core SC/APC-SC/APC 100M',1,1.00,2000.00,NULL,'2020-10-18 16:52:22','2020-10-18 16:52:22'),(15,8,'Patchcord MM DX Out Door SC/UPC-LC/UPC 10m Heat Shrink Kuning',1,1.00,1000.00,NULL,'2020-10-18 16:52:22','2020-10-18 16:52:22'),(16,8,'Patchcord MM DX Out Door SC/UPC-LC/UPC 5m Heat Shrink Hitam PAZ',1,1.00,1000.00,NULL,'2020-10-18 16:52:22','2020-10-18 16:52:22'),(17,8,'Patchcord MM DX Out Door SC/UPC-LC/UPC 5m Heat Shrink Hitam PAZ',1,1.00,1000.00,NULL,'2020-10-18 16:52:22','2020-10-18 16:52:22'),(18,8,'Patchcord MM DX Out Door SC/UPC-SC/UPC 5m Heat Shrink Hitam',1,1.00,1000.00,NULL,'2020-10-18 16:52:22','2020-10-18 16:52:22'),(19,8,'Precon 1 Core SC/APC-SC/APC 100M',1,1.00,2000.00,NULL,'2020-10-18 16:52:22','2020-10-18 16:52:22'),(20,8,'Precon 1 Core SC/APC-SC/APC 100M',1,1.00,2000.00,NULL,'2020-10-18 16:52:22','2020-10-18 16:52:22'),(21,8,'Precon 1 Core SC/APC-SC/APC 120M',1,1.00,2000.00,NULL,'2020-10-18 16:52:22','2020-10-18 16:52:22'),(22,9,'Precon 1 Core SC/APC-SC/APC 100M',1,1.00,2000.00,NULL,'2020-10-18 17:14:53','2020-10-18 17:14:53'),(23,9,'Patchcord MM DX Out Door SC/UPC-LC/UPC 10m Heat Shrink Kuning',1,1.00,1000.00,NULL,'2020-10-18 17:14:53','2020-10-18 17:14:53'),(24,9,'Patchcord MM DX Out Door SC/UPC-LC/UPC 5m Heat Shrink Hitam PAZ',1,1.00,1000.00,NULL,'2020-10-18 17:14:53','2020-10-18 17:14:53'),(25,9,'Patchcord MM DX Out Door SC/UPC-LC/UPC 5m Heat Shrink Hitam PAZ',1,1.00,1000.00,NULL,'2020-10-18 17:14:53','2020-10-18 17:14:53'),(26,9,'Patchcord MM DX Out Door SC/UPC-SC/UPC 5m Heat Shrink Hitam',1,1.00,1000.00,NULL,'2020-10-18 17:14:53','2020-10-18 17:14:53'),(27,9,'Precon 1 Core SC/APC-SC/APC 100M',1,1.00,2000.00,NULL,'2020-10-18 17:14:53','2020-10-18 17:14:53'),(28,9,'Precon 1 Core SC/APC-SC/APC 100M',1,1.00,2000.00,NULL,'2020-10-18 17:14:53','2020-10-18 17:14:53'),(29,9,'Precon 1 Core SC/APC-SC/APC 120M',1,1.00,2000.00,NULL,'2020-10-18 17:14:53','2020-10-18 17:14:53'),(30,10,'Pigtail MM OM2 DX (3,0mm) ST/PC 3m',1,50.00,1000000.00,0.00,'2020-11-09 14:39:53','2020-11-09 14:39:53'),(31,11,'Pigtail MM OM2 DX (3,0mm) ST/PC 3m',1,10.00,375000.00,NULL,'2020-11-09 14:42:42','2020-11-09 14:42:42'),(32,12,'Patchcord SM SX (3,0mm) SC/UPC-SC/APC 20m',1,0.00,0.00,NULL,'2020-11-09 16:01:32','2020-11-09 16:01:32');
/*!40000 ALTER TABLE `payment_items` ENABLE KEYS */;
UNLOCK TABLES;

--
-- Table structure for table `payment_methods`
--

DROP TABLE IF EXISTS `payment_methods`;
/*!40101 SET @saved_cs_client     = @@character_set_client */;
/*!40101 SET character_set_client = utf8 */;
CREATE TABLE `payment_methods` (
  `id` int(10) unsigned NOT NULL AUTO_INCREMENT,
  `name` varchar(255) COLLATE utf8mb4_unicode_ci NOT NULL,
  `created_by` varchar(255) COLLATE utf8mb4_unicode_ci NOT NULL,
  `updated_by` varchar(255) COLLATE utf8mb4_unicode_ci DEFAULT NULL,
  `created_at` timestamp NULL DEFAULT NULL,
  `updated_at` timestamp NULL DEFAULT NULL,
  PRIMARY KEY (`id`)
) ENGINE=InnoDB AUTO_INCREMENT=3 DEFAULT CHARSET=utf8mb4 COLLATE=utf8mb4_unicode_ci;
/*!40101 SET character_set_client = @saved_cs_client */;

--
-- Dumping data for table `payment_methods`
--

LOCK TABLES `payment_methods` WRITE;
/*!40000 ALTER TABLE `payment_methods` DISABLE KEYS */;
INSERT INTO `payment_methods` VALUES (1,'Transfer Bank','eko',NULL,'2020-01-05 19:42:56','2020-01-05 19:42:56'),(2,'Tunai','eko',NULL,'2020-04-13 18:16:02','2020-04-13 18:16:02');
/*!40000 ALTER TABLE `payment_methods` ENABLE KEYS */;
UNLOCK TABLES;

--
-- Table structure for table `payment_terms`
--

DROP TABLE IF EXISTS `payment_terms`;
/*!40101 SET @saved_cs_client     = @@character_set_client */;
/*!40101 SET character_set_client = utf8 */;
CREATE TABLE `payment_terms` (
  `id` int(10) unsigned NOT NULL AUTO_INCREMENT,
  `name` varchar(255) COLLATE utf8mb4_unicode_ci NOT NULL,
  `created_by` varchar(255) COLLATE utf8mb4_unicode_ci NOT NULL,
  `updated_by` varchar(255) COLLATE utf8mb4_unicode_ci DEFAULT NULL,
  `created_at` timestamp NULL DEFAULT NULL,
  `updated_at` timestamp NULL DEFAULT NULL,
  PRIMARY KEY (`id`)
) ENGINE=InnoDB AUTO_INCREMENT=7 DEFAULT CHARSET=utf8mb4 COLLATE=utf8mb4_unicode_ci;
/*!40101 SET character_set_client = @saved_cs_client */;

--
-- Dumping data for table `payment_terms`
--

LOCK TABLES `payment_terms` WRITE;
/*!40000 ALTER TABLE `payment_terms` DISABLE KEYS */;
INSERT INTO `payment_terms` VALUES (1,'Cash On Delivery','eko',NULL,'2020-01-05 19:43:06','2020-01-05 19:43:06'),(2,'7 Hari','eko',NULL,'2020-01-05 19:43:12','2020-01-05 19:43:12'),(3,'14 Hari','eko',NULL,'2020-01-05 19:43:18','2020-01-05 19:43:18'),(4,'1 bulan','Dina',NULL,'2020-05-18 07:43:12','2020-05-18 07:43:12'),(5,'3 bulan','Dina',NULL,'2020-05-18 07:46:38','2020-05-18 07:46:38'),(6,'6 bulan','Dina',NULL,'2020-05-18 07:53:56','2020-05-18 07:53:56');
/*!40000 ALTER TABLE `payment_terms` ENABLE KEYS */;
UNLOCK TABLES;

--
-- Table structure for table `payments`
--

DROP TABLE IF EXISTS `payments`;
/*!40101 SET @saved_cs_client     = @@character_set_client */;
/*!40101 SET character_set_client = utf8 */;
CREATE TABLE `payments` (
  `id` bigint(20) unsigned NOT NULL AUTO_INCREMENT,
  `reference_no` varchar(255) COLLATE utf8mb4_unicode_ci NOT NULL,
  `type_id` smallint(6) NOT NULL,
  `contact_id` char(36) COLLATE utf8mb4_unicode_ci NOT NULL,
  `terms_no` smallint(6) DEFAULT NULL,
  `total_terms` int(10) DEFAULT NULL,
  `sales_order` varchar(255) COLLATE utf8mb4_unicode_ci DEFAULT NULL,
  `purchase_order` varchar(255) COLLATE utf8mb4_unicode_ci DEFAULT NULL,
  `warehouse_ref` varchar(255) COLLATE utf8mb4_unicode_ci DEFAULT NULL,
  `subtotal` decimal(50,2) DEFAULT NULL,
  `amount` decimal(50,2) NOT NULL,
  `tax_total` decimal(50,2) DEFAULT NULL,
  `delivery_cost` decimal(50,2) NOT NULL,
  `status_id` char(36) COLLATE utf8mb4_unicode_ci NOT NULL DEFAULT '3da32f6e-494f-4b61-b010-7ccc0e006fb3',
  `created_by` varchar(255) COLLATE utf8mb4_unicode_ci NOT NULL,
  `release_by` varchar(255) COLLATE utf8mb4_unicode_ci DEFAULT NULL,
  `payment_received` date DEFAULT NULL,
  `payment_made` date DEFAULT NULL,
  `created_at` timestamp NULL DEFAULT NULL,
  `updated_at` timestamp NULL DEFAULT NULL,
  PRIMARY KEY (`id`)
) ENGINE=InnoDB AUTO_INCREMENT=13 DEFAULT CHARSET=utf8mb4 COLLATE=utf8mb4_unicode_ci;
/*!40101 SET character_set_client = @saved_cs_client */;

--
-- Dumping data for table `payments`
--

LOCK TABLES `payments` WRITE;
/*!40000 ALTER TABLE `payments` DISABLE KEYS */;
INSERT INTO `payments` VALUES (1,'FTI/0001/Trio/IX/2020',2,'3b59e30e-d5ad-4bca-966b-69d275e140d4',NULL,NULL,NULL,'PO/FTI/0001/Trio/IX/2020','RP/0001/FTI/IX/2020',1000000.00,1015000.00,0.00,15000.00,'d6c23804-3b9b-40ca-b050-146af5594f5d','Mirza Rizaldy','Mirza Rizaldy',NULL,'2020-09-30','2020-09-30 04:44:48','2020-09-30 04:45:19'),(2,'FTI/0002/Trio/IX/2020',2,'3b59e30e-d5ad-4bca-966b-69d275e140d4',NULL,NULL,NULL,'PO/FTI/0002/Trio/IX/2020','RP/0002/FTI/IX/2020',1000000.00,1001000.00,0.00,1000.00,'d6c23804-3b9b-40ca-b050-146af5594f5d','Mirza Rizaldy','Mirza Rizaldy',NULL,'2020-09-30','2020-09-30 10:58:36','2020-09-30 11:03:06'),(3,'INV/FTI/0001/FTI-C-0000010/IX/2020',1,'008a1051-7b08-4ba8-8677-24911558245e',NULL,NULL,'SO/FTI/0001/FTI-C-0000010/IX/2020',NULL,'DO/0001/FTI/IX/2020',375000.00,385000.00,NULL,10000.00,'805ec360-ebe1-4872-9798-a69dbac86a29','Mirza Rizaldy',NULL,NULL,'2020-10-02','2020-09-30 11:07:28','2020-10-01 18:57:08'),(4,'FTI/0005/IMP/CHN/001/X/2020',2,'9ea60706-92ea-41a9-8f35-01800f396ad9',NULL,NULL,NULL,'PO/FTI/0003/IMP/CHN/001/X/2020','RP/0002/FTI/X/2020',1500000.00,1510000.00,0.00,10000.00,'d6c23804-3b9b-40ca-b050-146af5594f5d','Mirza Rizaldy','Mirza Rizaldy',NULL,'2020-10-05','2020-10-05 17:19:56','2020-10-05 17:42:14'),(5,'INV/FTI/0001/DEDIBOGOR/X/2020',1,'3fb31237-4421-416c-b5ea-b160c48234b3',NULL,NULL,'SO/FTI/0002/DEDIBOGOR/X/2020',NULL,'DO/0001/FTI/X/2020',37500000.00,260000.00,NULL,10000.00,'805ec360-ebe1-4872-9798-a69dbac86a29','adminsales2',NULL,NULL,'2020-10-10','2020-10-10 16:32:41','2020-10-10 16:36:04'),(6,'INV/FTI/0002/BUDICVPJAYA/X/2020',1,'008a1051-7b08-4ba8-8677-24911558245e',1,NULL,'SO/FTI/0001/FTI-C-0000010/IX/2020',NULL,'DO/0001/FTI/IX/2020',375000.00,100000.00,NULL,0.00,'3da32f6e-494f-4b61-b010-7ccc0e006fb3','adminsales2',NULL,NULL,NULL,'2020-10-12 15:50:33','2020-10-12 15:50:33'),(7,'INV/FTI/0006/EMMA/X/2020',1,'0250fb47-35bc-4c44-b164-9049ea221e97',1,0,'SO/FTI/0014/EMMA/X/2020',NULL,'DO/0007/FTI/X/2020',12000.00,32000.00,NULL,20000.00,'3da32f6e-494f-4b61-b010-7ccc0e006fb3','adminsales2',NULL,NULL,NULL,'2020-10-18 16:24:04','2020-10-18 16:24:04'),(8,'INV/FTI/0007/EMMA/X/2020',1,'0250fb47-35bc-4c44-b164-9049ea221e97',1,0,'SO/FTI/0014/EMMA/X/2020',NULL,'DO/0007/FTI/X/2020',12000.00,32000.00,NULL,20000.00,'3da32f6e-494f-4b61-b010-7ccc0e006fb3','adminsales2',NULL,NULL,NULL,'2020-10-18 16:52:22','2020-10-18 16:52:22'),(9,'INV/FTI/0008/EMMA/X/2020',1,'0250fb47-35bc-4c44-b164-9049ea221e97',NULL,NULL,'SO/FTI/0014/EMMA/X/2020',NULL,'DO/0007/FTI/X/2020',12000.00,32000.00,NULL,20000.00,'3da32f6e-494f-4b61-b010-7ccc0e006fb3','adminsales2',NULL,NULL,NULL,'2020-10-18 17:14:53','2020-10-18 17:14:53'),(10,'FTI/0006/YOFCHQ/XI/2020',2,'6fe4d0f9-8b78-4932-9f6a-c78a6dc22829',NULL,NULL,NULL,'PO/FTI/0007/YOFCHQ/XI/2020','RP/0001/FTI/XI/2020',1000000.00,1010000.00,0.00,10000.00,'d6c23804-3b9b-40ca-b050-146af5594f5d','Finmgr','Finmgr',NULL,'2020-11-09','2020-11-09 14:39:53','2020-11-09 14:40:13'),(11,'INV/FTI/0001/ENGKIRAHMAT/XI/2020',1,'11df0e58-376e-45da-9cd7-663bfb822ee5',NULL,NULL,'SO/FTI/0001/ENGKIRAHMAT/XI/2020',NULL,'DO/0001/FTI/XI/2020',375000.00,390000.00,NULL,15000.00,'805ec360-ebe1-4872-9798-a69dbac86a29','Finmgr',NULL,NULL,'2020-11-09','2020-11-09 14:42:42','2020-11-09 14:50:25'),(12,'INV/FTI/0002/JOSEPH/XI/2020',1,'2d563a3d-b66a-41c9-95e9-62b8f93876c3',1,0,'SO/FTI/0002/JOSEPH/XI/2020',NULL,'DO/0002/FTI/XI/2020',0.00,10015000.00,NULL,15000.00,'3da32f6e-494f-4b61-b010-7ccc0e006fb3','Finmgr',NULL,NULL,NULL,'2020-11-09 16:01:32','2020-11-09 16:01:32');
/*!40000 ALTER TABLE `payments` ENABLE KEYS */;
UNLOCK TABLES;

--
-- Table structure for table `permissions`
--

DROP TABLE IF EXISTS `permissions`;
/*!40101 SET @saved_cs_client     = @@character_set_client */;
/*!40101 SET character_set_client = utf8 */;
CREATE TABLE `permissions` (
  `id` int(10) unsigned NOT NULL AUTO_INCREMENT,
  `name` varchar(255) COLLATE utf8mb4_unicode_ci NOT NULL,
  `guard_name` varchar(255) COLLATE utf8mb4_unicode_ci NOT NULL,
  `created_at` timestamp NULL DEFAULT NULL,
  `updated_at` timestamp NULL DEFAULT NULL,
  PRIMARY KEY (`id`)
) ENGINE=InnoDB AUTO_INCREMENT=51 DEFAULT CHARSET=utf8mb4 COLLATE=utf8mb4_unicode_ci;
/*!40101 SET character_set_client = @saved_cs_client */;

--
-- Dumping data for table `permissions`
--

LOCK TABLES `permissions` WRITE;
/*!40000 ALTER TABLE `permissions` DISABLE KEYS */;
INSERT INTO `permissions` VALUES (1,'Can Access Settings','web','2019-09-04 14:23:14','2019-09-04 14:23:14'),(2,'Can Access Users','web','2019-09-04 14:23:14','2019-09-04 14:23:14'),(3,'Can Access Sales','web','2019-09-04 14:23:14','2019-09-04 14:23:14'),(4,'Can Access Purchasing','web','2019-09-04 14:23:14','2019-09-04 14:23:14'),(5,'Can Access Products','web','2019-09-04 14:23:14','2019-09-04 14:23:14'),(6,'Can Access Inventories','web','2019-09-04 14:23:14','2019-09-04 14:23:14'),(7,'Can Access Manufactures','web','2019-09-04 14:23:14','2019-09-04 14:23:14'),(8,'Can Access Finances','web','2019-09-04 14:23:14','2019-09-04 14:23:14'),(9,'Can Create Data','web','2019-09-04 14:23:14','2019-09-04 14:23:14'),(10,'Can Edit Data','web','2019-09-04 14:23:15','2019-09-04 14:23:15'),(11,'Can Delete Data','web','2019-09-04 14:23:15','2019-09-04 14:23:15'),(12,'Can Change Status','web','2019-09-04 14:23:15','2019-09-04 14:23:15'),(13,'Can View Data','web','2019-09-04 14:23:15','2019-09-04 14:23:15'),(14,'Can Create Adjustment','web','2019-09-04 14:23:15','2019-09-04 14:23:15'),(15,'Can Access Contact','web','2019-09-06 01:24:11','2019-09-06 01:24:11'),(16,'Can Accept Request','web','2019-09-10 12:56:37','2019-09-10 12:56:37'),(17,'Can Create Setting','web','2019-12-26 18:31:39','2019-12-26 18:31:39'),(18,'Can Edit Setting','web','2019-12-26 18:31:39','2019-12-26 18:31:39'),(19,'Can Delete Setting','web','2019-12-26 18:31:39','2019-12-26 18:31:39'),(20,'Can Create User','web','2019-12-26 18:31:39','2019-12-26 18:31:39'),(21,'Can Edit User','web','2019-12-26 18:31:39','2019-12-26 18:31:39'),(22,'Can Delete User','web','2019-12-26 18:31:39','2019-12-26 18:31:39'),(23,'Can Create Sales','web','2019-12-26 18:31:40','2019-12-26 18:31:40'),(24,'Can Edit Sales','web','2019-12-26 18:31:40','2019-12-26 18:31:40'),(25,'Can Delete Sales','web','2019-12-26 18:31:40','2019-12-26 18:31:40'),(26,'Can Accept Sales','web','2019-12-26 18:31:40','2019-12-26 18:31:40'),(27,'Can Create Purchase','web','2019-12-26 18:31:40','2019-12-26 18:31:40'),(28,'Can Edit Purchase','web','2019-12-26 18:31:40','2019-12-26 18:31:40'),(29,'Can Delete Purchase','web','2019-12-26 18:31:40','2019-12-26 18:31:40'),(30,'Can Approve Purchase','web','2019-12-26 18:31:40','2019-12-26 18:31:40'),(31,'Can Create Product','web','2019-12-26 18:31:40','2019-12-26 18:31:40'),(32,'Can Edit Product','web','2019-12-26 18:31:40','2019-12-26 18:31:40'),(33,'Can Delete Product','web','2019-12-26 18:31:40','2019-12-26 18:31:40'),(34,'Can Create Inventory','web','2019-12-26 18:31:41','2019-12-26 18:31:41'),(35,'Can Edit Inventory','web','2019-12-26 18:31:41','2019-12-26 18:31:41'),(36,'Can Delete Inventory','web','2019-12-26 18:31:41','2019-12-26 18:31:41'),(37,'Can Approve Inventory','web','2019-12-26 18:31:41','2019-12-26 18:31:41'),(38,'Can Create Manufacture','web','2019-12-26 18:31:41','2019-12-26 18:31:41'),(39,'Can Edit Manufacture','web','2019-12-26 18:31:41','2019-12-26 18:31:41'),(40,'Can Delete Manufacture','web','2019-12-26 18:31:41','2019-12-26 18:31:41'),(41,'Can Approve Manufacture','web','2019-12-26 18:31:41','2019-12-26 18:31:41'),(42,'Can Create Finance','web','2019-12-26 18:31:41','2019-12-26 18:31:41'),(43,'Can Edit Finance','web','2019-12-26 18:31:41','2019-12-26 18:31:41'),(44,'Can Delete Finance','web','2019-12-26 18:31:41','2019-12-26 18:31:41'),(45,'Can Create Contact','web','2019-12-30 17:43:08','2019-12-30 17:43:08'),(46,'Can Edit Contact','web','2019-12-30 17:44:01','2019-12-30 17:44:01'),(47,'Can Delete Contact','web','2019-12-30 17:44:01','2019-12-30 17:44:01'),(48,'Can Access Report','web','2019-12-30 17:47:18','2019-12-30 17:47:18'),(49,'Can Create Report','web','2019-12-30 17:47:18','2019-12-30 17:47:18'),(50,'Can Create Receipt','web','2020-01-17 00:02:47','2020-01-17 00:02:47');
/*!40000 ALTER TABLE `permissions` ENABLE KEYS */;
UNLOCK TABLES;

--
-- Table structure for table `product_boms`
--

DROP TABLE IF EXISTS `product_boms`;
/*!40101 SET @saved_cs_client     = @@character_set_client */;
/*!40101 SET character_set_client = utf8 */;
CREATE TABLE `product_boms` (
  `id` bigint(20) unsigned NOT NULL AUTO_INCREMENT,
  `product_id` char(36) COLLATE utf8mb4_unicode_ci NOT NULL,
  `material_name` varchar(255) COLLATE utf8mb4_unicode_ci NOT NULL,
  `quantity` decimal(10,2) NOT NULL,
  `uom_id` int(11) NOT NULL,
  `created_at` timestamp NULL DEFAULT NULL,
  `updated_at` timestamp NULL DEFAULT NULL,
  PRIMARY KEY (`id`),
  KEY `product_boms_product_id_foreign` (`product_id`),
  CONSTRAINT `product_boms_product_id_foreign` FOREIGN KEY (`product_id`) REFERENCES `products` (`id`) ON DELETE CASCADE ON UPDATE CASCADE
) ENGINE=InnoDB AUTO_INCREMENT=27 DEFAULT CHARSET=utf8mb4 COLLATE=utf8mb4_unicode_ci;
/*!40101 SET character_set_client = @saved_cs_client */;

--
-- Dumping data for table `product_boms`
--

LOCK TABLES `product_boms` WRITE;
/*!40000 ALTER TABLE `product_boms` DISABLE KEYS */;
INSERT INTO `product_boms` VALUES (2,'5d9ee80e-33c0-11ea-aec2-2e728ce88125','Cable MM OM1 DX (2,0mm)',3.00,2,'2020-05-18 02:53:36','2020-05-18 02:53:46'),(3,'5d9ee80e-33c0-11ea-aec2-2e728ce88125','Connector MM LC/PC (2,0mm)',4.00,1,'2020-05-18 02:54:19','2020-05-18 02:54:19'),(4,'5d9ee94e-33c0-11ea-aec2-2e728ce88125','Cable MM OM1 DX (2,0mm)',3.00,2,'2020-05-18 02:55:41','2020-05-18 02:55:41'),(5,'5d9ee94e-33c0-11ea-aec2-2e728ce88125','Connector MM SC/PC (2,0mm)',2.00,1,'2020-05-18 02:56:16','2020-05-18 02:56:16'),(6,'5d9ee94e-33c0-11ea-aec2-2e728ce88125','Connector MM ST/PC (2,0mm)',2.00,1,'2020-05-18 02:56:42','2020-05-18 02:56:42'),(7,'5d9edfa8-33c0-11ea-aec2-2e728ce88125','Connector MM SC/PC 3,0mm',2.00,1,'2020-06-19 12:04:07','2020-06-19 12:04:07'),(8,'ffbf2d58-7ec4-42d3-8920-9e4e71b8e5c1','Cable MM OM2 SX (0,9mm) Orange Import',1.50,2,'2020-07-10 05:25:00','2020-07-10 05:25:00'),(9,'f7ef4049-f4b7-441c-8db9-8b5e4d1365e2','Cable SM SX (2,0mm) Yellow',1.00,2,'2020-07-10 06:10:06','2020-07-10 06:10:06'),(10,'f7ef4049-f4b7-441c-8db9-8b5e4d1365e2','Connector SM SC/UPC (2,0mm)',2.00,1,'2020-07-10 06:10:39','2020-07-10 06:10:39'),(11,'f7ef4049-f4b7-441c-8db9-8b5e4d1365e2','Ferulle 250uf SM SC/FC - UPC',2.00,1,'2020-07-10 06:11:31','2020-07-10 06:11:31'),(12,'a0a81a82-ba7c-4492-bad7-2c02325ca65f','Cable MM OM2 DX (3,0mm)',3.00,2,'2020-07-13 09:56:53','2020-07-13 09:56:53'),(13,'a0a81a82-ba7c-4492-bad7-2c02325ca65f','Connector MM ST/PC (3,0mm)',1.00,1,'2020-07-13 09:57:32','2020-07-13 09:57:32'),(14,'a0a81a82-ba7c-4492-bad7-2c02325ca65f','Ferulle 250 uf ST/PC',1.00,1,'2020-07-13 10:10:47','2020-07-13 10:10:47'),(15,'b96186cd-7f13-487d-bf74-575106d31376','Cable SM DX (2,0mm) Yellow',1.00,2,'2020-10-18 10:44:40','2020-10-18 10:44:55'),(16,'b96186cd-7f13-487d-bf74-575106d31376','Connector SM FC/APC (2,0mm)',2.00,1,'2020-10-18 10:45:32','2020-10-18 10:45:32'),(17,'b96186cd-7f13-487d-bf74-575106d31376','Ferulle 250uf SM SC/FC - APC',4.00,1,'2020-10-18 10:46:35','2020-10-18 10:46:35'),(18,'52b06135-8753-49a0-9ea9-5cb4c708ef5b','Cable SM SX (2,0mm) Yellow',10.00,2,'2020-10-18 10:48:05','2020-10-18 10:48:05'),(19,'020de15a-b2fe-4e7e-9bd3-d9c6f77f03ea','Cable SM DX (3,0mm) Yellow',10.00,2,'2020-10-18 15:34:23','2020-10-18 15:34:23'),(22,'020de15a-b2fe-4e7e-9bd3-d9c6f77f03ea','Connector SM SC/UPC (3,0mm)',400.00,1,'2020-10-18 15:37:43','2020-10-18 15:37:43'),(23,'020de15a-b2fe-4e7e-9bd3-d9c6f77f03ea','Ferulle 250uf SM SC/FC - UPC',400.00,1,'2020-10-18 15:39:02','2020-10-18 15:39:02'),(24,'9a38d070-6fe0-4b15-b1e2-4676147682e2','Cable SM SX (3,0mm) G.657A2 LSZH',1800.00,2,'2020-10-18 17:05:28','2020-10-18 17:05:28'),(25,'9a38d070-6fe0-4b15-b1e2-4676147682e2','Connector SM SC/UPC (3,0mm)',1200.00,1,'2020-10-18 17:06:48','2020-10-18 17:06:48'),(26,'9a38d070-6fe0-4b15-b1e2-4676147682e2','Ferulle 250uf SM SC/FC - UPC',1200.00,1,'2020-10-18 17:07:33','2020-10-18 17:07:33');
/*!40000 ALTER TABLE `product_boms` ENABLE KEYS */;
UNLOCK TABLES;

--
-- Table structure for table `product_categories`
--

DROP TABLE IF EXISTS `product_categories`;
/*!40101 SET @saved_cs_client     = @@character_set_client */;
/*!40101 SET character_set_client = utf8 */;
CREATE TABLE `product_categories` (
  `id` bigint(20) unsigned NOT NULL AUTO_INCREMENT,
  `name` varchar(255) COLLATE utf8mb4_unicode_ci NOT NULL,
  `created_by` varchar(255) COLLATE utf8mb4_unicode_ci NOT NULL,
  `updated_by` varchar(255) COLLATE utf8mb4_unicode_ci DEFAULT NULL,
  `created_at` timestamp NULL DEFAULT NULL,
  `updated_at` timestamp NULL DEFAULT NULL,
  PRIMARY KEY (`id`)
) ENGINE=InnoDB AUTO_INCREMENT=9 DEFAULT CHARSET=utf8mb4 COLLATE=utf8mb4_unicode_ci;
/*!40101 SET character_set_client = @saved_cs_client */;

--
-- Dumping data for table `product_categories`
--

LOCK TABLES `product_categories` WRITE;
/*!40000 ALTER TABLE `product_categories` DISABLE KEYS */;
INSERT INTO `product_categories` VALUES (1,'Barang Jadi','eko',NULL,'2019-09-07 14:12:39','2019-09-07 14:12:39'),(2,'Material Utama','eko',NULL,'2019-09-08 14:39:34','2019-09-08 14:39:34'),(3,'Persediaan','eko',NULL,'2019-09-08 14:39:40','2019-09-08 14:39:40'),(4,'Barang Scrap','eko',NULL,'2019-09-22 15:25:47','2019-09-22 15:25:47'),(5,'Alat Kerja','eko',NULL,'2020-01-10 17:25:23','2020-01-10 17:25:23'),(6,'Bahan Baku','eko',NULL,'2020-01-10 17:26:40','2020-01-10 17:26:40'),(7,'Asset','Mirza Rizaldy',NULL,'2020-05-16 07:30:18','2020-05-16 07:30:18'),(8,'Jasa','Mirza Rizaldy',NULL,'2020-10-28 23:24:31','2020-10-28 23:24:31');
/*!40000 ALTER TABLE `product_categories` ENABLE KEYS */;
UNLOCK TABLES;

--
-- Table structure for table `products`
--

DROP TABLE IF EXISTS `products`;
/*!40101 SET @saved_cs_client     = @@character_set_client */;
/*!40101 SET character_set_client = utf8 */;
CREATE TABLE `products` (
  `id` char(36) COLLATE utf8mb4_unicode_ci NOT NULL,
  `product_barcode` varchar(11) COLLATE utf8mb4_unicode_ci NOT NULL,
  `name` varchar(255) COLLATE utf8mb4_unicode_ci NOT NULL,
  `category_id` bigint(20) NOT NULL,
  `uom_id` int(11) NOT NULL,
  `image` varchar(255) COLLATE utf8mb4_unicode_ci DEFAULT NULL,
  `supplier_id` char(36) COLLATE utf8mb4_unicode_ci NOT NULL,
  `min_stock` decimal(50,2) NOT NULL,
  `base_price` decimal(50,2) NOT NULL,
  `sale_price` decimal(50,2) NOT NULL,
  `active` char(36) COLLATE utf8mb4_unicode_ci NOT NULL DEFAULT '2b643e21-a94c-4713-93f1-f1cbde6ad633',
  `is_manufacture` tinyint(1) DEFAULT NULL,
  `is_sale` tinyint(1) DEFAULT NULL,
  `created_by` varchar(255) COLLATE utf8mb4_unicode_ci NOT NULL,
  `updated_by` varchar(255) COLLATE utf8mb4_unicode_ci DEFAULT NULL,
  `created_at` timestamp NULL DEFAULT NULL,
  `updated_at` timestamp NULL DEFAULT NULL,
  PRIMARY KEY (`id`)
) ENGINE=InnoDB DEFAULT CHARSET=utf8mb4 COLLATE=utf8mb4_unicode_ci;
/*!40101 SET character_set_client = @saved_cs_client */;

--
-- Dumping data for table `products`
--

LOCK TABLES `products` WRITE;
/*!40000 ALTER TABLE `products` DISABLE KEYS */;
INSERT INTO `products` VALUES ('0146f1da-6606-4037-b6f7-e0a82db03afa','KMOM2D2L','Kabel Patchcord MM OM2 DX 2mm LSZH ORANGE',6,2,NULL,'ba5cd38f-2ffb-4957-a1a2-c23e691b2068',10000.00,750.00,1000.00,'2b643e21-a94c-4713-93f1-f1cbde6ad633',NULL,1,'Mirza Rizaldy',NULL,'2020-10-31 15:28:59','2020-10-31 15:28:59'),('01966044-8fd0-49e0-9354-1e0b8616591f','STKT','Sarung Tangan Karet',1,1,NULL,'4e8b0f0e-e718-4150-a7fb-9dd619e413c1',100.00,1500.00,2000.00,'2b643e21-a94c-4713-93f1-f1cbde6ad633',0,1,'eko',NULL,'2020-05-16 07:11:18','2020-05-16 07:11:18'),('020de15a-b2fe-4e7e-9bd3-d9c6f77f03ea','PSD325','Patchcord SM DX (3,0mm) SC/UPC-SC/UPC 10m',1,1,NULL,'4e8b0f0e-e718-4150-a7fb-9dd619e413c1',100.00,1500.00,2000.00,'2b643e21-a94c-4713-93f1-f1cbde6ad633',1,1,'eko',NULL,'2020-05-16 07:11:18','2020-05-16 07:11:18'),('02995664-b642-4f14-9cc5-b4ca22cff563','S232MOSAN','Splitter 2:32 Modular SC/APC ( No Brand )',1,1,NULL,'4e8b0f0e-e718-4150-a7fb-9dd619e413c1',100.00,1500.00,2000.00,'2b643e21-a94c-4713-93f1-f1cbde6ad633',0,1,'eko',NULL,'2020-05-16 07:11:18','2020-05-16 07:11:18'),('037a6937-94e8-4bcb-a715-17faa184581b','PSS224','Patchcord SM SX (2,0mm) LC/UPC-LC/UPC 5m',1,1,NULL,'4e8b0f0e-e718-4150-a7fb-9dd619e413c1',100.00,1500.00,2000.00,'2b643e21-a94c-4713-93f1-f1cbde6ad633',1,1,'eko',NULL,'2020-05-16 07:11:18','2020-05-16 07:11:18'),('0497a34d-138a-43ea-8efc-4dad2b77120d','PSD224','Patchcord SM DX (2,0mm) SC/UPC-FC/UPC 20m',1,1,NULL,'4e8b0f0e-e718-4150-a7fb-9dd619e413c1',100.00,1500.00,2000.00,'2b643e21-a94c-4713-93f1-f1cbde6ad633',1,1,'eko',NULL,'2020-05-16 07:11:18','2020-05-16 07:11:18'),('04d12107-3e94-44ec-8059-2b577eae843c','XFR8090F','X-Frame 80X90cm 3mm Model Tekuk',1,1,NULL,'4e8b0f0e-e718-4150-a7fb-9dd619e413c1',100.00,1500.00,2000.00,'2b643e21-a94c-4713-93f1-f1cbde6ad633',0,1,'eko',NULL,'2020-05-16 07:11:18','2020-05-16 07:11:18'),('05dda492-1f02-4708-a9b5-86535cb58b1d','RKTK','Ring Kotak',1,1,NULL,'4e8b0f0e-e718-4150-a7fb-9dd619e413c1',100.00,1500.00,2000.00,'2b643e21-a94c-4713-93f1-f1cbde6ad633',0,1,'eko',NULL,'2020-05-16 07:11:18','2020-05-16 07:11:18'),('05e0a851-c660-43de-ab03-8d23c5fd1485','PG2023','Plastik Gambar 20 x 23',1,1,NULL,'4e8b0f0e-e718-4150-a7fb-9dd619e413c1',100.00,1500.00,2000.00,'2b643e21-a94c-4713-93f1-f1cbde6ad633',0,1,'eko',NULL,'2020-05-16 07:11:18','2020-05-16 07:11:18'),('06de61c9-219f-4f09-b1f1-b9b0cf936594','PSD238','Patchcord SM DX (2,0mm) SC/UPC-LC/UPC 5m',1,1,NULL,'4e8b0f0e-e718-4150-a7fb-9dd619e413c1',100.00,1500.00,2000.00,'2b643e21-a94c-4713-93f1-f1cbde6ad633',1,1,'eko',NULL,'2020-05-16 07:11:18','2020-05-16 07:11:18'),('06e65567-8dbd-4d11-a22e-009de1c430d1','PSS309','Patchcord SM SX (3,0mm) LC/UPC-LC/UPC 1,5m',1,1,NULL,'4e8b0f0e-e718-4150-a7fb-9dd619e413c1',100.00,1500.00,2000.00,'2b643e21-a94c-4713-93f1-f1cbde6ad633',1,1,'eko',NULL,'2020-05-16 07:11:18','2020-05-16 07:11:18'),('08e52187-b383-469e-805d-45d7a96664e6','SAM','Polishing SAM D3 Micron (Pink)',1,1,NULL,'4e8b0f0e-e718-4150-a7fb-9dd619e413c1',100.00,1500.00,2000.00,'2b643e21-a94c-4713-93f1-f1cbde6ad633',0,1,'eko',NULL,'2020-05-16 07:11:18','2020-05-16 07:11:18'),('0918b468-c972-4de2-8fec-629505cacd2e','PSD323','Patchcord SM DX (3,0mm) SC/UPC-LC/UPC 3m',1,1,NULL,'4e8b0f0e-e718-4150-a7fb-9dd619e413c1',100.00,1500.00,2000.00,'2b643e21-a94c-4713-93f1-f1cbde6ad633',1,1,'eko',NULL,'2020-05-16 07:11:18','2020-05-16 07:11:18'),('096fa2e0-079e-4aac-9466-62ad373311c9','QU','Polishing QU D9 Micron (Biru)',1,1,NULL,'4e8b0f0e-e718-4150-a7fb-9dd619e413c1',100.00,1500.00,2000.00,'2b643e21-a94c-4713-93f1-f1cbde6ad633',0,1,'eko',NULL,'2020-05-16 07:11:18','2020-05-16 07:11:18'),('0971970d-ac1d-442d-bc5e-eb04a4f9e9f3','DS242424','SM DUCT SCPT 24 Core/GYA-24B1.3/24Tube',1,1,NULL,'4e8b0f0e-e718-4150-a7fb-9dd619e413c1',100.00,1500.00,2000.00,'2b643e21-a94c-4713-93f1-f1cbde6ad633',0,1,'eko',NULL,'2020-05-16 07:11:18','2020-05-16 07:11:18'),('09b70913-051f-417b-b0ac-95ad2e8f3aa0','FT798','Patchcord MM DX SC/UPC-SC/UPC (2,mm) 1M',1,1,NULL,'21fca1cd-1e44-4895-b877-7f70903c1684',100.00,1000.00,2000.00,'2b643e21-a94c-4713-93f1-f1cbde6ad633',1,1,'Admin Gudang (Katerine)',NULL,'2020-10-18 13:01:04','2020-10-18 13:01:04'),('0a97c76c-59a0-456d-8c78-9eb482cc3932','STLSS','Stainless Mengkilat',1,1,NULL,'4e8b0f0e-e718-4150-a7fb-9dd619e413c1',100.00,1500.00,2000.00,'2b643e21-a94c-4713-93f1-f1cbde6ad633',0,1,'eko',NULL,'2020-05-16 07:11:18','2020-05-16 07:11:18'),('0b6a929a-c547-4272-bfac-de5fe228809e','PFPSSA','PLUG FRAME Precon SC Semi Assembly',1,1,NULL,'4e8b0f0e-e718-4150-a7fb-9dd619e413c1',100.00,1500.00,2000.00,'2b643e21-a94c-4713-93f1-f1cbde6ad633',0,1,'eko',NULL,'2020-05-16 07:11:18','2020-05-16 07:11:18'),('0bb2eb56-298c-48b4-ad5f-654f1fd16303','PSS331','Patchcord SM SX (3,0mm) SC/UPC-SC/UPC 20m',1,1,NULL,'4e8b0f0e-e718-4150-a7fb-9dd619e413c1',100.00,1500.00,2000.00,'2b643e21-a94c-4713-93f1-f1cbde6ad633',1,1,'eko',NULL,'2020-05-16 07:11:18','2020-05-16 07:11:18'),('0bbcfa85-35a7-49a8-adcf-d871ef6f7502','TSS207','Pigtail SM SX (2,0mm) SC/UPC 2m ',1,1,NULL,'4e8b0f0e-e718-4150-a7fb-9dd619e413c1',100.00,1500.00,2000.00,'2b643e21-a94c-4713-93f1-f1cbde6ad633',0,1,'eko',NULL,'2020-05-16 07:11:18','2020-05-16 07:11:18'),('0c8f8e6a-5ed6-4813-ac25-1c76a48a39a3','PSS326','Patchcord SM SX (3,0mm) SC/UPC-SC/APC 20m',1,1,NULL,'4e8b0f0e-e718-4150-a7fb-9dd619e413c1',100.00,1500.00,2000.00,'2b643e21-a94c-4713-93f1-f1cbde6ad633',1,1,'eko',NULL,'2020-05-16 07:11:18','2020-05-16 07:11:18'),('0d4415fb-64fa-44c4-9853-91628a75a165','S18PLSU','Splitter 1:8 PLC SC/UPC ',1,1,NULL,'4e8b0f0e-e718-4150-a7fb-9dd619e413c1',100.00,1500.00,2000.00,'2b643e21-a94c-4713-93f1-f1cbde6ad633',0,1,'eko',NULL,'2020-05-16 07:11:18','2020-05-16 07:11:18'),('0d58c1f0-8042-48fe-87c7-e6db87e6b4dd','KSD2GDPY','Kabel Patchcord SM DX 2mm G652D PVC YELLOW',6,2,NULL,'ba5cd38f-2ffb-4957-a1a2-c23e691b2068',10000.00,750.00,1000.00,'2b643e21-a94c-4713-93f1-f1cbde6ad633',NULL,1,'Mirza Rizaldy','Mirza Rizaldy','2020-10-31 15:02:44','2020-10-31 15:03:22'),('0da8343b-1b64-4ec3-b712-f295b0736934','TMO2S205','Pigtail MM OM2 SX (2,0mm) SC/PC 20m',1,1,NULL,'4e8b0f0e-e718-4150-a7fb-9dd619e413c1',100.00,1500.00,2000.00,'2b643e21-a94c-4713-93f1-f1cbde6ad633',0,1,'eko',NULL,'2020-05-16 07:11:18','2020-05-16 07:11:18'),('0e2cf492-348d-48cd-aa12-27f0f73eb22a','PSS206','Patchcord SM SX (2,0mm) FC/UPC-FC/UPC 60m',1,1,NULL,'4e8b0f0e-e718-4150-a7fb-9dd619e413c1',100.00,1500.00,2000.00,'2b643e21-a94c-4713-93f1-f1cbde6ad633',1,1,'eko',NULL,'2020-05-16 07:11:18','2020-05-16 07:11:18'),('0f8acf9f-ab7c-4187-9060-497c3f6702a0','10000999','Patchcord SM DX (2,0mm) SC/UPC-SC/UPC 20m',1,1,NULL,'4e8b0f0e-e718-4150-a7fb-9dd619e413c1',10.00,20000.00,54000.00,'2b643e21-a94c-4713-93f1-f1cbde6ad633',1,1,'Dimas',NULL,'2020-06-17 02:42:55','2020-06-17 02:42:55'),('1085919b-a6fc-4136-8c6b-a241262f9095','FT781','Patchcord SM DX ST/UPC-SC/UPC (2,mm) 5M',1,1,NULL,'21fca1cd-1e44-4895-b877-7f70903c1684',100.00,1000.00,2000.00,'2b643e21-a94c-4713-93f1-f1cbde6ad633',1,1,'Irena (Production Adm)',NULL,'2020-10-18 14:30:22','2020-10-18 14:30:22'),('11cd63ff-f3bf-4548-a138-d2df2d4f9b91','S18MOSUN','Splitter 1:8 Modular SC/UPC No Brand',1,1,NULL,'4e8b0f0e-e718-4150-a7fb-9dd619e413c1',100.00,1500.00,2000.00,'2b643e21-a94c-4713-93f1-f1cbde6ad633',0,1,'eko',NULL,'2020-05-16 07:11:18','2020-05-16 07:11:18'),('11e3349f-463f-44cf-b0f9-4c4bdc3b01ea','TSS203','Pigtail SM SX (2,0mm) LC/UPC 2m ',1,1,NULL,'4e8b0f0e-e718-4150-a7fb-9dd619e413c1',100.00,1500.00,2000.00,'2b643e21-a94c-4713-93f1-f1cbde6ad633',0,1,'eko',NULL,'2020-05-16 07:11:18','2020-05-16 07:11:18'),('1384e285-01e5-409d-ab47-11eafca2dd3d','TPCHMIC','Testphone Chinoe/Microtest',1,1,NULL,'4e8b0f0e-e718-4150-a7fb-9dd619e413c1',100.00,1500.00,2000.00,'2b643e21-a94c-4713-93f1-f1cbde6ad633',0,1,'eko',NULL,'2020-05-16 07:11:18','2020-05-16 07:11:18'),('13dc56cb-08d2-44aa-9fab-a236d47ec7a1','PSD232','Patchcord SM DX (2,0mm) SC/UPC-LC/UPC 20m',1,1,NULL,'4e8b0f0e-e718-4150-a7fb-9dd619e413c1',100.00,1500.00,2000.00,'2b643e21-a94c-4713-93f1-f1cbde6ad633',1,1,'eko',NULL,'2020-05-16 07:11:18','2020-05-16 07:11:18'),('143d9fca-4e7e-49f6-8358-18dad81208a9','S18MOSUP','Splitter 1:8 Modular SC/UPC ',1,1,NULL,'4e8b0f0e-e718-4150-a7fb-9dd619e413c1',100.00,1500.00,2000.00,'2b643e21-a94c-4713-93f1-f1cbde6ad633',0,1,'eko',NULL,'2020-05-16 07:11:18','2020-05-16 07:11:18'),('146bd875-5e1f-4af0-a998-35ed8cd2b520','CD1224CPL','Clousure Duct 12/24 Core',1,1,NULL,'4e8b0f0e-e718-4150-a7fb-9dd619e413c1',10.00,70000.00,90000.00,'2b643e21-a94c-4713-93f1-f1cbde6ad633',NULL,1,'Dimas',NULL,'2020-05-18 03:32:22','2020-05-18 03:32:22'),('147b6863-bd86-4283-88b6-d1907cffb225','PSD242','Patchcord SM DX (2,0mm) SC/UPC-SC/UPC 15m',1,1,NULL,'4e8b0f0e-e718-4150-a7fb-9dd619e413c1',100.00,1500.00,2000.00,'2b643e21-a94c-4713-93f1-f1cbde6ad633',1,1,'eko',NULL,'2020-05-16 07:11:18','2020-05-16 07:11:18'),('157e08e1-c7a3-4661-a3fa-f33f6e4c5089','STPBCG','Stopping Buckle Gigi',1,1,NULL,'4e8b0f0e-e718-4150-a7fb-9dd619e413c1',100.00,1500.00,2000.00,'2b643e21-a94c-4713-93f1-f1cbde6ad633',0,1,'eko',NULL,'2020-05-16 07:11:18','2020-05-16 07:11:18'),('15a7f957-d522-4972-9c10-713836bba2db','PSS318','Patchcord SM SX (3,0mm) SC/APC-SC/APC 2m',1,1,NULL,'4e8b0f0e-e718-4150-a7fb-9dd619e413c1',100.00,1500.00,2000.00,'2b643e21-a94c-4713-93f1-f1cbde6ad633',1,1,'eko',NULL,'2020-05-16 07:11:18','2020-05-16 07:11:18'),('16b187f7-5d3d-4b64-b417-980d0d34fe4d','PSS243','Patchcord SM SX (2,0mm) SC/UPC-LC/UPC 3m',1,1,NULL,'4e8b0f0e-e718-4150-a7fb-9dd619e413c1',100.00,1500.00,2000.00,'2b643e21-a94c-4713-93f1-f1cbde6ad633',1,1,'eko',NULL,'2020-05-16 07:11:18','2020-05-16 07:11:18'),('179ad9f8-08fb-4d7a-b1cd-1afdb71e3f66','KMOM4D2L','Kabel Patchcord MM OM4 DX 2mm LSZH AQUA',6,2,NULL,'ba5cd38f-2ffb-4957-a1a2-c23e691b2068',10000.00,750.00,1000.00,'2b643e21-a94c-4713-93f1-f1cbde6ad633',NULL,1,'Mirza Rizaldy',NULL,'2020-10-31 15:42:18','2020-10-31 15:42:18'),('185843a9-c0da-43fb-a309-dc1d1e31ab5b','PSS311','Patchcord SM SX (3,0mm) LC/UPC-LC/UPC 15m',1,1,NULL,'4e8b0f0e-e718-4150-a7fb-9dd619e413c1',100.00,1500.00,2000.00,'2b643e21-a94c-4713-93f1-f1cbde6ad633',1,1,'eko',NULL,'2020-05-16 07:11:18','2020-05-16 07:11:18'),('18747432-0693-46b7-9c83-441b2ea3300b','PSD244','Patchcord SM DX (2,0mm) SC/UPC-SC/UPC 3m',1,1,NULL,'4e8b0f0e-e718-4150-a7fb-9dd619e413c1',100.00,1500.00,2000.00,'2b643e21-a94c-4713-93f1-f1cbde6ad633',1,1,'eko',NULL,'2020-05-16 07:11:18','2020-05-16 07:11:18'),('18b24684-a540-4af4-b93f-80bc155fd32f','PSD324','Patchcord SM DX (3,0mm) SC/UPC-LC/UPC 40m',1,1,NULL,'4e8b0f0e-e718-4150-a7fb-9dd619e413c1',100.00,1500.00,2000.00,'2b643e21-a94c-4713-93f1-f1cbde6ad633',1,1,'eko',NULL,'2020-05-16 07:11:18','2020-05-16 07:11:18'),('18d29252-8539-49da-9f99-f1014351fc15','ADS','Polishing FINAL ADSS 0,005 Micron (Bening)',1,1,NULL,'4e8b0f0e-e718-4150-a7fb-9dd619e413c1',100.00,1500.00,2000.00,'2b643e21-a94c-4713-93f1-f1cbde6ad633',0,1,'eko',NULL,'2020-05-16 07:11:18','2020-05-16 07:11:18'),('190cdac6-e967-446a-b023-3f9f8f2a94b6','FT786','Patchcord SM DX SC/UPC-LC/UPC (2,mm) 2M',1,1,NULL,'21fca1cd-1e44-4895-b877-7f70903c1684',100.00,1000.00,2000.00,'2b643e21-a94c-4713-93f1-f1cbde6ad633',1,1,'Irena (Production Adm)',NULL,'2020-10-18 14:21:39','2020-10-18 14:21:39'),('1936d003-a37a-47dd-ab2d-f0fba280124c','PSS2SL10','Patchcord SM SX 2mm SC UPC - LC UPC 10M',1,1,NULL,'21fca1cd-1e44-4895-b877-7f70903c1684',10.00,30000.00,37200.00,'2b643e21-a94c-4713-93f1-f1cbde6ad633',1,1,'Irena (Production Adm)','Mirza Rizaldy','2020-10-23 16:31:06','2020-10-31 14:37:32'),('19449b46-650d-448f-b332-115f46e479e4','TSS205','Pigtail SM SX (2,0mm) SC/APC 2m ',1,1,NULL,'4e8b0f0e-e718-4150-a7fb-9dd619e413c1',100.00,1500.00,2000.00,'2b643e21-a94c-4713-93f1-f1cbde6ad633',0,1,'eko',NULL,'2020-05-16 07:11:18','2020-05-16 07:11:18'),('194cf507-2fb2-48ee-adb1-4cb921d6fb81','TSS302','Pigtail SM SX (3,0mm) LC/UPC 10m ',1,1,NULL,'4e8b0f0e-e718-4150-a7fb-9dd619e413c1',100.00,1500.00,2000.00,'2b643e21-a94c-4713-93f1-f1cbde6ad633',0,1,'eko',NULL,'2020-05-16 07:11:18','2020-05-16 07:11:18'),('1a799cfd-1e1b-49d8-8bc8-21d987d45364','KSD2GDLY','Kabel Patchcord SM DX 2.0mm G652D LSZH Yellow',6,2,NULL,'d7c7f2e2-9dfc-4aef-8b3d-f4c8af970861',10000.00,750.00,1000.00,'2b643e21-a94c-4713-93f1-f1cbde6ad633',NULL,1,'Mirza Rizaldy',NULL,'2020-10-31 15:16:06','2020-10-31 15:16:06'),('1b8047a6-c6ef-46a4-ac80-49281ce69c9b','KSM9GDLW','Kabel Pigtail SM 0.9 mm G652D LSZH WHITE',6,2,NULL,'d7c7f2e2-9dfc-4aef-8b3d-f4c8af970861',10000.00,256.50,585.00,'2b643e21-a94c-4713-93f1-f1cbde6ad633',NULL,1,'Mirza Rizaldy','Mirza Rizaldy','2020-10-31 14:20:19','2020-10-31 16:58:18'),('1b8bae64-b054-484e-a9e8-bb1595ca89a7','WK250','Wrapping  Kecil uk.5 x 250m',1,1,NULL,'4e8b0f0e-e718-4150-a7fb-9dd619e413c1',100.00,1500.00,2000.00,'2b643e21-a94c-4713-93f1-f1cbde6ad633',0,1,'eko',NULL,'2020-05-16 07:11:18','2020-05-16 07:11:18'),('1cd89c0e-c42b-4016-9880-7c2ff72e6981','FT796','Patchcord MM DX SC/APC-SC/APC (2,mm) 2M',1,1,NULL,'21fca1cd-1e44-4895-b877-7f70903c1684',100.00,1000.00,2000.00,'2b643e21-a94c-4713-93f1-f1cbde6ad633',1,1,'Admin Gudang (Katerine)',NULL,'2020-10-18 12:59:12','2020-10-18 12:59:12'),('1ddb3c57-a474-4b44-94c9-52223a03d955','PSD327','Patchcord SM DX (3,0mm) SC/UPC-SC/UPC 20m',1,1,NULL,'4e8b0f0e-e718-4150-a7fb-9dd619e413c1',100.00,1500.00,2000.00,'2b643e21-a94c-4713-93f1-f1cbde6ad633',1,1,'eko',NULL,'2020-05-16 07:11:18','2020-05-16 07:11:18'),('1deb7547-5cfc-4b7c-b13e-f494ffd31b40','P4030','Plastik Clip 40 X 30',1,1,NULL,'4e8b0f0e-e718-4150-a7fb-9dd619e413c1',100.00,1500.00,2000.00,'2b643e21-a94c-4713-93f1-f1cbde6ad633',0,1,'eko',NULL,'2020-05-16 07:11:18','2020-05-16 07:11:18'),('1e9b09f1-5da1-45c6-aa2b-44c3e4bbc231','SCLJT','S Clamp Jepit telkom ',1,1,NULL,'4e8b0f0e-e718-4150-a7fb-9dd619e413c1',100.00,1500.00,2000.00,'2b643e21-a94c-4713-93f1-f1cbde6ad633',0,1,'eko',NULL,'2020-05-16 07:11:18','2020-05-16 07:11:18'),('1f323518-b762-4895-ab52-55c2aa481e7c','20000792','Ferulle 250 uf ST/PC',1,1,NULL,'79acefdd-92bb-4079-99c3-ba9654250d56',100.00,1500.00,2000.00,'2b643e21-a94c-4713-93f1-f1cbde6ad633',NULL,1,'Mirza Rizaldy','Mirza Rizaldy','2020-07-13 10:09:13','2020-07-13 10:09:59'),('2050a705-66c2-467d-8bac-772b6b84f404','TSS201','Pigtail SM SX (2,0mm) FC/APC 1,5m ',1,1,NULL,'4e8b0f0e-e718-4150-a7fb-9dd619e413c1',100.00,1500.00,2000.00,'2b643e21-a94c-4713-93f1-f1cbde6ad633',0,1,'eko',NULL,'2020-05-16 07:11:18','2020-05-16 07:11:18'),('20aeb90f-9b09-45d5-9029-28d353cead62','FT812','Patchcord SM SX 2,mm SC/UPC-LC/UPC 7m',1,1,NULL,'21fca1cd-1e44-4895-b877-7f70903c1684',100.00,1000.00,2000.00,'2b643e21-a94c-4713-93f1-f1cbde6ad633',1,1,'Irena (Production Adm)',NULL,'2020-10-18 15:19:58','2020-10-18 15:19:58'),('20bdbd72-93f3-4ed6-bece-c3d15264988b','SOLUB','SOC LC/UPC ( Belum Terkupas )',1,1,NULL,'4e8b0f0e-e718-4150-a7fb-9dd619e413c1',100.00,1500.00,2000.00,'2b643e21-a94c-4713-93f1-f1cbde6ad633',0,1,'eko',NULL,'2020-05-16 07:11:18','2020-05-16 07:11:18'),('219403ac-7bb9-45c7-991c-af386a16e669','PSS310','Patchcord SM SX (3,0mm) LC/UPC-LC/UPC 10m',1,1,NULL,'4e8b0f0e-e718-4150-a7fb-9dd619e413c1',100.00,1500.00,2000.00,'2b643e21-a94c-4713-93f1-f1cbde6ad633',1,1,'eko',NULL,'2020-05-16 07:11:18','2020-05-16 07:11:18'),('220c203f-e9f0-4e8c-ad9b-d025efa4917f','TSD303','Pigtail SM DX (3,0mm) SC/UPC 1,5m',1,1,NULL,'4e8b0f0e-e718-4150-a7fb-9dd619e413c1',100.00,1500.00,2000.00,'2b643e21-a94c-4713-93f1-f1cbde6ad633',0,1,'eko',NULL,'2020-05-16 07:11:18','2020-05-16 07:11:18'),('23093902-3264-44f2-9d7e-08385b8ebbc9','CMO1D3PL','Cable MM OM1 DX (3,0mm)',2,2,NULL,'4e8b0f0e-e718-4150-a7fb-9dd619e413c1',2000.00,10000.00,50000.00,'2b643e21-a94c-4713-93f1-f1cbde6ad633',NULL,1,'Dimas',NULL,'2020-05-18 03:06:38','2020-05-18 03:06:38'),('2360c45a-a0ee-418c-b405-46cc6dedd867','TSS908','Pigtail SM SX (0,9mm) SC/APC 2m Oren',1,1,NULL,'4e8b0f0e-e718-4150-a7fb-9dd619e413c1',100.00,1500.00,2000.00,'2b643e21-a94c-4713-93f1-f1cbde6ad633',0,1,'eko',NULL,'2020-05-16 07:11:18','2020-05-16 07:11:18'),('23c73d77-f048-42bf-a361-15a06fcc5fad','CP','Polishing FINAL CP 0,005 Micron (Bening)',1,1,NULL,'4e8b0f0e-e718-4150-a7fb-9dd619e413c1',100.00,1500.00,2000.00,'2b643e21-a94c-4713-93f1-f1cbde6ad633',0,1,'eko',NULL,'2020-05-16 07:11:18','2020-05-16 07:11:18'),('241e72e5-130e-4ca2-b086-885737a524cc','PSS232','Patchcord SM SX (2,0mm) SC/APC-SC/APC 2m',1,1,NULL,'4e8b0f0e-e718-4150-a7fb-9dd619e413c1',100.00,1500.00,2000.00,'2b643e21-a94c-4713-93f1-f1cbde6ad633',1,1,'eko',NULL,'2020-05-16 07:11:18','2020-05-16 07:11:18'),('245d17dc-64b3-4d78-be04-4735c932f86f','TPMMAN','Tap Polishing (Mesin Manual)',1,1,NULL,'4e8b0f0e-e718-4150-a7fb-9dd619e413c1',100.00,1500.00,2000.00,'2b643e21-a94c-4713-93f1-f1cbde6ad633',0,1,'eko',NULL,'2020-05-16 07:11:18','2020-05-16 07:11:18'),('25816f2b-3ee8-4b1c-a2d8-25068e6dbf9a','DCA48484','SM DUCT CABLE ARMORED 48 Core/GYFA-48B1.3 /4Tube',1,1,NULL,'4e8b0f0e-e718-4150-a7fb-9dd619e413c1',100.00,1500.00,2000.00,'2b643e21-a94c-4713-93f1-f1cbde6ad633',0,1,'eko',NULL,'2020-05-16 07:11:18','2020-05-16 07:11:18'),('25c7edab-183f-4519-92ee-a54070a4d4a4','PSS317','Patchcord SM SX (3,0mm) SC/APC-SC/APC 10m',1,1,NULL,'4e8b0f0e-e718-4150-a7fb-9dd619e413c1',100.00,1500.00,2000.00,'2b643e21-a94c-4713-93f1-f1cbde6ad633',1,1,'eko',NULL,'2020-05-16 07:11:18','2020-05-16 07:11:18'),('25e4e0f1-3a01-4ee5-b26d-24825d2cd7e0','PSS204','Patchcord SM SX (2,0mm) FC/UPC-FC/UPC 1m',1,1,NULL,'4e8b0f0e-e718-4150-a7fb-9dd619e413c1',100.00,1500.00,2000.00,'2b643e21-a94c-4713-93f1-f1cbde6ad633',1,1,'eko',NULL,'2020-05-16 07:11:18','2020-05-16 07:11:18'),('2794a09f-1d92-4532-87bd-fa0d86970a27','TSD204','Pigtail SM DX (2,0mm) SC/UPC 7m',1,1,NULL,'4e8b0f0e-e718-4150-a7fb-9dd619e413c1',100.00,1500.00,2000.00,'2b643e21-a94c-4713-93f1-f1cbde6ad633',0,1,'eko',NULL,'2020-05-16 07:11:18','2020-05-16 07:11:18'),('27acb4e1-64b8-47a2-b29f-4c52d0f4c1bc','PSD322','Patchcord SM DX (3,0mm) SC/UPC-LC/UPC 2m',1,1,NULL,'4e8b0f0e-e718-4150-a7fb-9dd619e413c1',100.00,1500.00,2000.00,'2b643e21-a94c-4713-93f1-f1cbde6ad633',1,1,'eko',NULL,'2020-05-16 07:11:18','2020-05-16 07:11:18'),('28537981-4d1f-40b7-afc2-d09b3aaa1703','PSS231','Patchcord SM SX (2,0mm) SC/APC-SC/APC 1m',1,1,NULL,'4e8b0f0e-e718-4150-a7fb-9dd619e413c1',100.00,1500.00,2000.00,'2b643e21-a94c-4713-93f1-f1cbde6ad633',1,1,'eko',NULL,'2020-05-16 07:11:18','2020-05-16 07:11:18'),('292d5c9f-c3f2-41b3-8f86-88c680b0d95e','S28MOSU','Splitter 2:8 Modular SC/UPC ',1,1,NULL,'4e8b0f0e-e718-4150-a7fb-9dd619e413c1',100.00,1500.00,2000.00,'2b643e21-a94c-4713-93f1-f1cbde6ad633',0,1,'eko',NULL,'2020-05-16 07:11:18','2020-05-16 07:11:18'),('2a2ad83b-6255-4edc-90b4-6be9f1e4ccd0','PSS219','Patchcord SM SX (2,0mm) LC/UPC-LC/UPC 1m',1,1,NULL,'4e8b0f0e-e718-4150-a7fb-9dd619e413c1',100.00,1500.00,2000.00,'2b643e21-a94c-4713-93f1-f1cbde6ad633',1,1,'eko',NULL,'2020-05-16 07:11:18','2020-05-16 07:11:18'),('2a32aeab-59d4-4947-9012-dd0b7652ba75','PSS220','Patchcord SM SX (2,0mm) LC/UPC-LC/UPC 20m',1,1,NULL,'4e8b0f0e-e718-4150-a7fb-9dd619e413c1',100.00,1500.00,2000.00,'2b643e21-a94c-4713-93f1-f1cbde6ad633',1,1,'eko',NULL,'2020-05-16 07:11:18','2020-05-16 07:11:18'),('2ac70148-52ca-4ef2-b482-394816f3ac76','SMDC24CY','SM DUCT CABLE CONVEN 24 Core - YOFC',1,2,NULL,'6fe4d0f9-8b78-4932-9f6a-c78a6dc22829',10000.00,7150.00,8200.00,'2b643e21-a94c-4713-93f1-f1cbde6ad633',NULL,1,'Mirza Rizaldy',NULL,'2020-11-04 19:06:07','2020-11-04 19:06:07'),('2af3440d-96dc-4628-bdb5-e3221ee35870','PG1818','Plastik Gambar 18 x 18',1,1,NULL,'4e8b0f0e-e718-4150-a7fb-9dd619e413c1',100.00,1500.00,2000.00,'2b643e21-a94c-4713-93f1-f1cbde6ad633',0,1,'eko',NULL,'2020-05-16 07:11:18','2020-05-16 07:11:18'),('2b99de30-4726-4025-8c81-00285e94a9c4','S18PLWCN','Splitter 1:8 PLC Tanpa Connector ( No Brand )',1,1,NULL,'4e8b0f0e-e718-4150-a7fb-9dd619e413c1',100.00,1500.00,2000.00,'2b643e21-a94c-4713-93f1-f1cbde6ad633',0,1,'eko',NULL,'2020-05-16 07:11:18','2020-05-16 07:11:18'),('2beb3665-fc2d-4fbc-a69d-9dc8103d2a06','PSD223','Patchcord SM DX (2,0mm) SC/UPC-FC/UPC 1m',1,1,NULL,'4e8b0f0e-e718-4150-a7fb-9dd619e413c1',100.00,1500.00,2000.00,'2b643e21-a94c-4713-93f1-f1cbde6ad633',1,1,'eko',NULL,'2020-05-16 07:11:18','2020-05-16 07:11:18'),('2bebb89a-c746-415a-a083-27efce0213f4','TSS202','Pigtail SM SX (2,0mm) FC/UPC 1,5m ',1,1,NULL,'4e8b0f0e-e718-4150-a7fb-9dd619e413c1',100.00,1500.00,2000.00,'2b643e21-a94c-4713-93f1-f1cbde6ad633',0,1,'eko',NULL,'2020-05-16 07:11:18','2020-05-16 07:11:18'),('2c394318-71df-4569-8fd9-28ce6d577a0e','PSS230','Patchcord SM SX (2,0mm) SC/APC-LC/APC 5m',1,1,NULL,'4e8b0f0e-e718-4150-a7fb-9dd619e413c1',100.00,1500.00,2000.00,'2b643e21-a94c-4713-93f1-f1cbde6ad633',1,1,'eko',NULL,'2020-05-16 07:11:18','2020-05-16 07:11:18'),('2c45b723-c7b3-4959-862a-17c865c03031','PSS207','Patchcord SM SX (2,0mm) FC/UPC-LC/UPC 10m',1,1,NULL,'4e8b0f0e-e718-4150-a7fb-9dd619e413c1',100.00,1500.00,2000.00,'2b643e21-a94c-4713-93f1-f1cbde6ad633',1,1,'eko',NULL,'2020-05-16 07:11:18','2020-05-16 07:11:18'),('2c7687c4-847b-422c-9504-4db9293201d5','P5550','Plastik Clip 55 X 50',1,1,NULL,'4e8b0f0e-e718-4150-a7fb-9dd619e413c1',100.00,1500.00,2000.00,'2b643e21-a94c-4713-93f1-f1cbde6ad633',0,1,'eko',NULL,'2020-05-16 07:11:18','2020-05-16 07:11:18'),('2cd98f26-3b69-4c4f-8480-cebae681a75b','IL','Polishing IL D1 Micron (Abu-abu)',1,1,NULL,'4e8b0f0e-e718-4150-a7fb-9dd619e413c1',100.00,1500.00,2000.00,'2b643e21-a94c-4713-93f1-f1cbde6ad633',0,1,'eko',NULL,'2020-05-16 07:11:18','2020-05-16 07:11:18'),('2deb5538-480e-4bf2-b572-8efce84a46ce','PSS308','Patchcord SM SX (3,0mm) FC/UPC-SC/UPC 20m',1,1,NULL,'4e8b0f0e-e718-4150-a7fb-9dd619e413c1',100.00,1500.00,2000.00,'2b643e21-a94c-4713-93f1-f1cbde6ad633',1,1,'eko',NULL,'2020-05-16 07:11:18','2020-05-16 07:11:18'),('2dedb15b-c44a-44db-8ab7-7213ae1f4224','PSS329','Patchcord SM SX (3,0mm) SC/UPC-SC/UPC 15m',1,1,NULL,'4e8b0f0e-e718-4150-a7fb-9dd619e413c1',100.00,1500.00,2000.00,'2b643e21-a94c-4713-93f1-f1cbde6ad633',1,1,'eko',NULL,'2020-05-16 07:11:18','2020-05-16 07:11:18'),('2e7a63aa-49df-49b4-a5d4-52c881fdd5dd','TSD304','Pigtail SM DX (3,0mm) SC/UPC 2m ',1,1,NULL,'4e8b0f0e-e718-4150-a7fb-9dd619e413c1',100.00,1500.00,2000.00,'2b643e21-a94c-4713-93f1-f1cbde6ad633',0,1,'eko',NULL,'2020-05-16 07:11:18','2020-05-16 07:11:18'),('2ecb6a77-3708-4eb3-ab82-3e89ac70dea7','TSS305','Pigtail SM SX (3,0mm) SC/UPC 3,5m',1,1,NULL,'4e8b0f0e-e718-4150-a7fb-9dd619e413c1',100.00,1500.00,2000.00,'2b643e21-a94c-4713-93f1-f1cbde6ad633',0,1,'eko',NULL,'2020-05-16 07:11:18','2020-05-16 07:11:18'),('302e9d8b-38ae-436c-a695-a9db956f503f','PSS210','Patchcord SM SX (2,0mm) FC/UPC-LC/UPC 20m',1,1,NULL,'4e8b0f0e-e718-4150-a7fb-9dd619e413c1',100.00,1500.00,2000.00,'2b643e21-a94c-4713-93f1-f1cbde6ad633',1,1,'eko',NULL,'2020-05-16 07:11:18','2020-05-16 07:11:18'),('308dfdfa-509f-4039-9b96-e5ce030e3cfa','DS121212','SM DUCT SCPT 12 Core/GYA-12B1.3/12Tube',1,1,NULL,'4e8b0f0e-e718-4150-a7fb-9dd619e413c1',100.00,1500.00,2000.00,'2b643e21-a94c-4713-93f1-f1cbde6ad633',0,1,'eko',NULL,'2020-05-16 07:11:18','2020-05-16 07:11:18'),('312e9f2d-9eb3-4642-8728-fca0a113b2df','FT815','Connector kit MM 0,9mm LC/PC',2,1,NULL,'21fca1cd-1e44-4895-b877-7f70903c1684',100.00,1000.00,2000.00,'2b643e21-a94c-4713-93f1-f1cbde6ad633',1,1,'Admin Gudang (Katerine)',NULL,'2020-10-18 12:03:00','2020-10-18 12:03:00'),('32462549-e3c3-4406-9c70-0c5ad8c82d52','PSD245','Patchcord SM DX (2,0mm) SC/UPC-SC/UPC 5m',1,1,NULL,'4e8b0f0e-e718-4150-a7fb-9dd619e413c1',100.00,1500.00,2000.00,'2b643e21-a94c-4713-93f1-f1cbde6ad633',1,1,'eko',NULL,'2020-05-16 07:11:18','2020-05-16 07:11:18'),('32a3b6ce-d7fc-4814-8ffb-7dc3ca1919fb','PSD239','Patchcord SM DX (2,0mm) SC/UPC-LC/UPC 7m',1,1,NULL,'4e8b0f0e-e718-4150-a7fb-9dd619e413c1',100.00,1500.00,2000.00,'2b643e21-a94c-4713-93f1-f1cbde6ad633',1,1,'eko',NULL,'2020-05-16 07:11:18','2020-05-16 07:11:18'),('32d233b8-5eda-4841-a171-ad418b62a37f','FT824','Kabel MM SX 3.mm 1,5M Potongan',2,1,NULL,'21fca1cd-1e44-4895-b877-7f70903c1684',100.00,1000.00,2000.00,'2b643e21-a94c-4713-93f1-f1cbde6ad633',1,1,'Admin Gudang (Katerine)',NULL,'2020-10-18 12:49:30','2020-10-18 12:49:30'),('32dbe418-54fe-4e02-bed2-9946dd6b2b2c','S14MOSUN','Splitter 1:4 Modular SC/UPC (No Brand)',1,1,NULL,'4e8b0f0e-e718-4150-a7fb-9dd619e413c1',100.00,1500.00,2000.00,'2b643e21-a94c-4713-93f1-f1cbde6ad633',0,1,'eko',NULL,'2020-05-16 07:11:18','2020-05-16 07:11:18'),('3301f8de-dc15-4b38-8542-008da5228ffb','PSD319','Patchcord SM DX (3,0mm) SC/UPC-LC/UPC 10m',1,1,NULL,'4e8b0f0e-e718-4150-a7fb-9dd619e413c1',100.00,1500.00,2000.00,'2b643e21-a94c-4713-93f1-f1cbde6ad633',1,1,'eko',NULL,'2020-05-16 07:11:18','2020-05-16 07:11:18'),('333cbb1a-f46e-49a1-a480-ea3ae3092f4e','SRDG','Stick Rodding',1,1,NULL,'4e8b0f0e-e718-4150-a7fb-9dd619e413c1',100.00,1500.00,2000.00,'2b643e21-a94c-4713-93f1-f1cbde6ad633',0,1,'eko',NULL,'2020-05-16 07:11:18','2020-05-16 07:11:18'),('33e6c87d-a476-4593-9666-2dd8eae2acaf','SFP10G','SFP 10GB',1,1,NULL,'4e8b0f0e-e718-4150-a7fb-9dd619e413c1',100.00,1500.00,2000.00,'2b643e21-a94c-4713-93f1-f1cbde6ad633',0,1,'eko',NULL,'2020-05-16 07:11:18','2020-05-16 07:11:18'),('3451b54a-22ee-429b-877f-3d4cd8128e90','R4CGR','Roset 4 Core ( abu abu )',1,1,NULL,'4e8b0f0e-e718-4150-a7fb-9dd619e413c1',100.00,1500.00,2000.00,'2b643e21-a94c-4713-93f1-f1cbde6ad633',0,1,'eko',NULL,'2020-05-16 07:11:18','2020-05-16 07:11:18'),('34eff310-0251-45ad-a357-0bbd38c94fed','ZLAMC','Zig Housing LC/APC  (Mesin Mecanical)',1,1,NULL,'4e8b0f0e-e718-4150-a7fb-9dd619e413c1',100.00,1500.00,2000.00,'2b643e21-a94c-4713-93f1-f1cbde6ad633',0,1,'eko',NULL,'2020-05-16 07:11:18','2020-05-16 07:11:18'),('350e590d-80a7-4cee-a0d8-98d1cfa3c1bc','PSD240','Patchcord SM DX (2,0mm) SC/UPC-LC/UPC 8m',1,1,NULL,'4e8b0f0e-e718-4150-a7fb-9dd619e413c1',100.00,1500.00,2000.00,'2b643e21-a94c-4713-93f1-f1cbde6ad633',1,1,'eko',NULL,'2020-05-16 07:11:18','2020-05-16 07:11:18'),('36b9f4f9-499b-4239-b2ce-661ec6731660','PSS247','Patchcord SM SX (2,0mm) SC/UPC-SC/UPC 10m',1,1,NULL,'4e8b0f0e-e718-4150-a7fb-9dd619e413c1',100.00,1500.00,2000.00,'2b643e21-a94c-4713-93f1-f1cbde6ad633',1,1,'eko',NULL,'2020-05-16 07:11:18','2020-05-16 07:11:18'),('370a2a2b-ca31-454c-a4e3-53268b618f3c','SCR2','SMALL CRIMP RING (2,00mm)',1,1,NULL,'4e8b0f0e-e718-4150-a7fb-9dd619e413c1',100.00,1500.00,2000.00,'2b643e21-a94c-4713-93f1-f1cbde6ad633',0,1,'eko',NULL,'2020-05-16 07:11:18','2020-05-16 07:11:18'),('372b6d42-6942-4754-9f9a-d3cd75ab0f36','CKU2424SCPT','Kabel KU 24/24 SCPT MERK YOFC',1,2,NULL,'21fca1cd-1e44-4895-b877-7f70903c1684',100000.00,1500.00,2500.00,'2b643e21-a94c-4713-93f1-f1cbde6ad633',1,1,'Mirza Rizaldy',NULL,'2020-10-05 19:01:12','2020-10-05 19:01:12'),('3796ab98-805e-4d21-81ab-f2bca5b5c948','PSS250','Patchcord SM SX (2,0mm) SC/UPC-SC/UPC 2m',1,1,NULL,'4e8b0f0e-e718-4150-a7fb-9dd619e413c1',100.00,1500.00,2000.00,'2b643e21-a94c-4713-93f1-f1cbde6ad633',1,1,'eko',NULL,'2020-05-16 07:11:18','2020-05-16 07:11:18'),('382e1763-8f9e-4dea-a4ec-e52cbfc785a4','FT777','Patchcord SM DX ST/UPC-LC/UPC (3,mm) 3M',1,1,NULL,'21fca1cd-1e44-4895-b877-7f70903c1684',100.00,1000.00,2000.00,'2b643e21-a94c-4713-93f1-f1cbde6ad633',1,1,'Irena (Production Adm)',NULL,'2020-10-18 14:27:55','2020-10-18 14:27:55'),('39100a15-104a-431d-b833-768ae77395e9','SSMLU9','SIMPLEX STOPPER MM LC/UPC (0,9mm) Brown',1,1,NULL,'4e8b0f0e-e718-4150-a7fb-9dd619e413c1',100.00,1500.00,2000.00,'2b643e21-a94c-4713-93f1-f1cbde6ad633',0,1,'eko',NULL,'2020-05-16 07:11:18','2020-05-16 07:11:18'),('3979288c-f896-43d4-944f-1eff5c09762c','TSS301','Pigtail SM SX (3,0mm) FC/UPC 5m ',1,1,NULL,'4e8b0f0e-e718-4150-a7fb-9dd619e413c1',100.00,1500.00,2000.00,'2b643e21-a94c-4713-93f1-f1cbde6ad633',0,1,'eko',NULL,'2020-05-16 07:11:18','2020-05-16 07:11:18'),('39d918f5-4d1f-466e-ab38-71f091f08846','FT825','Patchcord SM SX 2,mm FC/UPC-LC/UPC 20M',1,1,NULL,'21fca1cd-1e44-4895-b877-7f70903c1684',100.00,1000.00,2000.00,'2b643e21-a94c-4713-93f1-f1cbde6ad633',1,1,'Irena (Production Adm)',NULL,'2020-10-18 15:15:46','2020-10-18 15:15:46'),('3a47c5d9-bc89-4174-92bd-29da7a2eafc9','S14PLSUT','Splitter 1:4 PLC SC/UPC (Tente)',1,1,NULL,'4e8b0f0e-e718-4150-a7fb-9dd619e413c1',100.00,1500.00,2000.00,'2b643e21-a94c-4713-93f1-f1cbde6ad633',0,1,'eko',NULL,'2020-05-16 07:11:18','2020-05-16 07:11:18'),('3b178ef1-8a34-44ba-9f41-766d452f4b43','PSD237','Patchcord SM DX (2,0mm) SC/UPC-LC/UPC 45m',1,1,NULL,'4e8b0f0e-e718-4150-a7fb-9dd619e413c1',100.00,1500.00,2000.00,'2b643e21-a94c-4713-93f1-f1cbde6ad633',1,1,'eko',NULL,'2020-05-16 07:11:18','2020-05-16 07:11:18'),('3b219596-c0d5-4cfd-a37a-4f0b2b99bdd2','PSS216','Patchcord SM SX (2,0mm) LC/UPC-LC/UPC 1,5m',1,1,NULL,'4e8b0f0e-e718-4150-a7fb-9dd619e413c1',100.00,1500.00,2000.00,'2b643e21-a94c-4713-93f1-f1cbde6ad633',1,1,'eko',NULL,'2020-05-16 07:11:18','2020-05-16 07:11:18'),('3d7deffc-073c-40f9-bf7e-94c8cf5381ba','PSS244','Patchcord SM SX (2,0mm) SC/UPC-LC/UPC 5m',1,1,NULL,'4e8b0f0e-e718-4150-a7fb-9dd619e413c1',100.00,1500.00,2000.00,'2b643e21-a94c-4713-93f1-f1cbde6ad633',1,1,'eko',NULL,'2020-05-16 07:11:18','2020-05-16 07:11:18'),('3d9cb0a3-cb54-4a50-bd20-ab7243a88a2b','WSD','Wrapping Sedang',1,1,NULL,'4e8b0f0e-e718-4150-a7fb-9dd619e413c1',100.00,1500.00,2000.00,'2b643e21-a94c-4713-93f1-f1cbde6ad633',0,1,'eko',NULL,'2020-05-16 07:11:18','2020-05-16 07:11:18'),('3e0588c3-e0f3-4367-8338-53fe0e6e4280','FT778','Patchcord SM DX ST/UPC-LC/UPC (3,mm) 10M',1,1,NULL,'21fca1cd-1e44-4895-b877-7f70903c1684',100.00,1000.00,2000.00,'2b643e21-a94c-4713-93f1-f1cbde6ad633',1,1,'Irena (Production Adm)',NULL,'2020-10-18 14:25:42','2020-10-18 14:25:42'),('3e10db3c-6056-4b1a-8d9a-5f8a936d924a','KMOM4DLR','Kabel Patchcord MM OM4 DX 2,00mm LSZH RED',6,2,NULL,'ba5cd38f-2ffb-4957-a1a2-c23e691b2068',10000.00,4000.00,6000.00,'2b643e21-a94c-4713-93f1-f1cbde6ad633',NULL,1,'Mirza Rizaldy','Mirza Rizaldy','2020-10-31 18:08:45','2020-10-31 18:11:54'),('3fd203f0-691e-4bfa-b20d-b728c661ff05','SSSLA9','SIMPLEX STOPPER SM LC/APC (0,9mm) Green',1,1,NULL,'4e8b0f0e-e718-4150-a7fb-9dd619e413c1',100.00,1500.00,2000.00,'2b643e21-a94c-4713-93f1-f1cbde6ad633',0,1,'eko',NULL,'2020-05-16 07:11:18','2020-05-16 07:11:18'),('3fd87551-f61c-4b63-9e35-a2ee90cf601d','10000998','Patchcord SM DX (2,0mm) SC/UPC-SC/UPC 25m',1,1,NULL,'4e8b0f0e-e718-4150-a7fb-9dd619e413c1',10.00,25000.00,60000.00,'2b643e21-a94c-4713-93f1-f1cbde6ad633',1,1,'Dimas',NULL,'2020-06-17 02:47:34','2020-06-17 02:47:34'),('3fea69c6-2c2a-4f26-8ef5-a8bfbb5f77b3','FT809','Patchcord SM SX 2,mm SC/UPC-SC/UPC 1,5m',1,1,NULL,'21fca1cd-1e44-4895-b877-7f70903c1684',100.00,1000.00,2000.00,'2b643e21-a94c-4713-93f1-f1cbde6ad633',1,1,'Irena (Production Adm)',NULL,'2020-10-18 15:21:55','2020-10-18 15:21:55'),('409c7059-3a51-42e2-a699-323b66b98a1c','FT802','Connector kit ST/PC 2mm SM',2,1,NULL,'21fca1cd-1e44-4895-b877-7f70903c1684',100.00,1000.00,2000.00,'2b643e21-a94c-4713-93f1-f1cbde6ad633',1,1,'Admin Gudang (Katerine)',NULL,'2020-10-18 12:12:20','2020-10-18 12:12:20'),('4179d80b-f6c1-402a-8d86-76ce23fe9f86','ZFA','Zig Housing FC/APC  (Mesin Mecanical)',1,1,NULL,'4e8b0f0e-e718-4150-a7fb-9dd619e413c1',100.00,1500.00,2000.00,'2b643e21-a94c-4713-93f1-f1cbde6ad633',0,1,'eko',NULL,'2020-05-16 07:11:18','2020-05-16 07:11:18'),('419c1402-e5d7-42ed-8f23-f7012d862ea6','PSD231','Patchcord SM DX (2,0mm) SC/UPC-LC/UPC 1m',1,1,NULL,'4e8b0f0e-e718-4150-a7fb-9dd619e413c1',100.00,1500.00,2000.00,'2b643e21-a94c-4713-93f1-f1cbde6ad633',1,1,'eko',NULL,'2020-05-16 07:11:18','2020-05-16 07:11:18'),('42e15caf-36f7-4b28-99e1-a9e2ea579f7c','SSSLU23','SIMPLEX STOPPER SM LC/UPC (2,00mm, 3,00mm) Blue',1,1,NULL,'4e8b0f0e-e718-4150-a7fb-9dd619e413c1',100.00,1500.00,2000.00,'2b643e21-a94c-4713-93f1-f1cbde6ad633',0,1,'eko',NULL,'2020-05-16 07:11:18','2020-05-16 07:11:18'),('43a66fbc-1283-4954-98ad-795093cab8f1','FT816','Connector kit SM  SC/UPC 2,mm',2,1,NULL,'21fca1cd-1e44-4895-b877-7f70903c1684',100.00,1000.00,2000.00,'2b643e21-a94c-4713-93f1-f1cbde6ad633',1,1,'Admin Gudang (Katerine)',NULL,'2020-10-18 12:10:05','2020-10-18 12:10:05'),('43c48fab-f3f5-4e5f-88b4-5599fb41bc32','PSS323','Patchcord SM SX (3,0mm) SC/UPC-LC/UPC 3m',1,1,NULL,'4e8b0f0e-e718-4150-a7fb-9dd619e413c1',100.00,1500.00,2000.00,'2b643e21-a94c-4713-93f1-f1cbde6ad633',1,1,'eko',NULL,'2020-05-16 07:11:18','2020-05-16 07:11:18'),('44244f8a-ac13-4d8c-b0cc-303db8777970','P135','Plastik 13,5 x 14,5',1,1,NULL,'4e8b0f0e-e718-4150-a7fb-9dd619e413c1',100.00,1500.00,2000.00,'2b643e21-a94c-4713-93f1-f1cbde6ad633',0,1,'eko',NULL,'2020-05-16 07:11:18','2020-05-16 07:11:18'),('45e3a2e9-41af-4ba9-96d4-b07ec1fe038b','ZSUMN','Zig Housing SC/UPC  (Mesin Manual)',1,1,NULL,'4e8b0f0e-e718-4150-a7fb-9dd619e413c1',100.00,1500.00,2000.00,'2b643e21-a94c-4713-93f1-f1cbde6ad633',0,1,'eko',NULL,'2020-05-16 07:11:18','2020-05-16 07:11:18'),('46d04f0e-529c-4c74-8034-bbbd3b3c02d0','FT806','Connector kit FC/PC SM SX 2,mm',2,1,NULL,'21fca1cd-1e44-4895-b877-7f70903c1684',100.00,1000.00,2000.00,'2b643e21-a94c-4713-93f1-f1cbde6ad633',1,1,'Admin Gudang (Katerine)',NULL,'2020-10-18 11:49:57','2020-10-18 11:49:57'),('47359c6c-5efd-4d1b-85ca-84f24e1fe9f2','PSD331','Patchcord SM DX (3,0mm) SC/UPC-SC/UPC 5m',1,1,NULL,'4e8b0f0e-e718-4150-a7fb-9dd619e413c1',100.00,1500.00,2000.00,'2b643e21-a94c-4713-93f1-f1cbde6ad633',1,1,'eko',NULL,'2020-05-16 07:11:18','2020-05-16 07:11:18'),('47aa3c3c-56ec-4f4c-a3ff-9544cf4ce9cf','PSS225','Patchcord SM SX (2,0mm) LC/UPC-LC/UPC 80m',1,1,NULL,'4e8b0f0e-e718-4150-a7fb-9dd619e413c1',100.00,1500.00,2000.00,'2b643e21-a94c-4713-93f1-f1cbde6ad633',1,1,'eko',NULL,'2020-05-16 07:11:18','2020-05-16 07:11:18'),('48c579c9-fd72-49d0-8193-970ef5399c84','S28MOSA','Splitter 2:8 Modular SC/APC ',1,1,NULL,'4e8b0f0e-e718-4150-a7fb-9dd619e413c1',100.00,1500.00,2000.00,'2b643e21-a94c-4713-93f1-f1cbde6ad633',0,1,'eko',NULL,'2020-05-16 07:11:18','2020-05-16 07:11:18'),('49015b79-c8d7-4440-8223-515b21b026c6','WB','Wrapping Besar',1,1,NULL,'4e8b0f0e-e718-4150-a7fb-9dd619e413c1',100.00,1500.00,2000.00,'2b643e21-a94c-4713-93f1-f1cbde6ad633',0,1,'eko',NULL,'2020-05-16 07:11:18','2020-05-16 07:11:18'),('494325a6-68bc-4d88-9dd8-472f8901a6a2','PSD308','Patchcord SM DX (3,0mm) FC/UPC-LC/UPC 5m',1,1,NULL,'4e8b0f0e-e718-4150-a7fb-9dd619e413c1',100.00,1500.00,2000.00,'2b643e21-a94c-4713-93f1-f1cbde6ad633',1,1,'eko',NULL,'2020-05-16 07:11:18','2020-05-16 07:11:18'),('4a2b62e8-320e-465d-be9a-507923110235','FT789','Patchcord SM SX LC/UPC-FC/UPC (2,mm) 15M',1,1,NULL,'21fca1cd-1e44-4895-b877-7f70903c1684',100.00,1000.00,2000.00,'2b643e21-a94c-4713-93f1-f1cbde6ad633',1,1,'Admin Gudang (Katerine)',NULL,'2020-10-18 15:05:25','2020-10-18 15:05:25'),('4a358603-b661-4320-ad99-72c870e754cb','TSS904','Pigtail SM SX (0,9mm) LC/UPC 1,5m ',1,1,NULL,'4e8b0f0e-e718-4150-a7fb-9dd619e413c1',100.00,1500.00,2000.00,'2b643e21-a94c-4713-93f1-f1cbde6ad633',0,1,'eko',NULL,'2020-05-16 07:11:18','2020-05-16 07:11:18'),('4b4ae981-c88c-479a-9f72-11c2837cbb4f','U801','UCU 801',1,1,NULL,'4e8b0f0e-e718-4150-a7fb-9dd619e413c1',100.00,1500.00,2000.00,'2b643e21-a94c-4713-93f1-f1cbde6ad633',0,1,'eko',NULL,'2020-05-16 07:11:18','2020-05-16 07:11:18'),('4c01a6b8-4401-4be3-8b11-48410471006a','TMO2S207','Pigtail MM OM2 SX (2,0mm) SC/UPC 1,5m',1,1,NULL,'4e8b0f0e-e718-4150-a7fb-9dd619e413c1',100.00,1500.00,2000.00,'2b643e21-a94c-4713-93f1-f1cbde6ad633',0,1,'eko',NULL,'2020-05-16 07:11:18','2020-05-16 07:11:18'),('4cbef0bc-45f7-4ca7-ba4e-371ae9c82703','PSS236','Patchcord SM SX (2,0mm) SC/APC-SC/UPC 5m',1,1,NULL,'4e8b0f0e-e718-4150-a7fb-9dd619e413c1',100.00,1500.00,2000.00,'2b643e21-a94c-4713-93f1-f1cbde6ad633',1,1,'eko',NULL,'2020-05-16 07:11:18','2020-05-16 07:11:18'),('4cc8dd7c-2695-4cc8-95ae-36d488fc7322','FT797','Patchcord MM DX SC/APC-LC/APC (2,mm) 1M',1,1,NULL,'21fca1cd-1e44-4895-b877-7f70903c1684',100.00,1000.00,2000.00,'2b643e21-a94c-4713-93f1-f1cbde6ad633',1,1,'Admin Gudang (Katerine)',NULL,'2020-10-18 12:57:26','2020-10-18 12:57:26'),('4d0f2ae0-bc50-407b-ac2d-ee19f2928535','P1818','Plastik 18 x 18',1,1,NULL,'4e8b0f0e-e718-4150-a7fb-9dd619e413c1',100.00,1500.00,2000.00,'2b643e21-a94c-4713-93f1-f1cbde6ad633',0,1,'eko',NULL,'2020-05-16 07:11:18','2020-05-16 07:11:18'),('4d6797ab-3ea0-4545-afc8-4643a5e75c4f','VFALOJ','Visual Fault Locator JW 3105A',1,1,NULL,'4e8b0f0e-e718-4150-a7fb-9dd619e413c1',100.00,1500.00,2000.00,'2b643e21-a94c-4713-93f1-f1cbde6ad633',0,1,'eko',NULL,'2020-05-16 07:11:18','2020-05-16 07:11:18'),('4dfcec97-9511-463f-b99f-459068891080','S18MOSUG','Splitter 1:8 Modular SC/UPC (GOC)',1,1,NULL,'4e8b0f0e-e718-4150-a7fb-9dd619e413c1',100.00,1500.00,2000.00,'2b643e21-a94c-4713-93f1-f1cbde6ad633',0,1,'eko',NULL,'2020-05-16 07:11:18','2020-05-16 07:11:18'),('4e2fd3bb-cd3e-4ecb-9da6-745b145f57ce','WP150','Wrapping  Panjang uk.50 x 150m',1,1,NULL,'4e8b0f0e-e718-4150-a7fb-9dd619e413c1',100.00,1500.00,2000.00,'2b643e21-a94c-4713-93f1-f1cbde6ad633',0,1,'eko',NULL,'2020-05-16 07:11:18','2020-05-16 07:11:18'),('4eb07b52-e87d-4a9d-b0b6-359ea6839eca','PSD320','Patchcord SM DX (3,0mm) SC/UPC-LC/UPC 1m',1,1,NULL,'4e8b0f0e-e718-4150-a7fb-9dd619e413c1',100.00,1500.00,2000.00,'2b643e21-a94c-4713-93f1-f1cbde6ad633',1,1,'eko',NULL,'2020-05-16 07:11:18','2020-05-16 07:11:18'),('4f062ee3-75db-4366-8b4d-a851227c4a43','ZSAMN','Zig Housing SC/APC  (Mesin Manual)',1,1,NULL,'4e8b0f0e-e718-4150-a7fb-9dd619e413c1',100.00,1500.00,2000.00,'2b643e21-a94c-4713-93f1-f1cbde6ad633',0,1,'eko',NULL,'2020-05-16 07:11:18','2020-05-16 07:11:18'),('4f964b43-2859-4137-9043-3d725e9e6ff4','P1C006','Precon 1 Core SC/APC-SC/UPC 200M',1,1,NULL,'4e8b0f0e-e718-4150-a7fb-9dd619e413c1',100.00,1500.00,2000.00,'2b643e21-a94c-4713-93f1-f1cbde6ad633',0,1,'eko',NULL,'2020-05-16 07:11:18','2020-05-16 07:11:18'),('50fb2356-968e-4d26-9a9d-92cc27f5e291','ZSAMC','Zig Housing SC/APC  (Mesin Mecanical)',1,1,NULL,'4e8b0f0e-e718-4150-a7fb-9dd619e413c1',100.00,1500.00,2000.00,'2b643e21-a94c-4713-93f1-f1cbde6ad633',0,1,'eko',NULL,'2020-05-16 07:11:18','2020-05-16 07:11:18'),('52b06135-8753-49a0-9ea9-5cb4c708ef5b','PSS203','Patchcord SM SX (2,0mm) FC/UPC-FC/UPC 10m',1,1,NULL,'4e8b0f0e-e718-4150-a7fb-9dd619e413c1',100.00,1500.00,2000.00,'2b643e21-a94c-4713-93f1-f1cbde6ad633',1,1,'eko',NULL,'2020-05-16 07:11:18','2020-05-16 07:11:18'),('52cfc1d9-ecc1-4cc7-a411-58d0b8284060','PSS305','Patchcord SM SX (3,0mm) FC/UPC-LC/UPC 40m',1,1,NULL,'4e8b0f0e-e718-4150-a7fb-9dd619e413c1',100.00,1500.00,2000.00,'2b643e21-a94c-4713-93f1-f1cbde6ad633',1,1,'eko',NULL,'2020-05-16 07:11:18','2020-05-16 07:11:18'),('53dff306-fa2a-4379-b920-431156ac105b','TSS912','Pigtail SM SX (0,9mm) SC/UPC 1,5m (Putih)',1,1,NULL,'4e8b0f0e-e718-4150-a7fb-9dd619e413c1',100.00,1500.00,2000.00,'2b643e21-a94c-4713-93f1-f1cbde6ad633',0,1,'eko',NULL,'2020-05-16 07:11:18','2020-05-16 07:11:18'),('5419c6c1-c02b-42a1-99d7-331514ce735e','YJIN','Young Jin ',1,1,NULL,'4e8b0f0e-e718-4150-a7fb-9dd619e413c1',100.00,1500.00,2000.00,'2b643e21-a94c-4713-93f1-f1cbde6ad633',0,1,'eko',NULL,'2020-05-16 07:11:18','2020-05-16 07:11:18'),('54bba56c-437f-4495-bb54-319e5cab8fd7','S18MOSUS','Splitter 1:8 Modular SC/UPC SAM ',1,1,NULL,'4e8b0f0e-e718-4150-a7fb-9dd619e413c1',100.00,1500.00,2000.00,'2b643e21-a94c-4713-93f1-f1cbde6ad633',0,1,'eko',NULL,'2020-05-16 07:11:18','2020-05-16 07:11:18'),('5589d37c-ff92-4569-b81d-8ded2f0b1486','FT247','Patchcord SM SX (2,0mm) LC/UPC-LC/UPC 50m',1,1,NULL,'21fca1cd-1e44-4895-b877-7f70903c1684',100.00,1000.00,2000.00,'2b643e21-a94c-4713-93f1-f1cbde6ad633',1,1,'Irena (Production Adm)',NULL,'2020-10-18 14:41:20','2020-10-18 14:41:20'),('5636ef6f-a6a1-4ec9-a1c1-6a5f97d0296b','PSD233','Patchcord SM DX (2,0mm) SC/UPC-LC/UPC 2m',1,1,NULL,'4e8b0f0e-e718-4150-a7fb-9dd619e413c1',100.00,1500.00,2000.00,'2b643e21-a94c-4713-93f1-f1cbde6ad633',1,1,'eko',NULL,'2020-05-16 07:11:18','2020-05-16 07:11:18'),('57023c1f-6666-4b23-a42a-5f7059f95f68','PSS253','Patchcord SM SX (2,0mm) SC/UPC-SC/UPC 5m',1,1,NULL,'4e8b0f0e-e718-4150-a7fb-9dd619e413c1',100.00,1500.00,2000.00,'2b643e21-a94c-4713-93f1-f1cbde6ad633',1,1,'eko',NULL,'2020-05-16 07:11:18','2020-05-16 07:11:18'),('58d514e2-01a2-4659-aed7-5ab96c3c0814','PSD332','Patchcord SM DX (3,0mm) SC/UPC-ST/UPC 5m',1,1,NULL,'4e8b0f0e-e718-4150-a7fb-9dd619e413c1',100.00,1500.00,2000.00,'2b643e21-a94c-4713-93f1-f1cbde6ad633',1,1,'eko',NULL,'2020-05-16 07:11:18','2020-05-16 07:11:18'),('59c29221-c993-4ece-a377-71eb3bf9ddbc','PSD318','Patchcord SM DX (3,0mm) SC/UPC-FC/UPC 5m',1,1,NULL,'4e8b0f0e-e718-4150-a7fb-9dd619e413c1',100.00,1500.00,2000.00,'2b643e21-a94c-4713-93f1-f1cbde6ad633',1,1,'eko',NULL,'2020-05-16 07:11:18','2020-05-16 07:11:18'),('5a75ace8-9408-4b6a-b5bf-f9a521259c77','ZLUMC','Zig Housing LC/UPC   (Mesin Mecanical)',1,1,NULL,'4e8b0f0e-e718-4150-a7fb-9dd619e413c1',100.00,1500.00,2000.00,'2b643e21-a94c-4713-93f1-f1cbde6ad633',0,1,'eko',NULL,'2020-05-16 07:11:18','2020-05-16 07:11:18'),('5b35dc17-12ad-41a0-beaa-404ab1187df3','TT','TRANSPARENT TUBE (0.9mm, 2,00mm, 3.00mm)',1,1,NULL,'4e8b0f0e-e718-4150-a7fb-9dd619e413c1',100.00,1500.00,2000.00,'2b643e21-a94c-4713-93f1-f1cbde6ad633',0,1,'eko',NULL,'2020-05-16 07:11:18','2020-05-16 07:11:18'),('5bfef3b3-dffc-4011-afc8-d89bf8af1527','PSS228','Patchcord SM SX (2,0mm) SC/APC-LC/APC 2m',1,1,NULL,'4e8b0f0e-e718-4150-a7fb-9dd619e413c1',100.00,1500.00,2000.00,'2b643e21-a94c-4713-93f1-f1cbde6ad633',1,1,'eko',NULL,'2020-05-16 07:11:18','2020-05-16 07:11:18'),('5c321c72-30ca-4967-a602-57802d122c9b','PSD235','Patchcord SM DX (2,0mm) SC/UPC-LC/UPC 35m',1,1,NULL,'4e8b0f0e-e718-4150-a7fb-9dd619e413c1',100.00,1500.00,2000.00,'2b643e21-a94c-4713-93f1-f1cbde6ad633',1,1,'eko',NULL,'2020-05-16 07:11:18','2020-05-16 07:11:18'),('5ce81e75-7d20-46a0-a52b-2303129f05c8','R2CPK','Roset 2 Core Polos (Kosongan)',1,1,NULL,'4e8b0f0e-e718-4150-a7fb-9dd619e413c1',100.00,1500.00,2000.00,'2b643e21-a94c-4713-93f1-f1cbde6ad633',0,1,'eko',NULL,'2020-05-16 07:11:18','2020-05-16 07:11:18'),('5d0a2548-06cb-4abe-be3d-9ca16dd799f3','PSD317','Patchcord SM DX (3,0mm) SC/UPC-FC/UPC 20m',1,1,NULL,'4e8b0f0e-e718-4150-a7fb-9dd619e413c1',100.00,1500.00,2000.00,'2b643e21-a94c-4713-93f1-f1cbde6ad633',1,1,'eko',NULL,'2020-05-16 07:11:18','2020-05-16 07:11:18'),('5d33ef5c-fd87-4770-9051-e78a193a7aa2','ZFUMC','Zig Housing FC/UPC  (Mesin Mecanical)',1,1,NULL,'4e8b0f0e-e718-4150-a7fb-9dd619e413c1',100.00,1500.00,2000.00,'2b643e21-a94c-4713-93f1-f1cbde6ad633',0,1,'eko',NULL,'2020-05-16 07:11:18','2020-05-16 07:11:18'),('5d9aaffa-33c0-11ea-aec2-2e728ce88125','AC1SP','AC 1/2 PK',7,1,NULL,'3d5983af-7c36-47ba-84e5-65298fb4fc96',1.00,2500000.00,2500000.00,'2b643e21-a94c-4713-93f1-f1cbde6ad633',NULL,1,'eko','Dimas','2020-05-16 07:11:18','2020-10-18 14:52:21'),('5d9ab270-33c0-11ea-aec2-2e728ce88125','AC10P','AC 1PK',7,1,NULL,'4e8b0f0e-e718-4150-a7fb-9dd619e413c1',100.00,1500.00,2000.00,'2b643e21-a94c-4713-93f1-f1cbde6ad633',NULL,NULL,'eko','Mirza Rizaldy','2020-05-16 07:11:18','2020-05-16 09:20:35'),('5d9ab3d8-33c0-11ea-aec2-2e728ce88125','AC50P','AC 5PK',7,1,NULL,'4e8b0f0e-e718-4150-a7fb-9dd619e413c1',100.00,1500.00,2000.00,'2b643e21-a94c-4713-93f1-f1cbde6ad633',NULL,NULL,'eko','Mirza Rizaldy','2020-05-16 07:11:18','2020-05-16 09:20:51'),('5d9ab536-33c0-11ea-aec2-2e728ce88125','ADB','Adapter Dustcaps Black',1,1,NULL,'4e8b0f0e-e718-4150-a7fb-9dd619e413c1',100.00,1500.00,2000.00,'2b643e21-a94c-4713-93f1-f1cbde6ad633',0,1,'eko',NULL,'2020-05-16 07:11:18','2020-05-16 07:11:18'),('5d9ac882-33c0-11ea-aec2-2e728ce88125','ADU','Adapter Dustcaps Blue',1,1,NULL,'4e8b0f0e-e718-4150-a7fb-9dd619e413c1',100.00,1500.00,2000.00,'2b643e21-a94c-4713-93f1-f1cbde6ad633',0,1,'eko',NULL,'2020-05-16 07:11:18','2020-05-16 07:11:18'),('5d9aca26-33c0-11ea-aec2-2e728ce88125','ADA','Adapter Dustcaps Green',1,1,NULL,'4e8b0f0e-e718-4150-a7fb-9dd619e413c1',100.00,1500.00,2000.00,'2b643e21-a94c-4713-93f1-f1cbde6ad633',0,1,'eko',NULL,'2020-05-16 07:11:18','2020-05-16 07:11:18'),('5d9acb70-33c0-11ea-aec2-2e728ce88125','AMDLP','Adapter MM DX LC/PC',1,1,NULL,'4e8b0f0e-e718-4150-a7fb-9dd619e413c1',100.00,1500.00,2000.00,'2b643e21-a94c-4713-93f1-f1cbde6ad633',0,1,'eko',NULL,'2020-05-16 07:11:18','2020-05-16 07:11:18'),('5d9acca6-33c0-11ea-aec2-2e728ce88125','AMSCP','Adapter MM SX SC/PC',1,1,NULL,'4e8b0f0e-e718-4150-a7fb-9dd619e413c1',100.00,1500.00,2000.00,'2b643e21-a94c-4713-93f1-f1cbde6ad633',0,1,'eko',NULL,'2020-05-16 07:11:18','2020-05-16 07:11:18'),('5d9ae2c2-33c0-11ea-aec2-2e728ce88125','ASA','Adapter SC/APC',1,1,NULL,'4e8b0f0e-e718-4150-a7fb-9dd619e413c1',100.00,1500.00,2000.00,'2b643e21-a94c-4713-93f1-f1cbde6ad633',0,1,'eko',NULL,'2020-05-16 07:11:18','2020-05-16 07:11:18'),('5d9ae448-33c0-11ea-aec2-2e728ce88125','ASU','Adapter SC/UPC',1,1,NULL,'4e8b0f0e-e718-4150-a7fb-9dd619e413c1',100.00,1500.00,2000.00,'2b643e21-a94c-4713-93f1-f1cbde6ad633',0,1,'eko',NULL,'2020-05-16 07:11:18','2020-05-16 07:11:18'),('5d9ae9b6-33c0-11ea-aec2-2e728ce88125','ASUAS','Adapter SC/UPC Auto Shutter',1,1,NULL,'4e8b0f0e-e718-4150-a7fb-9dd619e413c1',100.00,1500.00,2000.00,'2b643e21-a94c-4713-93f1-f1cbde6ad633',0,1,'eko',NULL,'2020-05-16 07:11:18','2020-05-16 07:11:18'),('5d9aeb3c-33c0-11ea-aec2-2e728ce88125','ASLU','Adapter SM LC/UPC',1,1,NULL,'4e8b0f0e-e718-4150-a7fb-9dd619e413c1',100.00,1500.00,2000.00,'2b643e21-a94c-4713-93f1-f1cbde6ad633',0,1,'eko',NULL,'2020-05-16 07:11:18','2020-05-16 07:11:18'),('5d9b0464-33c0-11ea-aec2-2e728ce88125','ASLUD','Adapter SM LC/UPC DX',1,1,NULL,'4e8b0f0e-e718-4150-a7fb-9dd619e413c1',100.00,1500.00,2000.00,'2b643e21-a94c-4713-93f1-f1cbde6ad633',0,1,'eko',NULL,'2020-05-16 07:11:18','2020-05-16 07:11:18'),('5d9b05ea-33c0-11ea-aec2-2e728ce88125','ASSABD','Adapter SM SC/APC (BESI) (Dimika)',1,1,NULL,'4e8b0f0e-e718-4150-a7fb-9dd619e413c1',100.00,1500.00,2000.00,'2b643e21-a94c-4713-93f1-f1cbde6ad633',0,1,'eko',NULL,'2020-05-16 07:11:18','2020-05-16 07:11:18'),('5d9b0734-33c0-11ea-aec2-2e728ce88125','ASSABDT','Adapter SM SC/APC (BESI) (Dimika) (Tente)',1,1,NULL,'4e8b0f0e-e718-4150-a7fb-9dd619e413c1',100.00,1500.00,2000.00,'2b643e21-a94c-4713-93f1-f1cbde6ad633',0,1,'eko',NULL,'2020-05-16 07:11:18','2020-05-16 07:11:18'),('5d9b0874-33c0-11ea-aec2-2e728ce88125','ASSUB','Adapter SM SC/UPC ( BESI ) ( Dimika ) Tutup Biru',1,1,NULL,'4e8b0f0e-e718-4150-a7fb-9dd619e413c1',100.00,1500.00,2000.00,'2b643e21-a94c-4713-93f1-f1cbde6ad633',0,1,'eko',NULL,'2020-05-16 07:11:18','2020-05-16 07:11:18'),('5d9b09aa-33c0-11ea-aec2-2e728ce88125','ASSUH','Adapter SM SC/UPC ( BESI ) ( Dimika ) Tutup Hitam',1,1,NULL,'4e8b0f0e-e718-4150-a7fb-9dd619e413c1',100.00,1500.00,2000.00,'2b643e21-a94c-4713-93f1-f1cbde6ad633',0,1,'eko',NULL,'2020-05-16 07:11:18','2020-05-16 07:11:18'),('5d9b0d60-33c0-11ea-aec2-2e728ce88125','ASSUD','Adapter SM SC/UPC DX',1,1,NULL,'4e8b0f0e-e718-4150-a7fb-9dd619e413c1',100.00,1500.00,2000.00,'2b643e21-a94c-4713-93f1-f1cbde6ad633',0,1,'eko',NULL,'2020-05-16 07:11:18','2020-05-16 07:11:18'),('5d9b0ed2-33c0-11ea-aec2-2e728ce88125','ASSUP','Adapter SM SC/UPC PAZ ',1,1,NULL,'4e8b0f0e-e718-4150-a7fb-9dd619e413c1',100.00,1500.00,2000.00,'2b643e21-a94c-4713-93f1-f1cbde6ad633',0,1,'eko',NULL,'2020-05-16 07:11:18','2020-05-16 07:11:18'),('5d9b1008-33c0-11ea-aec2-2e728ce88125','ASTU','Adapter ST/UPC',1,1,NULL,'4e8b0f0e-e718-4150-a7fb-9dd619e413c1',100.00,1500.00,2000.00,'2b643e21-a94c-4713-93f1-f1cbde6ad633',0,1,'eko',NULL,'2020-05-16 07:11:18','2020-05-16 07:11:18'),('5d9b113e-33c0-11ea-aec2-2e728ce88125','APK','Alat Potong Kertas (Paper Cutter)',1,1,NULL,'4e8b0f0e-e718-4150-a7fb-9dd619e413c1',100.00,1500.00,2000.00,'2b643e21-a94c-4713-93f1-f1cbde6ad633',0,0,'eko',NULL,'2020-05-16 07:11:18','2020-05-16 07:11:18'),('5d9b127e-33c0-11ea-aec2-2e728ce88125','AL70','Alkohol 70%',1,1,NULL,'4e8b0f0e-e718-4150-a7fb-9dd619e413c1',100.00,1500.00,2000.00,'2b643e21-a94c-4713-93f1-f1cbde6ad633',0,1,'eko',NULL,'2020-05-16 07:11:18','2020-05-16 07:11:18'),('5d9b13b4-33c0-11ea-aec2-2e728ce88125','AL96','Alkohol 96%',1,1,NULL,'4e8b0f0e-e718-4150-a7fb-9dd619e413c1',100.00,1500.00,2000.00,'2b643e21-a94c-4713-93f1-f1cbde6ad633',0,1,'eko',NULL,'2020-05-16 07:11:18','2020-05-16 07:11:18'),('5d9b16e8-33c0-11ea-aec2-2e728ce88125','AS1500','Amplas Sheet 1500Cw',1,1,NULL,'4e8b0f0e-e718-4150-a7fb-9dd619e413c1',100.00,1500.00,2000.00,'2b643e21-a94c-4713-93f1-f1cbde6ad633',0,1,'eko',NULL,'2020-05-16 07:11:18','2020-05-16 07:11:18'),('5d9b1832-33c0-11ea-aec2-2e728ce88125','AS150','Amplas Sheet 150Cw',1,1,NULL,'4e8b0f0e-e718-4150-a7fb-9dd619e413c1',100.00,1500.00,2000.00,'2b643e21-a94c-4713-93f1-f1cbde6ad633',0,1,'eko',NULL,'2020-05-16 07:11:18','2020-05-16 07:11:18'),('5d9b1968-33c0-11ea-aec2-2e728ce88125','BL123','Baut L Ukuran 12x3mm',1,1,NULL,'4e8b0f0e-e718-4150-a7fb-9dd619e413c1',100.00,1500.00,2000.00,'2b643e21-a94c-4713-93f1-f1cbde6ad633',0,1,'eko',NULL,'2020-05-16 07:11:18','2020-05-16 07:11:18'),('5d9b1a9e-33c0-11ea-aec2-2e728ce88125','BL163','Baut L Ukuran 16x3mm',1,1,NULL,'4e8b0f0e-e718-4150-a7fb-9dd619e413c1',100.00,1500.00,2000.00,'2b643e21-a94c-4713-93f1-f1cbde6ad633',0,1,'eko',NULL,'2020-05-16 07:11:18','2020-05-16 07:11:18'),('5d9b1ce2-33c0-11ea-aec2-2e728ce88125','BCR2','BIG CRIMP RING (2,00mm)',1,1,NULL,'4e8b0f0e-e718-4150-a7fb-9dd619e413c1',100.00,1500.00,2000.00,'2b643e21-a94c-4713-93f1-f1cbde6ad633',0,1,'eko',NULL,'2020-05-16 07:11:18','2020-05-16 07:11:18'),('5d9b1e36-33c0-11ea-aec2-2e728ce88125','BCR3','BIG CRIMP RING (3,00mm)',1,1,NULL,'4e8b0f0e-e718-4150-a7fb-9dd619e413c1',100.00,1500.00,2000.00,'2b643e21-a94c-4713-93f1-f1cbde6ad633',0,1,'eko',NULL,'2020-05-16 07:11:18','2020-05-16 07:11:18'),('5d9b2ff2-33c0-11ea-aec2-2e728ce88125','BSFA9','BOOT SM FC APC (0,9mm) Green',1,1,NULL,'4e8b0f0e-e718-4150-a7fb-9dd619e413c1',100.00,1500.00,2000.00,'2b643e21-a94c-4713-93f1-f1cbde6ad633',0,1,'eko',NULL,'2020-05-16 07:11:18','2020-05-16 07:11:18'),('5d9b3146-33c0-11ea-aec2-2e728ce88125','BSFA2','BOOT SM FC APC (2,00mm) Green',1,1,NULL,'4e8b0f0e-e718-4150-a7fb-9dd619e413c1',100.00,1500.00,2000.00,'2b643e21-a94c-4713-93f1-f1cbde6ad633',0,1,'eko',NULL,'2020-05-16 07:11:18','2020-05-16 07:11:18'),('5d9b327c-33c0-11ea-aec2-2e728ce88125','BSFA3','BOOT SM FC APC (3,00mm) Green',1,1,NULL,'4e8b0f0e-e718-4150-a7fb-9dd619e413c1',100.00,1500.00,2000.00,'2b643e21-a94c-4713-93f1-f1cbde6ad633',0,1,'eko',NULL,'2020-05-16 07:11:18','2020-05-16 07:11:18'),('5d9b3632-33c0-11ea-aec2-2e728ce88125','BSLA9','BOOT SM LC/APC (0,9mm) Green',1,1,NULL,'4e8b0f0e-e718-4150-a7fb-9dd619e413c1',100.00,1500.00,2000.00,'2b643e21-a94c-4713-93f1-f1cbde6ad633',0,1,'eko',NULL,'2020-05-16 07:11:18','2020-05-16 07:11:18'),('5d9b379a-33c0-11ea-aec2-2e728ce88125','BSLA23','BOOT SM LC/APC (2,00mm - 3,00mm) Green',1,1,NULL,'4e8b0f0e-e718-4150-a7fb-9dd619e413c1',100.00,1500.00,2000.00,'2b643e21-a94c-4713-93f1-f1cbde6ad633',0,1,'eko',NULL,'2020-05-16 07:11:18','2020-05-16 07:11:18'),('5d9b38d0-33c0-11ea-aec2-2e728ce88125','BSLU9','BOOT SM LC/UPC (0,9mm) Blue/White',1,1,NULL,'4e8b0f0e-e718-4150-a7fb-9dd619e413c1',100.00,1500.00,2000.00,'2b643e21-a94c-4713-93f1-f1cbde6ad633',0,1,'eko',NULL,'2020-05-16 07:11:18','2020-05-16 07:11:18'),('5d9b3a10-33c0-11ea-aec2-2e728ce88125','BSLU23','BOOT SM LC/UPC (2,00mm, 3,00mm) Blue/White',1,1,NULL,'4e8b0f0e-e718-4150-a7fb-9dd619e413c1',100.00,1500.00,2000.00,'2b643e21-a94c-4713-93f1-f1cbde6ad633',0,1,'eko',NULL,'2020-05-16 07:11:18','2020-05-16 07:11:18'),('5d9b3b46-33c0-11ea-aec2-2e728ce88125','BSSA9','BOOT SM SC/APC (0,9mm) Green',1,1,NULL,'4e8b0f0e-e718-4150-a7fb-9dd619e413c1',100.00,1500.00,2000.00,'2b643e21-a94c-4713-93f1-f1cbde6ad633',0,1,'eko',NULL,'2020-05-16 07:11:18','2020-05-16 07:11:18'),('5d9b3dc6-33c0-11ea-aec2-2e728ce88125','BSSA2','BOOT SM SC/APC (2,00mm) Green',1,1,NULL,'4e8b0f0e-e718-4150-a7fb-9dd619e413c1',100.00,1500.00,2000.00,'2b643e21-a94c-4713-93f1-f1cbde6ad633',0,1,'eko',NULL,'2020-05-16 07:11:18','2020-05-16 07:11:18'),('5d9b3f24-33c0-11ea-aec2-2e728ce88125','BSSA3','BOOT SM SC/APC (3,00mm) Green',1,1,NULL,'4e8b0f0e-e718-4150-a7fb-9dd619e413c1',100.00,1500.00,2000.00,'2b643e21-a94c-4713-93f1-f1cbde6ad633',0,1,'eko',NULL,'2020-05-16 07:11:18','2020-05-16 07:11:18'),('5d9b4244-33c0-11ea-aec2-2e728ce88125','BSSU9','BOOT SM SC/UPC (0,9mm) Blue',1,1,NULL,'4e8b0f0e-e718-4150-a7fb-9dd619e413c1',100.00,1500.00,2000.00,'2b643e21-a94c-4713-93f1-f1cbde6ad633',0,1,'eko',NULL,'2020-05-16 07:11:18','2020-05-16 07:11:18'),('5d9b43a2-33c0-11ea-aec2-2e728ce88125','BSSU2','BOOT SM SC/UPC (2,00mm) Blue',1,1,NULL,'4e8b0f0e-e718-4150-a7fb-9dd619e413c1',100.00,1500.00,2000.00,'2b643e21-a94c-4713-93f1-f1cbde6ad633',0,1,'eko',NULL,'2020-05-16 07:11:18','2020-05-16 07:11:18'),('5d9b44e2-33c0-11ea-aec2-2e728ce88125','BSSU3','BOOT SM SC/UPC (3,00mm) Blue',1,1,NULL,'4e8b0f0e-e718-4150-a7fb-9dd619e413c1',100.00,1500.00,2000.00,'2b643e21-a94c-4713-93f1-f1cbde6ad633',0,1,'eko',NULL,'2020-05-16 07:11:18','2020-05-16 07:11:18'),('5d9b4618-33c0-11ea-aec2-2e728ce88125','BSFU9','BOOT SM/MM FC UPC (0,9mm) Black/Blue',1,1,NULL,'4e8b0f0e-e718-4150-a7fb-9dd619e413c1',100.00,1500.00,2000.00,'2b643e21-a94c-4713-93f1-f1cbde6ad633',0,1,'eko',NULL,'2020-05-16 07:11:18','2020-05-16 07:11:18'),('5d9b474e-33c0-11ea-aec2-2e728ce88125','BSFU2','BOOT SM/MM FC UPC (2,00mm) Black/Blue',1,1,NULL,'4e8b0f0e-e718-4150-a7fb-9dd619e413c1',100.00,1500.00,2000.00,'2b643e21-a94c-4713-93f1-f1cbde6ad633',0,1,'eko',NULL,'2020-05-16 07:11:18','2020-05-16 07:11:18'),('5d9b488e-33c0-11ea-aec2-2e728ce88125','BSFU3','BOOT SM/MM FC UPC (3,00mm) Black',1,1,NULL,'4e8b0f0e-e718-4150-a7fb-9dd619e413c1',100.00,1500.00,2000.00,'2b643e21-a94c-4713-93f1-f1cbde6ad633',0,1,'eko',NULL,'2020-05-16 07:11:18','2020-05-16 07:11:18'),('5d9b4b90-33c0-11ea-aec2-2e728ce88125','BSU9','BOOT ST UPC (0,9mm)',1,1,NULL,'4e8b0f0e-e718-4150-a7fb-9dd619e413c1',100.00,1500.00,2000.00,'2b643e21-a94c-4713-93f1-f1cbde6ad633',0,1,'eko',NULL,'2020-05-16 07:11:18','2020-05-16 07:11:18'),('5d9b4cf8-33c0-11ea-aec2-2e728ce88125','BSU2','BOOT ST UPC (2,00mm)',1,1,NULL,'4e8b0f0e-e718-4150-a7fb-9dd619e413c1',100.00,1500.00,2000.00,'2b643e21-a94c-4713-93f1-f1cbde6ad633',0,1,'eko',NULL,'2020-05-16 07:11:18','2020-05-16 07:11:18'),('5d9b4e38-33c0-11ea-aec2-2e728ce88125','BOH','Box ONT Huawei',1,1,NULL,'4e8b0f0e-e718-4150-a7fb-9dd619e413c1',100.00,1500.00,2000.00,'2b643e21-a94c-4713-93f1-f1cbde6ad633',0,1,'eko',NULL,'2020-05-16 07:11:18','2020-05-16 07:11:18'),('5d9b4f8c-33c0-11ea-aec2-2e728ce88125','BS18E','Box Splitter 1:8 (Kosongan)',1,1,NULL,'4e8b0f0e-e718-4150-a7fb-9dd619e413c1',100.00,1500.00,2000.00,'2b643e21-a94c-4713-93f1-f1cbde6ad633',0,1,'eko',NULL,'2020-05-16 07:11:18','2020-05-16 07:11:18'),('5d9b50b8-33c0-11ea-aec2-2e728ce88125','BS18A','Box Splitter 1:8 (Splitter Plc 1:8 SC/APC)',1,1,NULL,'4e8b0f0e-e718-4150-a7fb-9dd619e413c1',100.00,1500.00,2000.00,'2b643e21-a94c-4713-93f1-f1cbde6ad633',0,1,'eko',NULL,'2020-05-16 07:11:18','2020-05-16 07:11:18'),('5d9b51ee-33c0-11ea-aec2-2e728ce88125','BCLU8112','Bundle Cable LC/UPC 8F 1 sisi 12m',1,1,NULL,'4e8b0f0e-e718-4150-a7fb-9dd619e413c1',100.00,1500.00,2000.00,'2b643e21-a94c-4713-93f1-f1cbde6ad633',0,1,'eko',NULL,'2020-05-16 07:11:18','2020-05-16 07:11:18'),('5d9b5536-33c0-11ea-aec2-2e728ce88125','BCLU8119','Bundle Cable LC/UPC 8F 1 sisi 19m',1,1,NULL,'4e8b0f0e-e718-4150-a7fb-9dd619e413c1',100.00,1500.00,2000.00,'2b643e21-a94c-4713-93f1-f1cbde6ad633',0,1,'eko',NULL,'2020-05-16 07:11:18','2020-05-16 07:11:18'),('5d9b5676-33c0-11ea-aec2-2e728ce88125','BCLU8120','Bundle Cable LC/UPC 8F 1 sisi 20m',1,1,NULL,'4e8b0f0e-e718-4150-a7fb-9dd619e413c1',100.00,1500.00,2000.00,'2b643e21-a94c-4713-93f1-f1cbde6ad633',0,1,'eko',NULL,'2020-05-16 07:11:18','2020-05-16 07:11:18'),('5d9b57b6-33c0-11ea-aec2-2e728ce88125','BCLU8124','Bundle Cable LC/UPC 8F 1 sisi 24m',1,1,NULL,'4e8b0f0e-e718-4150-a7fb-9dd619e413c1',100.00,1500.00,2000.00,'2b643e21-a94c-4713-93f1-f1cbde6ad633',0,1,'eko',NULL,'2020-05-16 07:11:18','2020-05-16 07:11:18'),('5d9b58ec-33c0-11ea-aec2-2e728ce88125','BCLU8125','Bundle Cable LC/UPC 8F 1 sisi 25m',1,1,NULL,'4e8b0f0e-e718-4150-a7fb-9dd619e413c1',100.00,1500.00,2000.00,'2b643e21-a94c-4713-93f1-f1cbde6ad633',0,1,'eko',NULL,'2020-05-16 07:11:18','2020-05-16 07:11:18'),('5d9b5aae-33c0-11ea-aec2-2e728ce88125','BCLU8126','Bundle Cable LC/UPC 8F 1 sisi 26m',1,1,NULL,'4e8b0f0e-e718-4150-a7fb-9dd619e413c1',100.00,1500.00,2000.00,'2b643e21-a94c-4713-93f1-f1cbde6ad633',0,1,'eko',NULL,'2020-05-16 07:11:18','2020-05-16 07:11:18'),('5d9b5c16-33c0-11ea-aec2-2e728ce88125','BCLU8138','Bundle Cable LC/UPC 8F 1 sisi 38m',1,1,NULL,'4e8b0f0e-e718-4150-a7fb-9dd619e413c1',100.00,1500.00,2000.00,'2b643e21-a94c-4713-93f1-f1cbde6ad633',0,1,'eko',NULL,'2020-05-16 07:11:18','2020-05-16 07:11:18'),('5d9b5efa-33c0-11ea-aec2-2e728ce88125','BCSU8110','Bundle Cable SC/UPC 8F 1 sisi 10m',6,1,NULL,'4e8b0f0e-e718-4150-a7fb-9dd619e413c1',100.00,1500.00,2000.00,'2b643e21-a94c-4713-93f1-f1cbde6ad633',0,1,'eko',NULL,'2020-05-16 07:11:18','2020-05-16 07:11:18'),('5d9b6058-33c0-11ea-aec2-2e728ce88125','BCSU8111','Bundle Cable SC/UPC 8F 1 sisi 11m',6,1,NULL,'4e8b0f0e-e718-4150-a7fb-9dd619e413c1',100.00,1500.00,2000.00,'2b643e21-a94c-4713-93f1-f1cbde6ad633',0,1,'eko',NULL,'2020-05-16 07:11:18','2020-05-16 07:11:18'),('5d9b6198-33c0-11ea-aec2-2e728ce88125','BCSU8112','Bundle Cable SC/UPC 8F 1 sisi 12m',6,1,NULL,'4e8b0f0e-e718-4150-a7fb-9dd619e413c1',100.00,1500.00,2000.00,'2b643e21-a94c-4713-93f1-f1cbde6ad633',0,1,'eko',NULL,'2020-05-16 07:11:18','2020-05-16 07:11:18'),('5d9b62ce-33c0-11ea-aec2-2e728ce88125','BCSU8113','Bundle Cable SC/UPC 8F 1 sisi 13m',6,1,NULL,'4e8b0f0e-e718-4150-a7fb-9dd619e413c1',100.00,1500.00,2000.00,'2b643e21-a94c-4713-93f1-f1cbde6ad633',0,1,'eko',NULL,'2020-05-16 07:11:18','2020-05-16 07:11:18'),('5d9b6404-33c0-11ea-aec2-2e728ce88125','BCSU8114','Bundle Cable SC/UPC 8F 1 sisi 14m',6,1,NULL,'4e8b0f0e-e718-4150-a7fb-9dd619e413c1',100.00,1500.00,2000.00,'2b643e21-a94c-4713-93f1-f1cbde6ad633',0,1,'eko',NULL,'2020-05-16 07:11:18','2020-05-16 07:11:18'),('5d9b653a-33c0-11ea-aec2-2e728ce88125','BCSU8115','Bundle Cable SC/UPC 8F 1 sisi 15m',6,1,NULL,'4e8b0f0e-e718-4150-a7fb-9dd619e413c1',100.00,1500.00,2000.00,'2b643e21-a94c-4713-93f1-f1cbde6ad633',0,1,'eko',NULL,'2020-05-16 07:11:18','2020-05-16 07:11:18'),('5d9b6828-33c0-11ea-aec2-2e728ce88125','BCSU8116','Bundle Cable SC/UPC 8F 1 sisi 16m',6,1,NULL,'4e8b0f0e-e718-4150-a7fb-9dd619e413c1',100.00,1500.00,2000.00,'2b643e21-a94c-4713-93f1-f1cbde6ad633',0,1,'eko',NULL,'2020-05-16 07:11:18','2020-05-16 07:11:18'),('5d9b699a-33c0-11ea-aec2-2e728ce88125','BCSU8117','Bundle Cable SC/UPC 8F 1 sisi 17m',1,1,NULL,'4e8b0f0e-e718-4150-a7fb-9dd619e413c1',100.00,1500.00,2000.00,'2b643e21-a94c-4713-93f1-f1cbde6ad633',0,1,'eko',NULL,'2020-05-16 07:11:18','2020-05-16 07:11:18'),('5d9b6ada-33c0-11ea-aec2-2e728ce88125','BCSU8118','Bundle Cable SC/UPC 8F 1 sisi 18m',1,1,NULL,'4e8b0f0e-e718-4150-a7fb-9dd619e413c1',100.00,1500.00,2000.00,'2b643e21-a94c-4713-93f1-f1cbde6ad633',0,1,'eko',NULL,'2020-05-16 07:11:18','2020-05-16 07:11:18'),('5d9b6c06-33c0-11ea-aec2-2e728ce88125','BCSU8119','Bundle Cable SC/UPC 8F 1 sisi 19m',1,1,NULL,'4e8b0f0e-e718-4150-a7fb-9dd619e413c1',100.00,1500.00,2000.00,'2b643e21-a94c-4713-93f1-f1cbde6ad633',0,1,'eko',NULL,'2020-05-16 07:11:18','2020-05-16 07:11:18'),('5d9b6d3c-33c0-11ea-aec2-2e728ce88125','BCSU8120','Bundle Cable SC/UPC 8F 1 sisi 20m',1,1,NULL,'4e8b0f0e-e718-4150-a7fb-9dd619e413c1',100.00,1500.00,2000.00,'2b643e21-a94c-4713-93f1-f1cbde6ad633',0,1,'eko',NULL,'2020-05-16 07:11:18','2020-05-16 07:11:18'),('5d9b7048-33c0-11ea-aec2-2e728ce88125','BCSU8121','Bundle Cable SC/UPC 8F 1 sisi 21m',1,1,NULL,'4e8b0f0e-e718-4150-a7fb-9dd619e413c1',100.00,1500.00,2000.00,'2b643e21-a94c-4713-93f1-f1cbde6ad633',0,1,'eko',NULL,'2020-05-16 07:11:18','2020-05-16 07:11:18'),('5d9b71ba-33c0-11ea-aec2-2e728ce88125','BCSU8122','Bundle Cable SC/UPC 8F 1 sisi 22m',1,1,NULL,'4e8b0f0e-e718-4150-a7fb-9dd619e413c1',100.00,1500.00,2000.00,'2b643e21-a94c-4713-93f1-f1cbde6ad633',0,1,'eko',NULL,'2020-05-16 07:11:18','2020-05-16 07:11:18'),('5d9b8588-33c0-11ea-aec2-2e728ce88125','BCSU8123','Bundle Cable SC/UPC 8F 1 sisi 23m',1,1,NULL,'4e8b0f0e-e718-4150-a7fb-9dd619e413c1',100.00,1500.00,2000.00,'2b643e21-a94c-4713-93f1-f1cbde6ad633',0,1,'eko',NULL,'2020-05-16 07:11:18','2020-05-16 07:11:18'),('5d9b86fa-33c0-11ea-aec2-2e728ce88125','BCSU8124','Bundle Cable SC/UPC 8F 1 sisi 24m',1,1,NULL,'4e8b0f0e-e718-4150-a7fb-9dd619e413c1',100.00,1500.00,2000.00,'2b643e21-a94c-4713-93f1-f1cbde6ad633',0,1,'eko',NULL,'2020-05-16 07:11:18','2020-05-16 07:11:18'),('5d9b8830-33c0-11ea-aec2-2e728ce88125','BCSU8125','Bundle Cable SC/UPC 8F 1 sisi 25m',6,1,NULL,'4e8b0f0e-e718-4150-a7fb-9dd619e413c1',100.00,1500.00,2000.00,'2b643e21-a94c-4713-93f1-f1cbde6ad633',0,1,'eko',NULL,'2020-05-16 07:11:18','2020-05-16 07:11:18'),('5d9b8970-33c0-11ea-aec2-2e728ce88125','BCSU8127','Bundle Cable SC/UPC 8F 1 sisi 27m',6,1,NULL,'4e8b0f0e-e718-4150-a7fb-9dd619e413c1',100.00,1500.00,2000.00,'2b643e21-a94c-4713-93f1-f1cbde6ad633',0,1,'eko',NULL,'2020-05-16 07:11:18','2020-05-16 07:11:18'),('5d9b8aa6-33c0-11ea-aec2-2e728ce88125','BCSU8128','Bundle Cable SC/UPC 8F 1 sisi 28m',6,1,NULL,'4e8b0f0e-e718-4150-a7fb-9dd619e413c1',100.00,1500.00,2000.00,'2b643e21-a94c-4713-93f1-f1cbde6ad633',0,1,'eko',NULL,'2020-05-16 07:11:18','2020-05-16 07:11:18'),('5d9b8bdc-33c0-11ea-aec2-2e728ce88125','BCSU8140','Bundle Cable SC/UPC 8F 1 sisi 40m',6,1,NULL,'4e8b0f0e-e718-4150-a7fb-9dd619e413c1',100.00,1500.00,2000.00,'2b643e21-a94c-4713-93f1-f1cbde6ad633',0,1,'eko',NULL,'2020-05-16 07:11:18','2020-05-16 07:11:18'),('5d9b8eca-33c0-11ea-aec2-2e728ce88125','BCSU8142','Bundle Cable SC/UPC 8F 1 sisi 42m',6,1,NULL,'4e8b0f0e-e718-4150-a7fb-9dd619e413c1',100.00,1500.00,2000.00,'2b643e21-a94c-4713-93f1-f1cbde6ad633',0,1,'eko',NULL,'2020-05-16 07:11:18','2020-05-16 07:11:18'),('5d9b946a-33c0-11ea-aec2-2e728ce88125','BCSU8155','Bundle Cable SC/UPC 8F 1 sisi 55m',6,1,NULL,'4e8b0f0e-e718-4150-a7fb-9dd619e413c1',100.00,1500.00,2000.00,'2b643e21-a94c-4713-93f1-f1cbde6ad633',0,1,'eko',NULL,'2020-05-16 07:11:18','2020-05-16 07:11:18'),('5d9b95fa-33c0-11ea-aec2-2e728ce88125','BCSU8105','Bundle Cable SC/UPC 8F 1 sisi 5m',6,1,NULL,'4e8b0f0e-e718-4150-a7fb-9dd619e413c1',100.00,1500.00,2000.00,'2b643e21-a94c-4713-93f1-f1cbde6ad633',0,1,'eko',NULL,'2020-05-16 07:11:18','2020-05-16 07:11:18'),('5d9b9744-33c0-11ea-aec2-2e728ce88125','BCSU8160','Bundle Cable SC/UPC 8F 1 sisi 60m',6,1,NULL,'4e8b0f0e-e718-4150-a7fb-9dd619e413c1',100.00,1500.00,2000.00,'2b643e21-a94c-4713-93f1-f1cbde6ad633',0,1,'eko',NULL,'2020-05-16 07:11:18','2020-05-16 07:11:18'),('5d9b9884-33c0-11ea-aec2-2e728ce88125','BCSU8165','Bundle Cable SC/UPC 8F 1 sisi 65m',6,1,NULL,'4e8b0f0e-e718-4150-a7fb-9dd619e413c1',100.00,1500.00,2000.00,'2b643e21-a94c-4713-93f1-f1cbde6ad633',0,1,'eko',NULL,'2020-05-16 07:11:18','2020-05-16 07:11:18'),('5d9b9b5e-33c0-11ea-aec2-2e728ce88125','BCSU8107','Bundle Cable SC/UPC 8F 1 sisi 7m',6,1,NULL,'4e8b0f0e-e718-4150-a7fb-9dd619e413c1',100.00,1500.00,2000.00,'2b643e21-a94c-4713-93f1-f1cbde6ad633',0,1,'eko',NULL,'2020-05-16 07:11:18','2020-05-16 07:11:18'),('5d9b9cbc-33c0-11ea-aec2-2e728ce88125','BCSU8108','Bundle Cable SC/UPC 8F 1 sisi 8m',6,1,NULL,'4e8b0f0e-e718-4150-a7fb-9dd619e413c1',100.00,1500.00,2000.00,'2b643e21-a94c-4713-93f1-f1cbde6ad633',0,1,'eko',NULL,'2020-05-16 07:11:18','2020-05-16 07:11:18'),('5d9b9dfc-33c0-11ea-aec2-2e728ce88125','BCSU8109','Bundle Cable SC/UPC 8F 1 sisi 9m',6,1,NULL,'4e8b0f0e-e718-4150-a7fb-9dd619e413c1',100.00,1500.00,2000.00,'2b643e21-a94c-4713-93f1-f1cbde6ad633',0,1,'eko',NULL,'2020-05-16 07:11:18','2020-05-16 07:11:18'),('5d9b9f3c-33c0-11ea-aec2-2e728ce88125','BCSU8140','Bundle Cable SC/UPC 8F 2 sisi 40m ',6,1,NULL,'4e8b0f0e-e718-4150-a7fb-9dd619e413c1',100.00,1500.00,2000.00,'2b643e21-a94c-4713-93f1-f1cbde6ad633',0,1,'eko',NULL,'2020-05-16 07:11:18','2020-05-16 07:11:18'),('5d9ba068-33c0-11ea-aec2-2e728ce88125','BCSU8160','Bundle Cable SC/UPC 8F 2 sisi 60m ',6,1,NULL,'4e8b0f0e-e718-4150-a7fb-9dd619e413c1',100.00,1500.00,2000.00,'2b643e21-a94c-4713-93f1-f1cbde6ad633',0,1,'eko',NULL,'2020-05-16 07:11:18','2020-05-16 07:11:18'),('5d9ba1a8-33c0-11ea-aec2-2e728ce88125','BC122SL10','Bundle Core 12C 2 sisi SC-LC 10m',6,1,NULL,'4e8b0f0e-e718-4150-a7fb-9dd619e413c1',100.00,1500.00,2000.00,'2b643e21-a94c-4713-93f1-f1cbde6ad633',0,1,'eko',NULL,'2020-05-16 07:11:18','2020-05-16 07:11:18'),('5d9ba2de-33c0-11ea-aec2-2e728ce88125','BC28SS05','Bundle Core 2 Sisi 8c SC-SC 5m',6,1,NULL,'4e8b0f0e-e718-4150-a7fb-9dd619e413c1',100.00,1500.00,2000.00,'2b643e21-a94c-4713-93f1-f1cbde6ad633',0,1,'eko',NULL,'2020-05-16 07:11:18','2020-05-16 07:11:18'),('5d9ba5f4-33c0-11ea-aec2-2e728ce88125','CTRS2','C TYPE RING ST UPC (2,00mm)',6,1,NULL,'4e8b0f0e-e718-4150-a7fb-9dd619e413c1',100.00,1500.00,2000.00,'2b643e21-a94c-4713-93f1-f1cbde6ad633',0,1,'eko',NULL,'2020-05-16 07:11:18','2020-05-16 07:11:18'),('5d9ba734-33c0-11ea-aec2-2e728ce88125','KDCP','Cable Dropcore Putih ',6,1,NULL,'4e8b0f0e-e718-4150-a7fb-9dd619e413c1',100.00,1500.00,2000.00,'2b643e21-a94c-4713-93f1-f1cbde6ad633',0,1,'eko',NULL,'2020-05-16 07:11:18','2020-05-16 07:11:18'),('5d9ba946-33c0-11ea-aec2-2e728ce88125','CMWC1U','Cable Manager W/Cover 1U',6,1,NULL,'4e8b0f0e-e718-4150-a7fb-9dd619e413c1',100.00,1500.00,2000.00,'2b643e21-a94c-4713-93f1-f1cbde6ad633',0,1,'eko',NULL,'2020-05-16 07:11:18','2020-05-16 07:11:18'),('5d9baacc-33c0-11ea-aec2-2e728ce88125','','Cable MM OM1 SX (3,0mm)',6,1,NULL,'4e8b0f0e-e718-4150-a7fb-9dd619e413c1',0.00,0.00,0.00,'2b643e21-a94c-4713-93f1-f1cbde6ad633',0,1,'eko',NULL,'2020-05-16 07:11:18','2020-05-16 07:11:18'),('5d9bae00-33c0-11ea-aec2-2e728ce88125','','Cable MM OM2 DX (3,0mm)',6,1,NULL,'4e8b0f0e-e718-4150-a7fb-9dd619e413c1',0.00,0.00,0.00,'2b643e21-a94c-4713-93f1-f1cbde6ad633',0,1,'eko',NULL,'2020-05-16 07:11:18','2020-05-16 07:11:18'),('5d9bb116-33c0-11ea-aec2-2e728ce88125','CMS9O','Cable MM OM2 SX (0,9mm) Orange',6,1,NULL,'4e8b0f0e-e718-4150-a7fb-9dd619e413c1',100.00,1500.00,2000.00,'2b643e21-a94c-4713-93f1-f1cbde6ad633',0,1,'eko',NULL,'2020-05-16 07:11:18','2020-05-16 07:11:18'),('5d9bb27e-33c0-11ea-aec2-2e728ce88125','CMS9OI','Cable MM OM2 SX (0,9mm) Orange Import',6,1,NULL,'4e8b0f0e-e718-4150-a7fb-9dd619e413c1',100.00,1500.00,2000.00,'2b643e21-a94c-4713-93f1-f1cbde6ad633',0,1,'eko',NULL,'2020-05-16 07:11:18','2020-05-16 07:11:18'),('5d9bb3be-33c0-11ea-aec2-2e728ce88125','','Cable MM OM2 SX (3,0mm)',6,1,NULL,'4e8b0f0e-e718-4150-a7fb-9dd619e413c1',0.00,0.00,0.00,'2b643e21-a94c-4713-93f1-f1cbde6ad633',0,1,'eko',NULL,'2020-05-16 07:11:18','2020-05-16 07:11:18'),('5d9bb4f4-33c0-11ea-aec2-2e728ce88125','','Cable MM OM2 SX (2,0mm)',6,1,NULL,'4e8b0f0e-e718-4150-a7fb-9dd619e413c1',0.00,0.00,0.00,'2b643e21-a94c-4713-93f1-f1cbde6ad633',0,1,'eko',NULL,'2020-05-16 07:11:18','2020-05-16 07:11:18'),('5d9c8032-33c0-11ea-aec2-2e728ce88125','KMOM4D2B','Kabel Patchcord MM OM4 DX 2,0mm LSZH Blue',6,2,NULL,'3d5983af-7c36-47ba-84e5-65298fb4fc96',10000.00,1500.00,6500.00,'2b643e21-a94c-4713-93f1-f1cbde6ad633',NULL,1,'eko','Mirza Rizaldy','2020-05-16 07:11:18','2020-10-31 16:01:05'),('5d9c8190-33c0-11ea-aec2-2e728ce88125','CM4D2CPR','Cable MM OM4 DX (2,0mm) Corning PVC Red',6,1,NULL,'4e8b0f0e-e718-4150-a7fb-9dd619e413c1',100.00,1500.00,2000.00,'2b643e21-a94c-4713-93f1-f1cbde6ad633',0,1,'eko',NULL,'2020-05-16 07:11:18','2020-05-16 07:11:18'),('5d9c8492-33c0-11ea-aec2-2e728ce88125','CM4D2FTA','Cable MM OM4 DX (2,0mm) FTI Aqua',6,1,NULL,'4e8b0f0e-e718-4150-a7fb-9dd619e413c1',100.00,1500.00,2000.00,'2b643e21-a94c-4713-93f1-f1cbde6ad633',0,1,'eko',NULL,'2020-05-16 07:11:18','2020-05-16 07:11:18'),('5d9c860e-33c0-11ea-aec2-2e728ce88125','KMOM4D2F','Kabel Patchcord MM OM4 DX 2,0mm BLUE FTI',6,2,NULL,'3d5983af-7c36-47ba-84e5-65298fb4fc96',100.00,3246.00,7800.00,'2b643e21-a94c-4713-93f1-f1cbde6ad633',NULL,1,'eko','Mirza Rizaldy','2020-05-16 07:11:18','2020-10-31 18:16:16'),('5d9c874e-33c0-11ea-aec2-2e728ce88125','CO4D2O','Cable MM OM4 DX (2,0mm) FTI Orange',6,1,NULL,'4e8b0f0e-e718-4150-a7fb-9dd619e413c1',100.00,1500.00,2000.00,'2b643e21-a94c-4713-93f1-f1cbde6ad633',0,1,'eko',NULL,'2020-05-16 07:11:18','2020-05-16 07:11:18'),('5d9c8a28-33c0-11ea-aec2-2e728ce88125','CM4D2LSB','Cable MM OM4 DX (2,0mm) LSZH Blue',6,1,NULL,'4e8b0f0e-e718-4150-a7fb-9dd619e413c1',100.00,1500.00,2000.00,'2b643e21-a94c-4713-93f1-f1cbde6ad633',0,1,'eko',NULL,'2020-05-16 07:11:18','2020-05-16 07:11:18'),('5d9c8d8e-33c0-11ea-aec2-2e728ce88125','CO4D2BC','Cable MM OM4 DX (2,0mm) LSZH Corning Blue',6,1,NULL,'4e8b0f0e-e718-4150-a7fb-9dd619e413c1',100.00,1500.00,2000.00,'2b643e21-a94c-4713-93f1-f1cbde6ad633',0,1,'eko',NULL,'2020-05-16 07:11:18','2020-05-16 07:11:18'),('5d9c8eec-33c0-11ea-aec2-2e728ce88125','CM4D2O','Cable MM OM4 DX (2,0mm) Orange',6,1,NULL,'4e8b0f0e-e718-4150-a7fb-9dd619e413c1',100.00,1500.00,2000.00,'2b643e21-a94c-4713-93f1-f1cbde6ad633',0,1,'eko',NULL,'2020-05-16 07:11:18','2020-05-16 07:11:18'),('5d9c9036-33c0-11ea-aec2-2e728ce88125','CO4D2AY','Cable MM OM4 DX (2,0mm) YOFC Aqua',6,1,NULL,'4e8b0f0e-e718-4150-a7fb-9dd619e413c1',100.00,1500.00,2000.00,'2b643e21-a94c-4713-93f1-f1cbde6ad633',0,1,'eko',NULL,'2020-05-16 07:11:18','2020-05-16 07:11:18'),('5d9c9176-33c0-11ea-aec2-2e728ce88125','','Cable SM DX (2,0mm) Yellow',6,1,NULL,'4e8b0f0e-e718-4150-a7fb-9dd619e413c1',0.00,0.00,0.00,'2b643e21-a94c-4713-93f1-f1cbde6ad633',0,1,'eko',NULL,'2020-05-16 07:11:18','2020-05-16 07:11:18'),('5d9c975c-33c0-11ea-aec2-2e728ce88125','CSD2CRN','Cable SM DX (2,0mm) Corning',6,2,NULL,'4e8b0f0e-e718-4150-a7fb-9dd619e413c1',100.00,1500.00,2000.00,'2b643e21-a94c-4713-93f1-f1cbde6ad633',0,1,'eko',NULL,'2020-05-16 07:11:18','2020-05-16 07:11:18'),('5d9c9950-33c0-11ea-aec2-2e728ce88125','CSD22DP','Cable SM DX (2,0mm) G.652D PVC',6,2,NULL,'4e8b0f0e-e718-4150-a7fb-9dd619e413c1',100.00,1500.00,2000.00,'2b643e21-a94c-4713-93f1-f1cbde6ad633',0,1,'eko',NULL,'2020-05-16 07:11:18','2020-05-16 07:11:18'),('5d9c9c2a-33c0-11ea-aec2-2e728ce88125','CSD2A2LS','Cable SM DX (2,0mm) G.657A2 LSZH',1,1,NULL,'4e8b0f0e-e718-4150-a7fb-9dd619e413c1',100.00,1500.00,2000.00,'2b643e21-a94c-4713-93f1-f1cbde6ad633',0,1,'eko',NULL,'2020-05-16 07:11:18','2020-05-16 07:11:18'),('5d9c9d92-33c0-11ea-aec2-2e728ce88125','CSD2LS','Cable SM DX (2,0mm) LSZH',1,1,NULL,'4e8b0f0e-e718-4150-a7fb-9dd619e413c1',100.00,1500.00,2000.00,'2b643e21-a94c-4713-93f1-f1cbde6ad633',0,1,'eko',NULL,'2020-05-16 07:11:18','2020-05-16 07:11:18'),('5d9c9ec8-33c0-11ea-aec2-2e728ce88125','','Cable SM DX (3,0mm) Yellow',6,1,NULL,'4e8b0f0e-e718-4150-a7fb-9dd619e413c1',0.00,0.00,0.00,'2b643e21-a94c-4713-93f1-f1cbde6ad633',0,1,'eko',NULL,'2020-05-16 07:11:18','2020-05-16 07:11:18'),('5d9c9ffe-33c0-11ea-aec2-2e728ce88125','CSD3A2LS','Cable SM DX (3,0mm) G.657A2 LSZH',6,1,NULL,'4e8b0f0e-e718-4150-a7fb-9dd619e413c1',100.00,1500.00,2000.00,'2b643e21-a94c-4713-93f1-f1cbde6ad633',0,1,'eko',NULL,'2020-05-16 07:11:18','2020-05-16 07:11:18'),('5d9ca134-33c0-11ea-aec2-2e728ce88125','CSS9B','Cable SM SX (0,9mm) Brown',6,1,NULL,'4e8b0f0e-e718-4150-a7fb-9dd619e413c1',100.00,1500.00,2000.00,'2b643e21-a94c-4713-93f1-f1cbde6ad633',0,1,'eko',NULL,'2020-05-16 07:11:18','2020-05-16 07:11:18'),('5d9ca26a-33c0-11ea-aec2-2e728ce88125','CSX9DPY','Cable SM SX (0,9mm) G652D PVC White',6,1,NULL,'4e8b0f0e-e718-4150-a7fb-9dd619e413c1',100.00,1500.00,2000.00,'2b643e21-a94c-4713-93f1-f1cbde6ad633',0,1,'eko',NULL,'2020-05-16 07:11:18','2020-05-16 07:11:18'),('5d9ca3a0-33c0-11ea-aec2-2e728ce88125','CSX9DPW','Cable SM SX (0,9mm) G652D PVC Yellow',6,1,NULL,'4e8b0f0e-e718-4150-a7fb-9dd619e413c1',100.00,1500.00,2000.00,'2b643e21-a94c-4713-93f1-f1cbde6ad633',0,1,'eko',NULL,'2020-05-16 07:11:18','2020-05-16 07:11:18'),('5d9ca940-33c0-11ea-aec2-2e728ce88125','CSX92PW','Cable SM SX (0,9mm) G657A2 PVC White',1,1,NULL,'4e8b0f0e-e718-4150-a7fb-9dd619e413c1',100.00,1500.00,2000.00,'2b643e21-a94c-4713-93f1-f1cbde6ad633',0,1,'eko',NULL,'2020-05-16 07:11:18','2020-05-16 07:11:18'),('5d9caad0-33c0-11ea-aec2-2e728ce88125','CSX9H2Y','Cable SM SX (0,9mm) GJJH 1B6a2 G.657A2 Yellow ',6,2,NULL,'4e8b0f0e-e718-4150-a7fb-9dd619e413c1',100.00,1500.00,2000.00,'2b643e21-a94c-4713-93f1-f1cbde6ad633',0,1,'eko',NULL,'2020-05-16 07:11:18','2020-05-16 07:11:18'),('5d9cac1a-33c0-11ea-aec2-2e728ce88125','CSS9G','Cable SM SX (0,9mm) Grey',6,2,NULL,'4e8b0f0e-e718-4150-a7fb-9dd619e413c1',100.00,1500.00,2000.00,'2b643e21-a94c-4713-93f1-f1cbde6ad633',0,1,'eko',NULL,'2020-05-16 07:11:18','2020-05-16 07:11:18'),('5d9cad96-33c0-11ea-aec2-2e728ce88125','CSS9O','Cable SM SX (0,9mm) Orange',6,2,NULL,'4e8b0f0e-e718-4150-a7fb-9dd619e413c1',100.00,1500.00,2000.00,'2b643e21-a94c-4713-93f1-f1cbde6ad633',0,1,'eko',NULL,'2020-05-16 07:11:18','2020-05-16 07:11:18'),('5d9caee0-33c0-11ea-aec2-2e728ce88125','CSS9YI','Cable SM SX (0.9mm) Yellow Import',6,2,NULL,'4e8b0f0e-e718-4150-a7fb-9dd619e413c1',100.00,1500.00,2000.00,'2b643e21-a94c-4713-93f1-f1cbde6ad633',0,1,'eko',NULL,'2020-05-16 07:11:18','2020-05-16 07:11:18'),('5d9cb016-33c0-11ea-aec2-2e728ce88125','CSS22DLS','Cable SM SX (2,0mm) G.652D LSZH',6,2,NULL,'4e8b0f0e-e718-4150-a7fb-9dd619e413c1',100.00,1500.00,2000.00,'2b643e21-a94c-4713-93f1-f1cbde6ad633',0,1,'eko',NULL,'2020-05-16 07:11:18','2020-05-16 07:11:18'),('5d9cb318-33c0-11ea-aec2-2e728ce88125','CSS22DP','Cable SM SX (2,0mm) G.652D PVC ',6,2,NULL,'4e8b0f0e-e718-4150-a7fb-9dd619e413c1',100.00,1500.00,2000.00,'2b643e21-a94c-4713-93f1-f1cbde6ad633',0,1,'eko',NULL,'2020-05-16 07:11:18','2020-05-16 07:11:18'),('5d9cb46c-33c0-11ea-aec2-2e728ce88125','CSS2A2LS','Cable SM SX (2,0mm) G.657A2 LSZH',6,2,NULL,'4e8b0f0e-e718-4150-a7fb-9dd619e413c1',100.00,1500.00,2000.00,'2b643e21-a94c-4713-93f1-f1cbde6ad633',0,1,'eko',NULL,'2020-05-16 07:11:18','2020-05-16 07:11:18'),('5d9cb5b6-33c0-11ea-aec2-2e728ce88125','CSS2LS','Cable SM SX (2,0mm) LSZH',6,2,NULL,'4e8b0f0e-e718-4150-a7fb-9dd619e413c1',100.00,1500.00,2000.00,'2b643e21-a94c-4713-93f1-f1cbde6ad633',0,1,'eko',NULL,'2020-05-16 07:11:18','2020-05-16 07:11:18'),('5d9cb6f6-33c0-11ea-aec2-2e728ce88125','','Cable SM SX (2,0mm) Yellow',6,2,NULL,'4e8b0f0e-e718-4150-a7fb-9dd619e413c1',0.00,0.00,0.00,'2b643e21-a94c-4713-93f1-f1cbde6ad633',0,1,'eko',NULL,'2020-05-16 07:11:18','2020-05-16 07:11:18'),('5d9cba66-33c0-11ea-aec2-2e728ce88125','CSS3PVC','Cable SM SX 3,0mm PVC',6,2,NULL,'4e8b0f0e-e718-4150-a7fb-9dd619e413c1',100.00,1500.00,2000.00,'2b643e21-a94c-4713-93f1-f1cbde6ad633',0,1,'eko',NULL,'2020-05-16 07:11:18','2020-05-16 07:11:18'),('5d9cbd54-33c0-11ea-aec2-2e728ce88125','CUC6LS','Cable UTP CAT 6 LS ',6,2,NULL,'4e8b0f0e-e718-4150-a7fb-9dd619e413c1',100.00,1500.00,2000.00,'2b643e21-a94c-4713-93f1-f1cbde6ad633',0,1,'eko',NULL,'2020-05-16 07:11:18','2020-05-16 07:11:18'),('5d9cbef8-33c0-11ea-aec2-2e728ce88125','CUC6SH','Cable UTP CAT 6 Schneider ',6,2,NULL,'4e8b0f0e-e718-4150-a7fb-9dd619e413c1',100.00,1500.00,2000.00,'2b643e21-a94c-4713-93f1-f1cbde6ad633',0,1,'eko',NULL,'2020-05-16 07:11:18','2020-05-16 07:11:18'),('5d9cc038-33c0-11ea-aec2-2e728ce88125','CUC6VL','Cable UTP CAT 6 Vasco Link',6,2,NULL,'4e8b0f0e-e718-4150-a7fb-9dd619e413c1',100.00,1500.00,2000.00,'2b643e21-a94c-4713-93f1-f1cbde6ad633',0,1,'eko',NULL,'2020-05-16 07:11:18','2020-05-16 07:11:18'),('5d9cc16e-33c0-11ea-aec2-2e728ce88125','CFO24B','Cassete FO 24core  ( Black )',6,2,NULL,'4e8b0f0e-e718-4150-a7fb-9dd619e413c1',100.00,1500.00,2000.00,'2b643e21-a94c-4713-93f1-f1cbde6ad633',0,1,'eko',NULL,'2020-05-16 07:11:18','2020-05-16 07:11:18'),('5d9cc2e0-33c0-11ea-aec2-2e728ce88125','CFO08T','Cassete FO 8 Core',6,2,NULL,'4e8b0f0e-e718-4150-a7fb-9dd619e413c1',100.00,1500.00,2000.00,'2b643e21-a94c-4713-93f1-f1cbde6ad633',0,1,'eko',NULL,'2020-05-16 07:11:18','2020-05-16 07:11:18'),('5d9cc420-33c0-11ea-aec2-2e728ce88125','CFO96W','Cassete FO 96core ( Putih )',6,2,NULL,'4e8b0f0e-e718-4150-a7fb-9dd619e413c1',100.00,1500.00,2000.00,'2b643e21-a94c-4713-93f1-f1cbde6ad633',0,1,'eko',NULL,'2020-05-16 07:11:18','2020-05-16 07:11:18'),('5d9cc556-33c0-11ea-aec2-2e728ce88125','CABDE25','Clamp A (Bracket) (Dead End)/Clamp Buaya uk 20/50',6,2,NULL,'4e8b0f0e-e718-4150-a7fb-9dd619e413c1',100.00,1500.00,2000.00,'2b643e21-a94c-4713-93f1-f1cbde6ad633',0,1,'eko',NULL,'2020-05-16 07:11:18','2020-05-16 07:11:18'),('5d9cc876-33c0-11ea-aec2-2e728ce88125','CPC','Clamp Pipa Conduit ',6,2,NULL,'4e8b0f0e-e718-4150-a7fb-9dd619e413c1',100.00,1500.00,2000.00,'2b643e21-a94c-4713-93f1-f1cbde6ad633',0,1,'eko',NULL,'2020-05-16 07:11:18','2020-05-16 07:11:18'),('5d9cc9c0-33c0-11ea-aec2-2e728ce88125','CR3L','Clamp Ring 3 Lubang ',6,2,NULL,'4e8b0f0e-e718-4150-a7fb-9dd619e413c1',100.00,1500.00,2000.00,'2b643e21-a94c-4713-93f1-f1cbde6ad633',0,1,'eko',NULL,'2020-05-16 07:11:18','2020-05-16 07:11:18'),('5d9ccaf6-33c0-11ea-aec2-2e728ce88125','CS10I','Clamp Slang 10 Inch',6,2,NULL,'4e8b0f0e-e718-4150-a7fb-9dd619e413c1',100.00,1500.00,2000.00,'2b643e21-a94c-4713-93f1-f1cbde6ad633',0,1,'eko',NULL,'2020-05-16 07:11:18','2020-05-16 07:11:18'),('5d9ccc36-33c0-11ea-aec2-2e728ce88125','CS05I','Clamp Slang 5 Inch',6,2,NULL,'4e8b0f0e-e718-4150-a7fb-9dd619e413c1',100.00,1500.00,2000.00,'2b643e21-a94c-4713-93f1-f1cbde6ad633',0,1,'eko',NULL,'2020-05-16 07:11:18','2020-05-16 07:11:18'),('5d9ccd62-33c0-11ea-aec2-2e728ce88125','CF65','Cleaver FC-65/Made In China',6,1,NULL,'4e8b0f0e-e718-4150-a7fb-9dd619e413c1',100.00,1500.00,2000.00,'2b643e21-a94c-4713-93f1-f1cbde6ad633',0,1,'eko',NULL,'2020-05-16 07:11:18','2020-05-16 07:11:18'),('5d9ccea2-33c0-11ea-aec2-2e728ce88125','CLSR','Cleaver Merk Senter',6,1,NULL,'4e8b0f0e-e718-4150-a7fb-9dd619e413c1',100.00,1500.00,2000.00,'2b643e21-a94c-4713-93f1-f1cbde6ad633',0,1,'eko',NULL,'2020-05-16 07:11:18','2020-05-16 07:11:18'),('5d9cd172-33c0-11ea-aec2-2e728ce88125','COMO','Cleaver Sumitomo ',6,1,NULL,'4e8b0f0e-e718-4150-a7fb-9dd619e413c1',100.00,1500.00,2000.00,'2b643e21-a94c-4713-93f1-f1cbde6ad633',0,1,'eko',NULL,'2020-05-16 07:11:18','2020-05-16 07:11:18'),('5d9cd2d0-33c0-11ea-aec2-2e728ce88125','CMLPB','Clip MM LC/PC Brown',1,1,NULL,'4e8b0f0e-e718-4150-a7fb-9dd619e413c1',100.00,1500.00,2000.00,'2b643e21-a94c-4713-93f1-f1cbde6ad633',0,1,'eko',NULL,'2020-05-16 07:11:18','2020-05-16 07:11:18'),('5d9cd41a-33c0-11ea-aec2-2e728ce88125','CMLPT','Clip MM LC/UPC (Transparent)',1,1,NULL,'4e8b0f0e-e718-4150-a7fb-9dd619e413c1',100.00,1500.00,2000.00,'2b643e21-a94c-4713-93f1-f1cbde6ad633',0,1,'eko',NULL,'2020-05-16 07:11:18','2020-05-16 07:11:18'),('5d9cd55a-33c0-11ea-aec2-2e728ce88125','CMSB','Clip MM SC/PC Brown',1,1,NULL,'4e8b0f0e-e718-4150-a7fb-9dd619e413c1',100.00,1500.00,2000.00,'2b643e21-a94c-4713-93f1-f1cbde6ad633',0,1,'eko',NULL,'2020-05-16 07:11:18','2020-05-16 07:11:18'),('5d9cd690-33c0-11ea-aec2-2e728ce88125','CSLAG','Clip SM LC/APC Green',5,1,NULL,'4e8b0f0e-e718-4150-a7fb-9dd619e413c1',100.00,1500.00,2000.00,'2b643e21-a94c-4713-93f1-f1cbde6ad633',0,1,'eko',NULL,'2020-05-16 07:11:18','2020-05-16 07:11:18'),('5d9cd7d0-33c0-11ea-aec2-2e728ce88125','CSLUB','Clip SM LC/UPC Blue',1,1,NULL,'4e8b0f0e-e718-4150-a7fb-9dd619e413c1',100.00,1500.00,2000.00,'2b643e21-a94c-4713-93f1-f1cbde6ad633',0,1,'eko',NULL,'2020-05-16 07:11:18','2020-05-16 07:11:18'),('5d9cdadc-33c0-11ea-aec2-2e728ce88125','CSSAG','Clip SM SC/APC Green ',1,1,NULL,'4e8b0f0e-e718-4150-a7fb-9dd619e413c1',100.00,1500.00,2000.00,'2b643e21-a94c-4713-93f1-f1cbde6ad633',0,1,'eko',NULL,'2020-05-16 07:11:18','2020-05-16 07:11:18'),('5d9cdc4e-33c0-11ea-aec2-2e728ce88125','CSSUB','Clip SM SC/UPC Blue',1,1,NULL,'4e8b0f0e-e718-4150-a7fb-9dd619e413c1',100.00,1500.00,2000.00,'2b643e21-a94c-4713-93f1-f1cbde6ad633',0,1,'eko',NULL,'2020-05-16 07:11:18','2020-05-16 07:11:18'),('5d9cdd8e-33c0-11ea-aec2-2e728ce88125','C288C','Closure 288 Core ',1,1,NULL,'4e8b0f0e-e718-4150-a7fb-9dd619e413c1',100.00,1500.00,2000.00,'2b643e21-a94c-4713-93f1-f1cbde6ad633',0,1,'eko',NULL,'2020-05-16 07:11:18','2020-05-16 07:11:18'),('5d9cdec4-33c0-11ea-aec2-2e728ce88125','C48FT','Closure 48 Core (Fiber Trone)',1,1,NULL,'4e8b0f0e-e718-4150-a7fb-9dd619e413c1',100.00,1500.00,2000.00,'2b643e21-a94c-4713-93f1-f1cbde6ad633',0,1,'eko',NULL,'2020-05-16 07:11:18','2020-05-16 07:11:18'),('5d9cdffa-33c0-11ea-aec2-2e728ce88125','C48PZ','Closure 48 Core (PAZ)',1,1,NULL,'4e8b0f0e-e718-4150-a7fb-9dd619e413c1',100.00,1500.00,2000.00,'2b643e21-a94c-4713-93f1-f1cbde6ad633',0,1,'eko',NULL,'2020-05-16 07:11:18','2020-05-16 07:11:18'),('5d9ce1ee-33c0-11ea-aec2-2e728ce88125','CLO96','Closure 96 Core ( Kulit Jeruk)',1,1,NULL,'4e8b0f0e-e718-4150-a7fb-9dd619e413c1',100.00,1500.00,2000.00,'2b643e21-a94c-4713-93f1-f1cbde6ad633',0,1,'eko',NULL,'2020-05-16 07:11:18','2020-05-16 07:11:18'),('5d9ce4fa-33c0-11ea-aec2-2e728ce88125','C96P','Closure 96 Core ( No brand )',1,1,NULL,'4e8b0f0e-e718-4150-a7fb-9dd619e413c1',100.00,1500.00,2000.00,'2b643e21-a94c-4713-93f1-f1cbde6ad633',0,1,'eko',NULL,'2020-05-16 07:11:18','2020-05-16 07:11:18'),('5d9ce662-33c0-11ea-aec2-2e728ce88125','C96WB','Closure 96 Core ( No brand Tidak Complete) (Tanpa Kardus)',1,1,NULL,'4e8b0f0e-e718-4150-a7fb-9dd619e413c1',100.00,1500.00,2000.00,'2b643e21-a94c-4713-93f1-f1cbde6ad633',0,1,'eko',NULL,'2020-05-16 07:11:18','2020-05-16 07:11:18'),('5d9ce798-33c0-11ea-aec2-2e728ce88125','C96D[Z','Closure 96 Core Dome ( PAZ )',1,1,NULL,'4e8b0f0e-e718-4150-a7fb-9dd619e413c1',100.00,1500.00,2000.00,'2b643e21-a94c-4713-93f1-f1cbde6ad633',0,1,'eko',NULL,'2020-05-16 07:11:18','2020-05-16 07:11:18'),('5d9cea18-33c0-11ea-aec2-2e728ce88125','C96WK','Closure 96 Core Tanpa Kunci+Kardus Litech',1,1,NULL,'4e8b0f0e-e718-4150-a7fb-9dd619e413c1',100.00,1500.00,2000.00,'2b643e21-a94c-4713-93f1-f1cbde6ad633',0,1,'eko',NULL,'2020-05-16 07:11:18','2020-05-16 07:11:18'),('5d9cebc6-33c0-11ea-aec2-2e728ce88125','CA1224','Closure AIS 12/24 Core (Duck) ',1,1,NULL,'4e8b0f0e-e718-4150-a7fb-9dd619e413c1',100.00,1500.00,2000.00,'2b643e21-a94c-4713-93f1-f1cbde6ad633',0,1,'eko',NULL,'2020-05-16 07:11:18','2020-05-16 07:11:18'),('5d9ced06-33c0-11ea-aec2-2e728ce88125','CA96D','Closure AIS 96 Core (Duck) ',1,1,NULL,'4e8b0f0e-e718-4150-a7fb-9dd619e413c1',100.00,1500.00,2000.00,'2b643e21-a94c-4713-93f1-f1cbde6ad633',0,1,'eko',NULL,'2020-05-16 07:11:18','2020-05-16 07:11:18'),('5d9cefb8-33c0-11ea-aec2-2e728ce88125','CBSA','Connector Box SC/APC',1,1,NULL,'4e8b0f0e-e718-4150-a7fb-9dd619e413c1',100.00,1500.00,2000.00,'2b643e21-a94c-4713-93f1-f1cbde6ad633',0,1,'eko',NULL,'2020-05-16 07:11:18','2020-05-16 07:11:18'),('5d9cf116-33c0-11ea-aec2-2e728ce88125','CLMM9','Connector MM LC/PC (0,9mm)',1,1,NULL,'4e8b0f0e-e718-4150-a7fb-9dd619e413c1',100.00,1500.00,2000.00,'2b643e21-a94c-4713-93f1-f1cbde6ad633',0,1,'eko',NULL,'2020-05-16 07:11:18','2020-05-16 07:11:18'),('5d9cf24c-33c0-11ea-aec2-2e728ce88125','CLMM2','Connector MM LC/PC (2,0mm)',1,1,NULL,'4e8b0f0e-e718-4150-a7fb-9dd619e413c1',100.00,1500.00,2000.00,'2b643e21-a94c-4713-93f1-f1cbde6ad633',0,1,'eko',NULL,'2020-05-16 07:11:18','2020-05-16 07:11:18'),('5d9cf38c-33c0-11ea-aec2-2e728ce88125','CSMM9','Connector MM SC/PC (0,9mm)',1,1,NULL,'4e8b0f0e-e718-4150-a7fb-9dd619e413c1',100.00,1500.00,2000.00,'2b643e21-a94c-4713-93f1-f1cbde6ad633',0,1,'eko',NULL,'2020-05-16 07:11:18','2020-05-16 07:11:18'),('5d9cf58a-33c0-11ea-aec2-2e728ce88125','CSMM2','Connector MM SC/PC (2,0mm)',1,1,NULL,'4e8b0f0e-e718-4150-a7fb-9dd619e413c1',100.00,1500.00,2000.00,'2b643e21-a94c-4713-93f1-f1cbde6ad633',0,1,'eko',NULL,'2020-05-16 07:11:18','2020-05-16 07:11:18'),('5d9cf8a0-33c0-11ea-aec2-2e728ce88125','CSMM3','Connector MM SC/PC 3,0mm Tanpa Spring',1,1,NULL,'4e8b0f0e-e718-4150-a7fb-9dd619e413c1',100.00,1500.00,2000.00,'2b643e21-a94c-4713-93f1-f1cbde6ad633',0,1,'eko',NULL,'2020-05-16 07:11:18','2020-05-16 07:11:18'),('5d9cfa08-33c0-11ea-aec2-2e728ce88125','CSSTSF','Connector Set ST Semi Finished Include Ferulle 2mm',1,1,NULL,'4e8b0f0e-e718-4150-a7fb-9dd619e413c1',100.00,1500.00,2000.00,'2b643e21-a94c-4713-93f1-f1cbde6ad633',0,1,'eko',NULL,'2020-05-16 07:11:18','2020-05-16 07:11:18'),('5d9cfb48-33c0-11ea-aec2-2e728ce88125','','Connector MM ST/PC (2,0mm)',1,1,NULL,'4e8b0f0e-e718-4150-a7fb-9dd619e413c1',0.00,0.00,0.00,'2b643e21-a94c-4713-93f1-f1cbde6ad633',0,1,'eko',NULL,'2020-05-16 07:11:18','2020-05-16 07:11:18'),('5d9cfc7e-33c0-11ea-aec2-2e728ce88125','','Connector MM ST/PC (3,0mm)',1,1,NULL,'4e8b0f0e-e718-4150-a7fb-9dd619e413c1',0.00,0.00,0.00,'2b643e21-a94c-4713-93f1-f1cbde6ad633',0,1,'eko',NULL,'2020-05-16 07:11:18','2020-05-16 07:11:18'),('5d9cfdbe-33c0-11ea-aec2-2e728ce88125','','Connector MM FC/PC (2,0mm) ',1,1,NULL,'4e8b0f0e-e718-4150-a7fb-9dd619e413c1',0.00,0.00,0.00,'2b643e21-a94c-4713-93f1-f1cbde6ad633',0,1,'eko',NULL,'2020-05-16 07:11:18','2020-05-16 07:11:18'),('5d9cfef4-33c0-11ea-aec2-2e728ce88125','','Connector MM LC/PC (3,0mm)',1,2,NULL,'4e8b0f0e-e718-4150-a7fb-9dd619e413c1',0.00,0.00,0.00,'2b643e21-a94c-4713-93f1-f1cbde6ad633',0,1,'eko',NULL,'2020-05-16 07:11:18','2020-05-16 07:11:18'),('5d9d002a-33c0-11ea-aec2-2e728ce88125','','Connector MM SC/PC 3,0mm',1,2,NULL,'4e8b0f0e-e718-4150-a7fb-9dd619e413c1',0.00,0.00,0.00,'2b643e21-a94c-4713-93f1-f1cbde6ad633',0,1,'eko',NULL,'2020-05-16 07:11:18','2020-05-16 07:11:18'),('5d9d02f0-33c0-11ea-aec2-2e728ce88125','CFA9','Connector SM FC/APC (0,9mm)',1,2,NULL,'4e8b0f0e-e718-4150-a7fb-9dd619e413c1',100.00,1500.00,2000.00,'2b643e21-a94c-4713-93f1-f1cbde6ad633',0,1,'eko',NULL,'2020-05-16 07:11:18','2020-05-16 07:11:18'),('5d9d04b2-33c0-11ea-aec2-2e728ce88125','CFA2','Connector SM FC/APC (2,0mm)',1,2,NULL,'4e8b0f0e-e718-4150-a7fb-9dd619e413c1',100.00,1500.00,2000.00,'2b643e21-a94c-4713-93f1-f1cbde6ad633',0,1,'eko',NULL,'2020-05-16 07:11:18','2020-05-16 07:11:18'),('5d9d0610-33c0-11ea-aec2-2e728ce88125','CFU9','Connector SM FC/UPC (0,9mm)',1,1,NULL,'4e8b0f0e-e718-4150-a7fb-9dd619e413c1',100.00,1500.00,2000.00,'2b643e21-a94c-4713-93f1-f1cbde6ad633',0,1,'eko',NULL,'2020-05-16 07:11:18','2020-05-16 07:11:18'),('5d9d0750-33c0-11ea-aec2-2e728ce88125','CFU2','Connector SM FC/UPC (2,0mm)',1,1,NULL,'4e8b0f0e-e718-4150-a7fb-9dd619e413c1',100.00,1500.00,2000.00,'2b643e21-a94c-4713-93f1-f1cbde6ad633',0,1,'eko',NULL,'2020-05-16 07:11:18','2020-05-16 07:11:18'),('5d9d0962-33c0-11ea-aec2-2e728ce88125','','Connector SM FC/UPC (3,0mm)',1,1,NULL,'4e8b0f0e-e718-4150-a7fb-9dd619e413c1',0.00,0.00,0.00,'2b643e21-a94c-4713-93f1-f1cbde6ad633',0,1,'eko',NULL,'2020-05-16 07:11:18','2020-05-16 07:11:18'),('5d9d0b24-33c0-11ea-aec2-2e728ce88125','CLA9','Connector SM LC/APC (0,9mm)',1,1,NULL,'4e8b0f0e-e718-4150-a7fb-9dd619e413c1',100.00,1500.00,2000.00,'2b643e21-a94c-4713-93f1-f1cbde6ad633',0,1,'eko',NULL,'2020-05-16 07:11:18','2020-05-16 07:11:18'),('5d9d0e3a-33c0-11ea-aec2-2e728ce88125','CLA2','Connector SM LC/APC (2,0mm)',1,1,NULL,'4e8b0f0e-e718-4150-a7fb-9dd619e413c1',100.00,1500.00,2000.00,'2b643e21-a94c-4713-93f1-f1cbde6ad633',0,1,'eko',NULL,'2020-05-16 07:11:18','2020-05-16 07:11:18'),('5d9d0f84-33c0-11ea-aec2-2e728ce88125','CLA3','Connector SM LC/APC 3,0mm',1,1,NULL,'4e8b0f0e-e718-4150-a7fb-9dd619e413c1',100.00,1500.00,2000.00,'2b643e21-a94c-4713-93f1-f1cbde6ad633',0,1,'eko',NULL,'2020-05-16 07:11:18','2020-05-16 07:11:18'),('5d9d10ba-33c0-11ea-aec2-2e728ce88125','CLU9','Connector SM LC/UPC (0,9mm)',1,1,NULL,'4e8b0f0e-e718-4150-a7fb-9dd619e413c1',100.00,1500.00,2000.00,'2b643e21-a94c-4713-93f1-f1cbde6ad633',0,1,'eko',NULL,'2020-05-16 07:11:18','2020-05-16 07:11:18'),('5d9d11f0-33c0-11ea-aec2-2e728ce88125','CLU2','Connector SM LC/UPC (2,0mm)',1,1,NULL,'4e8b0f0e-e718-4150-a7fb-9dd619e413c1',100.00,1500.00,2000.00,'2b643e21-a94c-4713-93f1-f1cbde6ad633',0,1,'eko',NULL,'2020-05-16 07:11:18','2020-05-16 07:11:18'),('5d9d1628-33c0-11ea-aec2-2e728ce88125','CLU3','Connector SM LC/UPC 3,0mm',1,1,NULL,'4e8b0f0e-e718-4150-a7fb-9dd619e413c1',100.00,1500.00,2000.00,'2b643e21-a94c-4713-93f1-f1cbde6ad633',0,1,'eko',NULL,'2020-05-16 07:11:18','2020-05-16 07:11:18'),('5d9d17cc-33c0-11ea-aec2-2e728ce88125','CSA9','Connector SM SC/APC (0,9mm)',1,1,NULL,'4e8b0f0e-e718-4150-a7fb-9dd619e413c1',100.00,1500.00,2000.00,'2b643e21-a94c-4713-93f1-f1cbde6ad633',0,1,'eko',NULL,'2020-05-16 07:11:18','2020-05-16 07:11:18'),('5d9d1af6-33c0-11ea-aec2-2e728ce88125','CSA2','Connector SM SC/APC (2,0mm)',1,1,NULL,'4e8b0f0e-e718-4150-a7fb-9dd619e413c1',100.00,1500.00,2000.00,'2b643e21-a94c-4713-93f1-f1cbde6ad633',0,1,'eko',NULL,'2020-05-16 07:11:18','2020-05-16 07:11:18'),('5d9d1c40-33c0-11ea-aec2-2e728ce88125','CSA3','Connector SM SC/APC 3,0mm',1,1,NULL,'4e8b0f0e-e718-4150-a7fb-9dd619e413c1',100.00,1500.00,2000.00,'2b643e21-a94c-4713-93f1-f1cbde6ad633',0,1,'eko',NULL,'2020-05-16 07:11:18','2020-05-16 07:11:18'),('5d9d1d76-33c0-11ea-aec2-2e728ce88125','CSA3IC','Connector SM SC/APC 3,0mm (Tanpa Big Crimp Ring  & Dust Cups)',1,1,NULL,'4e8b0f0e-e718-4150-a7fb-9dd619e413c1',100.00,1500.00,2000.00,'2b643e21-a94c-4713-93f1-f1cbde6ad633',0,1,'eko',NULL,'2020-05-16 07:11:18','2020-05-16 07:11:18'),('5d9d1eac-33c0-11ea-aec2-2e728ce88125','CSA3TD','Connector SM SC/APC 3,0mm (Tanpa Dustcups)',1,1,NULL,'4e8b0f0e-e718-4150-a7fb-9dd619e413c1',100.00,1500.00,2000.00,'2b643e21-a94c-4713-93f1-f1cbde6ad633',0,1,'eko',NULL,'2020-05-16 07:11:18','2020-05-16 07:11:18'),('5d9d2000-33c0-11ea-aec2-2e728ce88125','CSA5SA','Connector SM SC/APC 5cm Precon Semi Assembly',1,1,NULL,'4e8b0f0e-e718-4150-a7fb-9dd619e413c1',100.00,1500.00,2000.00,'2b643e21-a94c-4713-93f1-f1cbde6ad633',0,1,'eko',NULL,'2020-05-16 07:11:18','2020-05-16 07:11:18'),('5d9d2140-33c0-11ea-aec2-2e728ce88125','CSASF','Connector SM SC/APC Semi Finished + Ferulle',1,1,NULL,'4e8b0f0e-e718-4150-a7fb-9dd619e413c1',100.00,1500.00,2000.00,'2b643e21-a94c-4713-93f1-f1cbde6ad633',0,1,'eko',NULL,'2020-05-16 07:11:18','2020-05-16 07:11:18'),('5d9d241a-33c0-11ea-aec2-2e728ce88125','CSU9','Connector SM SC/UPC (0,9mm)',1,1,NULL,'4e8b0f0e-e718-4150-a7fb-9dd619e413c1',100.00,1500.00,2000.00,'2b643e21-a94c-4713-93f1-f1cbde6ad633',0,1,'eko',NULL,'2020-05-16 07:11:18','2020-05-16 07:11:18'),('5d9d25b4-33c0-11ea-aec2-2e728ce88125','CSU2','Connector SM SC/UPC (2,0mm)',1,1,NULL,'4e8b0f0e-e718-4150-a7fb-9dd619e413c1',100.00,1500.00,2000.00,'2b643e21-a94c-4713-93f1-f1cbde6ad633',0,1,'eko',NULL,'2020-05-16 07:11:18','2020-05-16 07:11:18'),('5d9d2848-33c0-11ea-aec2-2e728ce88125','','Connector SM SC/UPC (3,0mm)',1,1,NULL,'4e8b0f0e-e718-4150-a7fb-9dd619e413c1',0.00,0.00,0.00,'2b643e21-a94c-4713-93f1-f1cbde6ad633',0,1,'eko',NULL,'2020-05-16 07:11:18','2020-05-16 07:11:18'),('5d9d297e-33c0-11ea-aec2-2e728ce88125','','Connector SM ST/UPC (2,0mm)',1,1,NULL,'4e8b0f0e-e718-4150-a7fb-9dd619e413c1',0.00,0.00,0.00,'2b643e21-a94c-4713-93f1-f1cbde6ad633',0,1,'eko',NULL,'2020-05-16 07:11:18','2020-05-16 07:11:18'),('5d9d2ab4-33c0-11ea-aec2-2e728ce88125','','Connector SM ST/UPC (3,0mm)',1,1,NULL,'4e8b0f0e-e718-4150-a7fb-9dd619e413c1',0.00,0.00,0.00,'2b643e21-a94c-4713-93f1-f1cbde6ad633',0,1,'eko',NULL,'2020-05-16 07:11:18','2020-05-16 07:11:18'),('5d9d2bea-33c0-11ea-aec2-2e728ce88125','CSU5','Connector SM SC/UPC 5cm Precon Semi Assembly',1,1,NULL,'4e8b0f0e-e718-4150-a7fb-9dd619e413c1',100.00,1500.00,2000.00,'2b643e21-a94c-4713-93f1-f1cbde6ad633',0,1,'eko',NULL,'2020-05-16 07:11:18','2020-05-16 07:11:18'),('5d9d300e-33c0-11ea-aec2-2e728ce88125','CSUSF','Connector SM SC/UPC Semi Finished Include Ferulle ',1,1,NULL,'4e8b0f0e-e718-4150-a7fb-9dd619e413c1',100.00,1500.00,2000.00,'2b643e21-a94c-4713-93f1-f1cbde6ad633',0,1,'eko',NULL,'2020-05-16 07:11:18','2020-05-16 07:11:18'),('5d9d3176-33c0-11ea-aec2-2e728ce88125','CNSU2','COUPLING NUT ST/UPC (2,00mm)',1,1,NULL,'4e8b0f0e-e718-4150-a7fb-9dd619e413c1',100.00,1500.00,2000.00,'2b643e21-a94c-4713-93f1-f1cbde6ad633',0,1,'eko',NULL,'2020-05-16 07:11:18','2020-05-16 07:11:18'),('5d9d32b6-33c0-11ea-aec2-2e728ce88125','CRL3','CRIMP RING LC (3,00mm)',1,1,NULL,'4e8b0f0e-e718-4150-a7fb-9dd619e413c1',100.00,1500.00,2000.00,'2b643e21-a94c-4713-93f1-f1cbde6ad633',0,1,'eko',NULL,'2020-05-16 07:11:18','2020-05-16 07:11:18'),('5d9d33f6-33c0-11ea-aec2-2e728ce88125','CRPSSA','CRIMP RING Precon SC UPC/APC Semi Assembly',1,1,NULL,'4e8b0f0e-e718-4150-a7fb-9dd619e413c1',100.00,1500.00,2000.00,'2b643e21-a94c-4713-93f1-f1cbde6ad633',0,1,'eko',NULL,'2020-05-16 07:11:18','2020-05-16 07:11:18'),('5d9d3568-33c0-11ea-aec2-2e728ce88125','CRPSSF','CRIMP RING Precon SC UPC/APC Semi Finished',1,1,NULL,'4e8b0f0e-e718-4150-a7fb-9dd619e413c1',100.00,1500.00,2000.00,'2b643e21-a94c-4713-93f1-f1cbde6ad633',0,1,'eko',NULL,'2020-05-16 07:11:18','2020-05-16 07:11:18'),('5d9d382e-33c0-11ea-aec2-2e728ce88125','CRSU2','CRIMP RING ST UPC (2,00mm)',1,1,NULL,'4e8b0f0e-e718-4150-a7fb-9dd619e413c1',100.00,1500.00,2000.00,'2b643e21-a94c-4713-93f1-f1cbde6ad633',0,1,'eko',NULL,'2020-05-16 07:11:18','2020-05-16 07:11:18'),('5d9d3ac2-33c0-11ea-aec2-2e728ce88125','CRTL','Crimping Tools',1,1,NULL,'4e8b0f0e-e718-4150-a7fb-9dd619e413c1',100.00,1500.00,2000.00,'2b643e21-a94c-4713-93f1-f1cbde6ad633',0,1,'eko',NULL,'2020-05-16 07:11:18','2020-05-16 07:11:18'),('5d9d7956-33c0-11ea-aec2-2e728ce88125','CTRBK','Cutter Besar (Kenko)',1,1,NULL,'4e8b0f0e-e718-4150-a7fb-9dd619e413c1',100.00,1500.00,2000.00,'2b643e21-a94c-4713-93f1-f1cbde6ad633',0,1,'eko',NULL,'2020-05-16 07:11:18','2020-05-16 07:11:18'),('5d9d7d2a-33c0-11ea-aec2-2e728ce88125','DCLP','D-clamp',1,1,NULL,'4e8b0f0e-e718-4150-a7fb-9dd619e413c1',100.00,1500.00,2000.00,'2b643e21-a94c-4713-93f1-f1cbde6ad633',0,1,'eko',NULL,'2020-05-16 07:11:18','2020-05-16 07:11:18'),('5d9d7fb4-33c0-11ea-aec2-2e728ce88125','DTK','Doubletape Kecil',1,1,NULL,'4e8b0f0e-e718-4150-a7fb-9dd619e413c1',100.00,1500.00,2000.00,'2b643e21-a94c-4713-93f1-f1cbde6ad633',0,1,'eko',NULL,'2020-05-16 07:11:18','2020-05-16 07:11:18'),('5d9d8162-33c0-11ea-aec2-2e728ce88125','DTS','Doubletape Sedang',1,1,NULL,'4e8b0f0e-e718-4150-a7fb-9dd619e413c1',100.00,1500.00,2000.00,'2b643e21-a94c-4713-93f1-f1cbde6ad633',0,1,'eko',NULL,'2020-05-16 07:11:18','2020-05-16 07:11:18'),('5d9d84aa-33c0-11ea-aec2-2e728ce88125','DC1C100','Drop Cable 1 Core 100 Meter',1,1,NULL,'4e8b0f0e-e718-4150-a7fb-9dd619e413c1',100.00,1500.00,2000.00,'2b643e21-a94c-4713-93f1-f1cbde6ad633',0,1,'eko',NULL,'2020-05-16 07:11:18','2020-05-16 07:11:18'),('5d9d85fe-33c0-11ea-aec2-2e728ce88125','DC1C150','Drop Cable 1 Core 150 Meter ',1,1,NULL,'4e8b0f0e-e718-4150-a7fb-9dd619e413c1',100.00,1500.00,2000.00,'2b643e21-a94c-4713-93f1-f1cbde6ad633',0,1,'eko',NULL,'2020-05-16 07:11:18','2020-05-16 07:11:18'),('5d9d8734-33c0-11ea-aec2-2e728ce88125','DC1C200','Drop Cable 1 Core 200 Meter',1,1,NULL,'4e8b0f0e-e718-4150-a7fb-9dd619e413c1',100.00,1500.00,2000.00,'2b643e21-a94c-4713-93f1-f1cbde6ad633',0,1,'eko',NULL,'2020-05-16 07:11:18','2020-05-16 07:11:18'),('5d9d886a-33c0-11ea-aec2-2e728ce88125','DC1C250','Drop Cable 1 Core 250 Meter',1,1,NULL,'4e8b0f0e-e718-4150-a7fb-9dd619e413c1',100.00,1500.00,2000.00,'2b643e21-a94c-4713-93f1-f1cbde6ad633',0,1,'eko',NULL,'2020-05-16 07:11:18','2020-05-16 07:11:18'),('5d9d89a0-33c0-11ea-aec2-2e728ce88125','DC1C250','Drop Cable 1 Core 300 Meter',1,1,NULL,'4e8b0f0e-e718-4150-a7fb-9dd619e413c1',100.00,1500.00,2000.00,'2b643e21-a94c-4713-93f1-f1cbde6ad633',0,1,'eko',NULL,'2020-05-16 07:11:18','2020-05-16 07:11:18'),('5d9d8ad6-33c0-11ea-aec2-2e728ce88125','DC1C50','Drop Cable 1 Core 50 Meter',1,1,NULL,'4e8b0f0e-e718-4150-a7fb-9dd619e413c1',100.00,1500.00,2000.00,'2b643e21-a94c-4713-93f1-f1cbde6ad633',0,1,'eko',NULL,'2020-05-16 07:11:18','2020-05-16 07:11:18'),('5d9d8f0e-33c0-11ea-aec2-2e728ce88125','DC1C63','Drop Cable 1 Core 63 Meter',1,1,NULL,'4e8b0f0e-e718-4150-a7fb-9dd619e413c1',100.00,1500.00,2000.00,'2b643e21-a94c-4713-93f1-f1cbde6ad633',0,1,'eko',NULL,'2020-05-16 07:11:18','2020-05-16 07:11:18'),('5d9d9094-33c0-11ea-aec2-2e728ce88125','DC1C75','Drop Cable 1 Core 75 Meter',1,1,NULL,'4e8b0f0e-e718-4150-a7fb-9dd619e413c1',100.00,1500.00,2000.00,'2b643e21-a94c-4713-93f1-f1cbde6ad633',0,1,'eko',NULL,'2020-05-16 07:11:18','2020-05-16 07:11:18'),('5d9dadc2-33c0-11ea-aec2-2e728ce88125','DC1C80','Drop Cable 1 Core 80 Meter',1,1,NULL,'4e8b0f0e-e718-4150-a7fb-9dd619e413c1',100.00,1500.00,2000.00,'2b643e21-a94c-4713-93f1-f1cbde6ad633',0,1,'eko',NULL,'2020-05-16 07:11:18','2020-05-16 07:11:18'),('5d9daf3e-33c0-11ea-aec2-2e728ce88125','DC1CP','Drop Cable 1 Core Polos',1,1,NULL,'4e8b0f0e-e718-4150-a7fb-9dd619e413c1',100.00,1500.00,2000.00,'2b643e21-a94c-4713-93f1-f1cbde6ad633',0,1,'eko',NULL,'2020-05-16 07:11:18','2020-05-16 07:11:18'),('5d9db092-33c0-11ea-aec2-2e728ce88125','DC1CT','Drop Cable 1 Core Telkom',1,1,NULL,'4e8b0f0e-e718-4150-a7fb-9dd619e413c1',100.00,1500.00,2000.00,'2b643e21-a94c-4713-93f1-f1cbde6ad633',0,1,'eko',NULL,'2020-05-16 07:11:18','2020-05-16 07:11:18'),('5d9db1d2-33c0-11ea-aec2-2e728ce88125','DC1CA2','Dropcable 1 Core, G657A2, LSZH, 1000M FRP YOFC TelkomAkses',1,1,NULL,'4e8b0f0e-e718-4150-a7fb-9dd619e413c1',100.00,1500.00,2000.00,'2b643e21-a94c-4713-93f1-f1cbde6ad633',0,1,'eko',NULL,'2020-05-16 07:11:18','2020-05-16 07:11:18'),('5d9db664-33c0-11ea-aec2-2e728ce88125','DC1CFT','Dropcable 1 Core, GJYXFCH, LSZH, 1000M FTI',1,1,NULL,'4e8b0f0e-e718-4150-a7fb-9dd619e413c1',100.00,1500.00,2000.00,'2b643e21-a94c-4713-93f1-f1cbde6ad633',0,1,'eko',NULL,'2020-05-16 07:11:18','2020-05-16 07:11:18'),('5d9db97a-33c0-11ea-aec2-2e728ce88125','DC1CHU','Dropcable 1 Core, GJYXFCH, LSZH, 1000M HUASHIN',1,1,NULL,'4e8b0f0e-e718-4150-a7fb-9dd619e413c1',100.00,1500.00,2000.00,'2b643e21-a94c-4713-93f1-f1cbde6ad633',0,1,'eko',NULL,'2020-05-16 07:11:18','2020-05-16 07:11:18'),('5d9dbaf6-33c0-11ea-aec2-2e728ce88125','DC2CPM','Dropcable 2C 1000M',1,1,NULL,'4e8b0f0e-e718-4150-a7fb-9dd619e413c1',100.00,1500.00,2000.00,'2b643e21-a94c-4713-93f1-f1cbde6ad633',0,1,'eko',NULL,'2020-05-16 07:11:18','2020-05-16 07:11:18'),('5d9dbdb2-33c0-11ea-aec2-2e728ce88125','DC2CW2','Dropcable 2C With 2 Stell Wire.LSZH 1000M',1,1,NULL,'4e8b0f0e-e718-4150-a7fb-9dd619e413c1',100.00,1500.00,2000.00,'2b643e21-a94c-4713-93f1-f1cbde6ad633',0,1,'eko',NULL,'2020-05-16 07:11:18','2020-05-16 07:11:18'),('5d9dbf2e-33c0-11ea-aec2-2e728ce88125','DC4CTS','Dropcable 4 Core, G657A1, LSZH, TWO STEEL WIRE 1000M',1,1,NULL,'4e8b0f0e-e718-4150-a7fb-9dd619e413c1',100.00,1500.00,2000.00,'2b643e21-a94c-4713-93f1-f1cbde6ad633',0,1,'eko',NULL,'2020-05-16 07:11:18','2020-05-16 07:11:18'),('5d9dc06e-33c0-11ea-aec2-2e728ce88125','DCLG','DUST CAP LC Green',1,1,NULL,'4e8b0f0e-e718-4150-a7fb-9dd619e413c1',100.00,1500.00,2000.00,'2b643e21-a94c-4713-93f1-f1cbde6ad633',0,1,'eko',NULL,'2020-05-16 07:11:18','2020-05-16 07:11:18'),('5d9dc352-33c0-11ea-aec2-2e728ce88125','DCLW','DUST CAP LC White',1,1,NULL,'4e8b0f0e-e718-4150-a7fb-9dd619e413c1',100.00,1500.00,2000.00,'2b643e21-a94c-4713-93f1-f1cbde6ad633',0,1,'eko',NULL,'2020-05-16 07:11:18','2020-05-16 07:11:18'),('5d9dc4b0-33c0-11ea-aec2-2e728ce88125','DCSG','DUST CAP SC-FC-ST Green',1,1,NULL,'4e8b0f0e-e718-4150-a7fb-9dd619e413c1',100.00,1500.00,2000.00,'2b643e21-a94c-4713-93f1-f1cbde6ad633',0,1,'eko',NULL,'2020-05-16 07:11:18','2020-05-16 07:11:18'),('5d9dc5f0-33c0-11ea-aec2-2e728ce88125','DCST','DUST CAP SC-FC-ST Transparent',1,1,NULL,'4e8b0f0e-e718-4150-a7fb-9dd619e413c1',100.00,1500.00,2000.00,'2b643e21-a94c-4713-93f1-f1cbde6ad633',0,1,'eko',NULL,'2020-05-16 07:11:18','2020-05-16 07:11:18'),('5d9dc726-33c0-11ea-aec2-2e728ce88125','FSUMB','Fashconector SC/UPC Model BARU',1,1,NULL,'4e8b0f0e-e718-4150-a7fb-9dd619e413c1',100.00,1500.00,2000.00,'2b643e21-a94c-4713-93f1-f1cbde6ad633',0,1,'eko',NULL,'2020-05-16 07:11:18','2020-05-16 07:11:18'),('5d9dc85c-33c0-11ea-aec2-2e728ce88125','FCSUML','Fashconector SC/UPC Model Lama',1,1,NULL,'4e8b0f0e-e718-4150-a7fb-9dd619e413c1',100.00,1500.00,2000.00,'2b643e21-a94c-4713-93f1-f1cbde6ad633',0,1,'eko',NULL,'2020-05-16 07:11:18','2020-05-16 07:11:18'),('5d9dc992-33c0-11ea-aec2-2e728ce88125','F1MLP','Ferulle 125uf MM LC/PC',1,1,NULL,'4e8b0f0e-e718-4150-a7fb-9dd619e413c1',100.00,1500.00,2000.00,'2b643e21-a94c-4713-93f1-f1cbde6ad633',0,1,'eko',NULL,'2020-05-16 07:11:18','2020-05-16 07:11:18'),('5d9dcef6-33c0-11ea-aec2-2e728ce88125','F1SLA','Ferulle 125uf SM LC/APC',1,1,NULL,'4e8b0f0e-e718-4150-a7fb-9dd619e413c1',100.00,1500.00,2000.00,'2b643e21-a94c-4713-93f1-f1cbde6ad633',0,1,'eko',NULL,'2020-05-16 07:11:18','2020-05-16 07:11:18'),('5d9dd090-33c0-11ea-aec2-2e728ce88125','F1SLU','Ferulle 125uf SM LC/UPC',1,1,NULL,'4e8b0f0e-e718-4150-a7fb-9dd619e413c1',100.00,1500.00,2000.00,'2b643e21-a94c-4713-93f1-f1cbde6ad633',0,1,'eko',NULL,'2020-05-16 07:11:18','2020-05-16 07:11:18'),('5d9dd374-33c0-11ea-aec2-2e728ce88125','F2MSP','Ferulle 250uf MM SC/PC - FC/PC',1,1,NULL,'4e8b0f0e-e718-4150-a7fb-9dd619e413c1',100.00,1500.00,2000.00,'2b643e21-a94c-4713-93f1-f1cbde6ad633',0,1,'eko',NULL,'2020-05-16 07:11:18','2020-05-16 07:11:18'),('5d9dd4dc-33c0-11ea-aec2-2e728ce88125','F2SASA','Ferulle 250uf SC/APC Semi Assembly',1,1,NULL,'4e8b0f0e-e718-4150-a7fb-9dd619e413c1',100.00,1500.00,2000.00,'2b643e21-a94c-4713-93f1-f1cbde6ad633',0,1,'eko',NULL,'2020-05-16 07:11:18','2020-05-16 07:11:18'),('5d9dd61c-33c0-11ea-aec2-2e728ce88125','F2SASF','Ferulle 250uf SC/APC Semi Finished',1,1,NULL,'4e8b0f0e-e718-4150-a7fb-9dd619e413c1',100.00,1500.00,2000.00,'2b643e21-a94c-4713-93f1-f1cbde6ad633',0,1,'eko',NULL,'2020-05-16 07:11:18','2020-05-16 07:11:18'),('5d9dd8ec-33c0-11ea-aec2-2e728ce88125','F2SUSA','Ferulle 250uf SC/UPC Semi Assembly',1,1,NULL,'4e8b0f0e-e718-4150-a7fb-9dd619e413c1',100.00,1500.00,2000.00,'2b643e21-a94c-4713-93f1-f1cbde6ad633',0,1,'eko',NULL,'2020-05-16 07:11:18','2020-05-16 07:11:18'),('5d9dda5e-33c0-11ea-aec2-2e728ce88125','F2SUSF','Ferulle 250uf SC/UPC Semi Finished',1,1,NULL,'4e8b0f0e-e718-4150-a7fb-9dd619e413c1',100.00,1500.00,2000.00,'2b643e21-a94c-4713-93f1-f1cbde6ad633',0,1,'eko',NULL,'2020-05-16 07:11:18','2020-05-16 07:11:18'),('5d9ddd42-33c0-11ea-aec2-2e728ce88125','F2SSA','Ferulle 250uf SM SC/FC - APC',1,1,NULL,'4e8b0f0e-e718-4150-a7fb-9dd619e413c1',100.00,1500.00,2000.00,'2b643e21-a94c-4713-93f1-f1cbde6ad633',0,1,'eko',NULL,'2020-05-16 07:11:18','2020-05-16 07:11:18'),('5d9ddeaa-33c0-11ea-aec2-2e728ce88125','F2SSU','Ferulle 250uf SM SC/FC - UPC',1,1,NULL,'4e8b0f0e-e718-4150-a7fb-9dd619e413c1',100.00,1500.00,2000.00,'2b643e21-a94c-4713-93f1-f1cbde6ad633',0,1,'eko',NULL,'2020-05-16 07:11:18','2020-05-16 07:11:18'),('5d9e1f0a-33c0-11ea-aec2-2e728ce88125','F2STU','Ferulle 250uf ST/UPC',1,1,NULL,'4e8b0f0e-e718-4150-a7fb-9dd619e413c1',100.00,1500.00,2000.00,'2b643e21-a94c-4713-93f1-f1cbde6ad633',0,1,'eko',NULL,'2020-05-16 07:11:18','2020-05-16 07:11:18'),('5d9e20e0-33c0-11ea-aec2-2e728ce88125','HSCB3','Heat Shrink Cable ( Black) 3mm',1,1,NULL,'4e8b0f0e-e718-4150-a7fb-9dd619e413c1',100.00,1500.00,2000.00,'2b643e21-a94c-4713-93f1-f1cbde6ad633',0,1,'eko',NULL,'2020-05-16 07:11:18','2020-05-16 07:11:18'),('5d9e223e-33c0-11ea-aec2-2e728ce88125','HSCB4','Heat Shrink Cable ( Black) 4mm',1,1,NULL,'4e8b0f0e-e718-4150-a7fb-9dd619e413c1',100.00,1500.00,2000.00,'2b643e21-a94c-4713-93f1-f1cbde6ad633',0,1,'eko',NULL,'2020-05-16 07:11:18','2020-05-16 07:11:18'),('5d9e237e-33c0-11ea-aec2-2e728ce88125','HSLW','Heat Shrink LC White',1,1,NULL,'4e8b0f0e-e718-4150-a7fb-9dd619e413c1',100.00,1500.00,2000.00,'2b643e21-a94c-4713-93f1-f1cbde6ad633',0,1,'eko',NULL,'2020-05-16 07:11:18','2020-05-16 07:11:18'),('5d9e261c-33c0-11ea-aec2-2e728ce88125','HSLY','Heat Shrink LC Yellow',1,1,NULL,'4e8b0f0e-e718-4150-a7fb-9dd619e413c1',100.00,1500.00,2000.00,'2b643e21-a94c-4713-93f1-f1cbde6ad633',0,1,'eko',NULL,'2020-05-16 07:11:18','2020-05-16 07:11:18'),('5d9e296e-33c0-11ea-aec2-2e728ce88125','HOSSU','Holder SOC SC/UPC Sumitomo',1,1,NULL,'4e8b0f0e-e718-4150-a7fb-9dd619e413c1',100.00,1500.00,2000.00,'2b643e21-a94c-4713-93f1-f1cbde6ad633',0,1,'eko',NULL,'2020-05-16 07:11:18','2020-05-16 07:11:18'),('5d9e2c70-33c0-11ea-aec2-2e728ce88125','HML','HOUSING MM LC (0,9mm, 2,00mm, 3,00mm)',1,1,NULL,'4e8b0f0e-e718-4150-a7fb-9dd619e413c1',100.00,1500.00,2000.00,'2b643e21-a94c-4713-93f1-f1cbde6ad633',0,1,'eko',NULL,'2020-05-16 07:11:18','2020-05-16 07:11:18'),('5d9e2dba-33c0-11ea-aec2-2e728ce88125','HMS','HOUSING MM SC (0,9mm, 2,00mm, 3,00mm)',1,1,NULL,'4e8b0f0e-e718-4150-a7fb-9dd619e413c1',100.00,1500.00,2000.00,'2b643e21-a94c-4713-93f1-f1cbde6ad633',0,1,'eko',NULL,'2020-05-16 07:11:18','2020-05-16 07:11:18'),('5d9e2f04-33c0-11ea-aec2-2e728ce88125','HSLA','HOUSING SM LC/APC (0,9mm, 2,00mm, 3,00mm) Green',1,1,NULL,'4e8b0f0e-e718-4150-a7fb-9dd619e413c1',100.00,1500.00,2000.00,'2b643e21-a94c-4713-93f1-f1cbde6ad633',0,1,'eko',NULL,'2020-05-16 07:11:18','2020-05-16 07:11:18'),('5d9e31fc-33c0-11ea-aec2-2e728ce88125','HSLU','HOUSING SM LC/UPC (0,9mm, 2,00mm, 3,00mm) Blue',1,1,NULL,'4e8b0f0e-e718-4150-a7fb-9dd619e413c1',100.00,1500.00,2000.00,'2b643e21-a94c-4713-93f1-f1cbde6ad633',0,1,'eko',NULL,'2020-05-16 07:11:18','2020-05-16 07:11:18'),('5d9e336e-33c0-11ea-aec2-2e728ce88125','HSSA','HOUSING SM SC/APC (0,9mm), 2,00mm, 3,00mm) Green',1,1,NULL,'4e8b0f0e-e718-4150-a7fb-9dd619e413c1',100.00,1500.00,2000.00,'2b643e21-a94c-4713-93f1-f1cbde6ad633',0,1,'eko',NULL,'2020-05-16 07:11:18','2020-05-16 07:11:18'),('5d9e34ae-33c0-11ea-aec2-2e728ce88125','HSSU','HOUSING SM SC/UPC (0,9mm), 2,00mm, 3,00mm) Blue',1,1,NULL,'4e8b0f0e-e718-4150-a7fb-9dd619e413c1',100.00,1500.00,2000.00,'2b643e21-a94c-4713-93f1-f1cbde6ad633',0,1,'eko',NULL,'2020-05-16 07:11:18','2020-05-16 07:11:18'),('5d9e35ee-33c0-11ea-aec2-2e728ce88125','IRN','Ink Ribbon Nomor',1,1,NULL,'4e8b0f0e-e718-4150-a7fb-9dd619e413c1',100.00,1500.00,2000.00,'2b643e21-a94c-4713-93f1-f1cbde6ad633',0,1,'eko',NULL,'2020-05-16 07:11:18','2020-05-16 07:11:18'),('5d9e3724-33c0-11ea-aec2-2e728ce88125','ICB','Isi Cutter Besar',1,1,NULL,'4e8b0f0e-e718-4150-a7fb-9dd619e413c1',100.00,1500.00,2000.00,'2b643e21-a94c-4713-93f1-f1cbde6ad633',0,1,'eko',NULL,'2020-05-16 07:11:18','2020-05-16 07:11:18'),('5d9e385a-33c0-11ea-aec2-2e728ce88125','ICK','Isi Cutter Kecil',1,1,NULL,'4e8b0f0e-e718-4150-a7fb-9dd619e413c1',100.00,1500.00,2000.00,'2b643e21-a94c-4713-93f1-f1cbde6ad633',0,1,'eko',NULL,'2020-05-16 07:11:18','2020-05-16 07:11:18'),('5d9e3990-33c0-11ea-aec2-2e728ce88125','JPT2Y','Jacket Purcation Tube 2mm Yellow Aramid',1,1,NULL,'4e8b0f0e-e718-4150-a7fb-9dd619e413c1',100.00,1500.00,2000.00,'2b643e21-a94c-4713-93f1-f1cbde6ad633',0,1,'eko',NULL,'2020-05-16 07:11:18','2020-05-16 07:11:18'),('5d9e3c92-33c0-11ea-aec2-2e728ce88125','K102222','Kardus 10 x 22 x 22 Kecil',1,1,NULL,'4e8b0f0e-e718-4150-a7fb-9dd619e413c1',100.00,1500.00,2000.00,'2b643e21-a94c-4713-93f1-f1cbde6ad633',0,1,'eko',NULL,'2020-05-16 07:11:18','2020-05-16 07:11:18'),('5d9e3dfa-33c0-11ea-aec2-2e728ce88125','K222222','Kardus 22 x 22 x 22 Sedang',1,1,NULL,'4e8b0f0e-e718-4150-a7fb-9dd619e413c1',100.00,1500.00,2000.00,'2b643e21-a94c-4713-93f1-f1cbde6ad633',0,1,'eko',NULL,'2020-05-16 07:11:18','2020-05-16 07:11:18'),('5d9e4160-33c0-11ea-aec2-2e728ce88125','K603925','Kardus 60 x 39 x 25 Besar',1,1,NULL,'4e8b0f0e-e718-4150-a7fb-9dd619e413c1',100.00,1500.00,2000.00,'2b643e21-a94c-4713-93f1-f1cbde6ad633',0,1,'eko',NULL,'2020-05-16 07:11:18','2020-05-16 07:11:18'),('5d9e42c8-33c0-11ea-aec2-2e728ce88125','KP701','Karet Pad 850-70 110mm (Mesin Manual)',1,1,NULL,'4e8b0f0e-e718-4150-a7fb-9dd619e413c1',100.00,1500.00,2000.00,'2b643e21-a94c-4713-93f1-f1cbde6ad633',0,1,'eko',NULL,'2020-05-16 07:11:18','2020-05-16 07:11:18'),('5d9e444e-33c0-11ea-aec2-2e728ce88125','KP751','Karet Pad 850-75 110mm (Mesin Manual)',1,1,NULL,'4e8b0f0e-e718-4150-a7fb-9dd619e413c1',100.00,1500.00,2000.00,'2b643e21-a94c-4713-93f1-f1cbde6ad633',0,1,'eko',NULL,'2020-05-16 07:11:18','2020-05-16 07:11:18'),('5d9e4598-33c0-11ea-aec2-2e728ce88125','KP801','Karet Pad 850-80 110mm (Mesin Manual)',1,1,NULL,'4e8b0f0e-e718-4150-a7fb-9dd619e413c1',100.00,1500.00,2000.00,'2b643e21-a94c-4713-93f1-f1cbde6ad633',0,1,'eko',NULL,'2020-05-16 07:11:18','2020-05-16 07:11:18'),('5d9e46d8-33c0-11ea-aec2-2e728ce88125','KP901','Karet Pad 850-90 110mm (Mesin Manual)',1,1,NULL,'4e8b0f0e-e718-4150-a7fb-9dd619e413c1',100.00,1500.00,2000.00,'2b643e21-a94c-4713-93f1-f1cbde6ad633',0,1,'eko',NULL,'2020-05-16 07:11:18','2020-05-16 07:11:18'),('5d9e4a16-33c0-11ea-aec2-2e728ce88125','KPD9','Karet Pad D-9 Khu (Mesin Manual)',1,1,NULL,'4e8b0f0e-e718-4150-a7fb-9dd619e413c1',100.00,1500.00,2000.00,'2b643e21-a94c-4713-93f1-f1cbde6ad633',0,1,'eko',NULL,'2020-05-16 07:11:18','2020-05-16 07:11:18'),('5d9e4b56-33c0-11ea-aec2-2e728ce88125','KPP70','Karet Pad PR5X-500-70',1,1,NULL,'4e8b0f0e-e718-4150-a7fb-9dd619e413c1',100.00,1500.00,2000.00,'2b643e21-a94c-4713-93f1-f1cbde6ad633',0,1,'eko',NULL,'2020-05-16 07:11:18','2020-05-16 07:11:18'),('5d9e4c96-33c0-11ea-aec2-2e728ce88125','KPP75','Karet Pad PR5X-500-75',1,1,NULL,'4e8b0f0e-e718-4150-a7fb-9dd619e413c1',100.00,1500.00,2000.00,'2b643e21-a94c-4713-93f1-f1cbde6ad633',0,1,'eko',NULL,'2020-05-16 07:11:18','2020-05-16 07:11:18'),('5d9e4dcc-33c0-11ea-aec2-2e728ce88125','KPP80','Karet Pad PR5X-500-80',1,1,NULL,'4e8b0f0e-e718-4150-a7fb-9dd619e413c1',100.00,1500.00,2000.00,'2b643e21-a94c-4713-93f1-f1cbde6ad633',0,1,'eko',NULL,'2020-05-16 07:11:18','2020-05-16 07:11:18'),('5d9e4f02-33c0-11ea-aec2-2e728ce88125','KPP90','Karet Pad PR5X-500-90 (Mesin Mekanika)',1,1,NULL,'4e8b0f0e-e718-4150-a7fb-9dd619e413c1',100.00,1500.00,2000.00,'2b643e21-a94c-4713-93f1-f1cbde6ad633',0,1,'eko',NULL,'2020-05-16 07:11:18','2020-05-16 07:11:18'),('5d9e5042-33c0-11ea-aec2-2e728ce88125','KPSP','Karet Pad ukuran D,30 SAPO (Mesin Manual)',1,1,NULL,'4e8b0f0e-e718-4150-a7fb-9dd619e413c1',100.00,1500.00,2000.00,'2b643e21-a94c-4713-93f1-f1cbde6ad633',0,1,'eko',NULL,'2020-05-16 07:11:18','2020-05-16 07:11:18'),('5d9e5236-33c0-11ea-aec2-2e728ce88125','KPSM','Karet Pad ukuran D3 SAM (Mesin Manual)',1,1,NULL,'4e8b0f0e-e718-4150-a7fb-9dd619e413c1',100.00,1500.00,2000.00,'2b643e21-a94c-4713-93f1-f1cbde6ad633',0,1,'eko',NULL,'2020-05-16 07:11:18','2020-05-16 07:11:18'),('5d9e5376-33c0-11ea-aec2-2e728ce88125','KPF','Karet Pad ukuran Final 0,5 (Mesin Manual)',1,1,NULL,'4e8b0f0e-e718-4150-a7fb-9dd619e413c1',100.00,1500.00,2000.00,'2b643e21-a94c-4713-93f1-f1cbde6ad633',0,1,'eko',NULL,'2020-05-16 07:11:18','2020-05-16 07:11:18'),('5d9e5650-33c0-11ea-aec2-2e728ce88125','KSTG','Kelvar Scissor (Tang Gunting)',1,1,NULL,'4e8b0f0e-e718-4150-a7fb-9dd619e413c1',100.00,1500.00,2000.00,'2b643e21-a94c-4713-93f1-f1cbde6ad633',0,1,'eko',NULL,'2020-05-16 07:11:18','2020-05-16 07:11:18'),('5d9e57a4-33c0-11ea-aec2-2e728ce88125','KRNLS','Krone LSA',1,1,NULL,'4e8b0f0e-e718-4150-a7fb-9dd619e413c1',100.00,1500.00,2000.00,'2b643e21-a94c-4713-93f1-f1cbde6ad633',0,1,'eko',NULL,'2020-05-16 07:11:18','2020-05-16 07:11:18'),('5d9e5934-33c0-11ea-aec2-2e728ce88125','KWL8','KTB Walmount 8 C',1,1,NULL,'4e8b0f0e-e718-4150-a7fb-9dd619e413c1',100.00,1500.00,2000.00,'2b643e21-a94c-4713-93f1-f1cbde6ad633',0,1,'eko',NULL,'2020-05-16 07:11:18','2020-05-16 07:11:18'),('5d9e5a7e-33c0-11ea-aec2-2e728ce88125','LBAR','Label Barcode',1,1,NULL,'4e8b0f0e-e718-4150-a7fb-9dd619e413c1',100.00,1500.00,2000.00,'2b643e21-a94c-4713-93f1-f1cbde6ad633',0,1,'eko',NULL,'2020-05-16 07:11:18','2020-05-16 07:11:18'),('5d9e5bbe-33c0-11ea-aec2-2e728ce88125','LBRB','Label Barcode Ribbon',1,1,NULL,'4e8b0f0e-e718-4150-a7fb-9dd619e413c1',100.00,1500.00,2000.00,'2b643e21-a94c-4713-93f1-f1cbde6ad633',0,1,'eko',NULL,'2020-05-16 07:11:18','2020-05-16 07:11:18'),('5d9e5cfe-33c0-11ea-aec2-2e728ce88125','LBB','Lakban Bening Besar',1,1,NULL,'4e8b0f0e-e718-4150-a7fb-9dd619e413c1',100.00,1500.00,2000.00,'2b643e21-a94c-4713-93f1-f1cbde6ad633',0,1,'eko',NULL,'2020-05-16 07:11:18','2020-05-16 07:11:18'),('5d9e5f92-33c0-11ea-aec2-2e728ce88125','LBK','Lakban Bening Kecil',1,1,NULL,'4e8b0f0e-e718-4150-a7fb-9dd619e413c1',100.00,1500.00,2000.00,'2b643e21-a94c-4713-93f1-f1cbde6ad633',0,1,'eko',NULL,'2020-05-16 07:11:18','2020-05-16 07:11:18'),('5d9e6604-33c0-11ea-aec2-2e728ce88125','LBS','Lakban Bening Sedang',1,1,NULL,'4e8b0f0e-e718-4150-a7fb-9dd619e413c1',100.00,1500.00,2000.00,'2b643e21-a94c-4713-93f1-f1cbde6ad633',0,1,'eko',NULL,'2020-05-16 07:11:18','2020-05-16 07:11:18'),('5d9e6820-33c0-11ea-aec2-2e728ce88125','LCB','Lakban Coklat Besar',1,1,NULL,'4e8b0f0e-e718-4150-a7fb-9dd619e413c1',100.00,1500.00,2000.00,'2b643e21-a94c-4713-93f1-f1cbde6ad633',0,1,'eko',NULL,'2020-05-16 07:11:18','2020-05-16 07:11:18'),('5d9e6988-33c0-11ea-aec2-2e728ce88125','LFM','Lakban Fragile ( Merah )',1,1,NULL,'4e8b0f0e-e718-4150-a7fb-9dd619e413c1',100.00,1500.00,2000.00,'2b643e21-a94c-4713-93f1-f1cbde6ad633',0,1,'eko',NULL,'2020-05-16 07:11:18','2020-05-16 07:11:18'),('5d9e6abe-33c0-11ea-aec2-2e728ce88125','LIH','Lakban Isolasi Hitam',1,1,NULL,'4e8b0f0e-e718-4150-a7fb-9dd619e413c1',100.00,1500.00,2000.00,'2b643e21-a94c-4713-93f1-f1cbde6ad633',0,1,'eko',NULL,'2020-05-16 07:11:18','2020-05-16 07:11:18'),('5d9e6c08-33c0-11ea-aec2-2e728ce88125','LKK','Lakban Kertas kecil',1,1,NULL,'4e8b0f0e-e718-4150-a7fb-9dd619e413c1',100.00,1500.00,2000.00,'2b643e21-a94c-4713-93f1-f1cbde6ad633',0,1,'eko',NULL,'2020-05-16 07:11:18','2020-05-16 07:11:18'),('5d9e6f32-33c0-11ea-aec2-2e728ce88125','LKS','Lakban Kertas Sedang',1,1,NULL,'4e8b0f0e-e718-4150-a7fb-9dd619e413c1',100.00,1500.00,2000.00,'2b643e21-a94c-4713-93f1-f1cbde6ad633',0,1,'eko',NULL,'2020-05-16 07:11:18','2020-05-16 07:11:18'),('5d9e707c-33c0-11ea-aec2-2e728ce88125','LPS','Lakban Putih Susu',1,1,NULL,'4e8b0f0e-e718-4150-a7fb-9dd619e413c1',100.00,1500.00,2000.00,'2b643e21-a94c-4713-93f1-f1cbde6ad633',0,1,'eko',NULL,'2020-05-16 07:11:18','2020-05-16 07:11:18'),('5d9e71b2-33c0-11ea-aec2-2e728ce88125','LTEST','Lan Tester',1,1,NULL,'4e8b0f0e-e718-4150-a7fb-9dd619e413c1',100.00,1500.00,2000.00,'2b643e21-a94c-4713-93f1-f1cbde6ad633',0,1,'eko',NULL,'2020-05-16 07:11:18','2020-05-16 07:11:18'),('5d9e73ce-33c0-11ea-aec2-2e728ce88125','LEBAB','Lem Epoxy (Lem Bundle) A & B',1,1,NULL,'4e8b0f0e-e718-4150-a7fb-9dd619e413c1',100.00,1500.00,2000.00,'2b643e21-a94c-4713-93f1-f1cbde6ad633',0,1,'eko',NULL,'2020-05-16 07:11:18','2020-05-16 07:11:18'),('5d9e7554-33c0-11ea-aec2-2e728ce88125','LEABK','Lem Epoxy AB ( KIT )',1,1,NULL,'4e8b0f0e-e718-4150-a7fb-9dd619e413c1',100.00,1500.00,2000.00,'2b643e21-a94c-4713-93f1-f1cbde6ad633',0,1,'eko',NULL,'2020-05-16 07:11:18','2020-05-16 07:11:18'),('5d9e76d0-33c0-11ea-aec2-2e728ce88125','LKOD','Lem Korea One Drop',1,1,NULL,'4e8b0f0e-e718-4150-a7fb-9dd619e413c1',100.00,1500.00,2000.00,'2b643e21-a94c-4713-93f1-f1cbde6ad633',0,1,'eko',NULL,'2020-05-16 07:11:18','2020-05-16 07:11:18'),('5d9e781a-33c0-11ea-aec2-2e728ce88125','MNB','Marker Number Bening',1,1,NULL,'4e8b0f0e-e718-4150-a7fb-9dd619e413c1',100.00,1500.00,2000.00,'2b643e21-a94c-4713-93f1-f1cbde6ad633',0,1,'eko',NULL,'2020-05-16 07:11:18','2020-05-16 07:11:18'),('5d9e7afe-33c0-11ea-aec2-2e728ce88125','MNH','Marker Number Hitam',1,1,NULL,'4e8b0f0e-e718-4150-a7fb-9dd619e413c1',100.00,1500.00,2000.00,'2b643e21-a94c-4713-93f1-f1cbde6ad633',0,1,'eko',NULL,'2020-05-16 07:11:18','2020-05-16 07:11:18'),('5d9e7edc-33c0-11ea-aec2-2e728ce88125','MNP2','Marker Number Putih 2mm',1,1,NULL,'4e8b0f0e-e718-4150-a7fb-9dd619e413c1',100.00,1500.00,2000.00,'2b643e21-a94c-4713-93f1-f1cbde6ad633',0,1,'eko',NULL,'2020-05-16 07:11:18','2020-05-16 07:11:18'),('5d9e8152-33c0-11ea-aec2-2e728ce88125','MBNKI','Mata Bor Nankai',1,1,NULL,'4e8b0f0e-e718-4150-a7fb-9dd619e413c1',100.00,1500.00,2000.00,'2b643e21-a94c-4713-93f1-f1cbde6ad633',0,1,'eko',NULL,'2020-05-16 07:11:18','2020-05-16 07:11:18'),('5d9e82ba-33c0-11ea-aec2-2e728ce88125','MC10100A','Media Converter 10/100',1,1,NULL,'4e8b0f0e-e718-4150-a7fb-9dd619e413c1',100.00,1500.00,2000.00,'2b643e21-a94c-4713-93f1-f1cbde6ad633',0,1,'eko',NULL,'2020-05-16 07:11:18','2020-05-16 07:11:18'),('5d9e8404-33c0-11ea-aec2-2e728ce88125','MC10100B','Media Converter 10/100 ( B )',1,1,NULL,'4e8b0f0e-e718-4150-a7fb-9dd619e413c1',100.00,1500.00,2000.00,'2b643e21-a94c-4713-93f1-f1cbde6ad633',0,1,'eko',NULL,'2020-05-16 07:11:18','2020-05-16 07:11:18'),('5d9e8742-33c0-11ea-aec2-2e728ce88125','MC101000','Media converter 10/1000',1,1,NULL,'4e8b0f0e-e718-4150-a7fb-9dd619e413c1',100.00,1500.00,2000.00,'2b643e21-a94c-4713-93f1-f1cbde6ad633',0,1,'eko',NULL,'2020-05-16 07:11:18','2020-05-16 07:11:18'),('5d9e88b4-33c0-11ea-aec2-2e728ce88125','MCP','Mesin Cek Polishing',1,1,NULL,'4e8b0f0e-e718-4150-a7fb-9dd619e413c1',100.00,1500.00,2000.00,'2b643e21-a94c-4713-93f1-f1cbde6ad633',0,1,'eko',NULL,'2020-05-16 07:11:18','2020-05-16 07:11:18'),('5d9e89fe-33c0-11ea-aec2-2e728ce88125','MMAN','Mesin Manual',1,1,NULL,'4e8b0f0e-e718-4150-a7fb-9dd619e413c1',100.00,1500.00,2000.00,'2b643e21-a94c-4713-93f1-f1cbde6ad633',0,1,'eko',NULL,'2020-05-16 07:11:18','2020-05-16 07:11:18'),('5d9e8b34-33c0-11ea-aec2-2e728ce88125','MMEC','Mesin Mechanical',1,1,NULL,'4e8b0f0e-e718-4150-a7fb-9dd619e413c1',100.00,1500.00,2000.00,'2b643e21-a94c-4713-93f1-f1cbde6ad633',0,1,'eko',NULL,'2020-05-16 07:11:18','2020-05-16 07:11:18'),('5d9e8c74-33c0-11ea-aec2-2e728ce88125','MOV','Mesin Oven',1,1,NULL,'4e8b0f0e-e718-4150-a7fb-9dd619e413c1',100.00,1500.00,2000.00,'2b643e21-a94c-4713-93f1-f1cbde6ad633',0,1,'eko',NULL,'2020-05-16 07:11:18','2020-05-16 07:11:18'),('5d9e8daa-33c0-11ea-aec2-2e728ce88125','MPD','Mesin Pemeriksa DB',1,1,NULL,'4e8b0f0e-e718-4150-a7fb-9dd619e413c1',100.00,1500.00,2000.00,'2b643e21-a94c-4713-93f1-f1cbde6ad633',0,1,'eko',NULL,'2020-05-16 07:11:18','2020-05-16 07:11:18'),('5d9e90d4-33c0-11ea-aec2-2e728ce88125','MPR','Mesin Press',1,1,NULL,'4e8b0f0e-e718-4150-a7fb-9dd619e413c1',100.00,1500.00,2000.00,'2b643e21-a94c-4713-93f1-f1cbde6ad633',0,1,'eko',NULL,'2020-05-16 07:11:18','2020-05-16 07:11:18'),('5d9e9246-33c0-11ea-aec2-2e728ce88125','MPN','Mesin Print Number',1,1,NULL,'4e8b0f0e-e718-4150-a7fb-9dd619e413c1',100.00,1500.00,2000.00,'2b643e21-a94c-4713-93f1-f1cbde6ad633',0,1,'eko',NULL,'2020-05-16 07:11:18','2020-05-16 07:11:18'),('5d9e9386-33c0-11ea-aec2-2e728ce88125','MSL','Mesin Suntikan Lem',1,1,NULL,'4e8b0f0e-e718-4150-a7fb-9dd619e413c1',100.00,1500.00,2000.00,'2b643e21-a94c-4713-93f1-f1cbde6ad633',0,1,'eko',NULL,'2020-05-16 07:11:18','2020-05-16 07:11:18'),('5d9e94bc-33c0-11ea-aec2-2e728ce88125','MKP','Minyak Kayu Putih',1,1,NULL,'4e8b0f0e-e718-4150-a7fb-9dd619e413c1',100.00,1500.00,2000.00,'2b643e21-a94c-4713-93f1-f1cbde6ad633',0,1,'eko',NULL,'2020-05-16 07:11:18','2020-05-16 07:11:18'),('5d9e9714-33c0-11ea-aec2-2e728ce88125','MKP','Minyak Kompresor',1,1,NULL,'4e8b0f0e-e718-4150-a7fb-9dd619e413c1',100.00,1500.00,2000.00,'2b643e21-a94c-4713-93f1-f1cbde6ad633',0,1,'eko',NULL,'2020-05-16 07:11:18','2020-05-16 07:11:18'),('5d9e9854-33c0-11ea-aec2-2e728ce88125','OM2DCA12','MM OM2 DUCT CABLE ARMORED 12 Core/GYFA-12OM2/2Tube',1,1,NULL,'4e8b0f0e-e718-4150-a7fb-9dd619e413c1',100.00,1500.00,2000.00,'2b643e21-a94c-4713-93f1-f1cbde6ad633',0,1,'eko',NULL,'2020-05-16 07:11:18','2020-05-16 07:11:18'),('5d9e9994-33c0-11ea-aec2-2e728ce88125','OM2DCA24','MM OM2 DUCT CABLE ARMORED 24 Core/GYFA-24OM2/4Tube',1,1,NULL,'4e8b0f0e-e718-4150-a7fb-9dd619e413c1',100.00,1500.00,2000.00,'2b643e21-a94c-4713-93f1-f1cbde6ad633',0,1,'eko',NULL,'2020-05-16 07:11:18','2020-05-16 07:11:18'),('5d9e9caa-33c0-11ea-aec2-2e728ce88125','OM2DCA48','MM OM2 DUCT CABLE ARMORED 48 Core/GYFA-48OM2/4Tube',1,1,NULL,'4e8b0f0e-e718-4150-a7fb-9dd619e413c1',100.00,1500.00,2000.00,'2b643e21-a94c-4713-93f1-f1cbde6ad633',0,1,'eko',NULL,'2020-05-16 07:11:18','2020-05-16 07:11:18'),('5d9e9e12-33c0-11ea-aec2-2e728ce88125','OM2DCA6','MM OM2 DUCT CABLE ARMORED 6 Core/GYFA-6OM2/1Tube',1,1,NULL,'4e8b0f0e-e718-4150-a7fb-9dd619e413c1',100.00,1500.00,2000.00,'2b643e21-a94c-4713-93f1-f1cbde6ad633',0,1,'eko',NULL,'2020-05-16 07:11:18','2020-05-16 07:11:18'),('5d9e9f66-33c0-11ea-aec2-2e728ce88125','NSFU9','NUT FC (0,9mm)',1,1,NULL,'4e8b0f0e-e718-4150-a7fb-9dd619e413c1',100.00,1500.00,2000.00,'2b643e21-a94c-4713-93f1-f1cbde6ad633',0,1,'eko',NULL,'2020-05-16 07:11:18','2020-05-16 07:11:18'),('5d9ea0a6-33c0-11ea-aec2-2e728ce88125','NSFU23','NUT FC (2,00mm, 3,00mm)',1,1,NULL,'4e8b0f0e-e718-4150-a7fb-9dd619e413c1',100.00,1500.00,2000.00,'2b643e21-a94c-4713-93f1-f1cbde6ad633',0,1,'eko',NULL,'2020-05-16 07:11:18','2020-05-16 07:11:18'),('5d9ea1dc-33c0-11ea-aec2-2e728ce88125','ODC48','ODC 48 Core',1,1,NULL,'4e8b0f0e-e718-4150-a7fb-9dd619e413c1',100.00,1500.00,2000.00,'2b643e21-a94c-4713-93f1-f1cbde6ad633',0,1,'eko',NULL,'2020-05-16 07:11:18','2020-05-16 07:11:18'),('5d9ea312-33c0-11ea-aec2-2e728ce88125','ODCM96','ODC Mini 96C/ODP 96C',1,1,NULL,'4e8b0f0e-e718-4150-a7fb-9dd619e413c1',100.00,1500.00,2000.00,'2b643e21-a94c-4713-93f1-f1cbde6ad633',0,1,'eko',NULL,'2020-05-16 07:11:18','2020-05-16 07:11:18'),('5d9ea5e2-33c0-11ea-aec2-2e728ce88125','ODP12E','ODP 12 Core Kosongan ',1,1,NULL,'4e8b0f0e-e718-4150-a7fb-9dd619e413c1',100.00,1500.00,2000.00,'2b643e21-a94c-4713-93f1-f1cbde6ad633',0,1,'eko',NULL,'2020-05-16 07:11:18','2020-05-16 07:11:18'),('5d9ea754-33c0-11ea-aec2-2e728ce88125','ODP12PO','ODP 12 Core Pole',1,1,NULL,'4e8b0f0e-e718-4150-a7fb-9dd619e413c1',100.00,1500.00,2000.00,'2b643e21-a94c-4713-93f1-f1cbde6ad633',0,1,'eko',NULL,'2020-05-16 07:11:18','2020-05-16 07:11:18'),('5d9ea894-33c0-11ea-aec2-2e728ce88125','ODP12YO','ODP 12 Core YOFC',1,1,NULL,'4e8b0f0e-e718-4150-a7fb-9dd619e413c1',100.00,1500.00,2000.00,'2b643e21-a94c-4713-93f1-f1cbde6ad633',0,1,'eko',NULL,'2020-05-16 07:11:18','2020-05-16 07:11:18'),('5d9ea9d4-33c0-11ea-aec2-2e728ce88125','ODP12YESA','ODP 12 Core YOFC Tanpa Pigtail SC/APC',1,1,NULL,'4e8b0f0e-e718-4150-a7fb-9dd619e413c1',100.00,1500.00,2000.00,'2b643e21-a94c-4713-93f1-f1cbde6ad633',0,1,'eko',NULL,'2020-05-16 07:11:18','2020-05-16 07:11:18'),('5d9eab0a-33c0-11ea-aec2-2e728ce88125','ODP12YECSA','ODP 12 Core YOFC Tanpa Pigtail+Kardus+Kunci SC/APC',1,1,NULL,'4e8b0f0e-e718-4150-a7fb-9dd619e413c1',100.00,1500.00,2000.00,'2b643e21-a94c-4713-93f1-f1cbde6ad633',0,1,'eko',NULL,'2020-05-16 07:11:18','2020-05-16 07:11:18'),('5d9eac40-33c0-11ea-aec2-2e728ce88125','ODP16TI','ODP 16 Core ( TIS )',1,1,NULL,'4e8b0f0e-e718-4150-a7fb-9dd619e413c1',100.00,1500.00,2000.00,'2b643e21-a94c-4713-93f1-f1cbde6ad633',0,1,'eko',NULL,'2020-05-16 07:11:18','2020-05-16 07:11:18'),('5d9eaefc-33c0-11ea-aec2-2e728ce88125','ODP16PO','ODP 16 Core (Polos)',1,1,NULL,'4e8b0f0e-e718-4150-a7fb-9dd619e413c1',100.00,1500.00,2000.00,'2b643e21-a94c-4713-93f1-f1cbde6ad633',0,1,'eko',NULL,'2020-05-16 07:11:18','2020-05-16 07:11:18'),('5d9eb0a0-33c0-11ea-aec2-2e728ce88125','ODP16SS','ODP 16 Core (Sunsea)',1,1,NULL,'4e8b0f0e-e718-4150-a7fb-9dd619e413c1',100.00,1500.00,2000.00,'2b643e21-a94c-4713-93f1-f1cbde6ad633',0,1,'eko',NULL,'2020-05-16 07:11:18','2020-05-16 07:11:18'),('5d9eb1f4-33c0-11ea-aec2-2e728ce88125','ODP16CHB','ODP 16 Core CA (Huawei) Black',1,1,NULL,'4e8b0f0e-e718-4150-a7fb-9dd619e413c1',100.00,1500.00,2000.00,'2b643e21-a94c-4713-93f1-f1cbde6ad633',0,1,'eko',NULL,'2020-05-16 07:11:18','2020-05-16 07:11:18'),('5d9eb32a-33c0-11ea-aec2-2e728ce88125','ODP24NTK','ODP 24 Core ( No Brand ) Tanpa Kunci',1,1,NULL,'4e8b0f0e-e718-4150-a7fb-9dd619e413c1',100.00,1500.00,2000.00,'2b643e21-a94c-4713-93f1-f1cbde6ad633',0,1,'eko',NULL,'2020-05-16 07:11:18','2020-05-16 07:11:18'),('5d9eb46a-33c0-11ea-aec2-2e728ce88125','ODP24SA','ODP 24 Core SC/APC',1,1,NULL,'4e8b0f0e-e718-4150-a7fb-9dd619e413c1',100.00,1500.00,2000.00,'2b643e21-a94c-4713-93f1-f1cbde6ad633',0,1,'eko',NULL,'2020-05-16 07:11:18','2020-05-16 07:11:18'),('5d9eb636-33c0-11ea-aec2-2e728ce88125','ODP24YTSU','ODP 24 Core YOFC Tanpa Kardus SC/UPC',1,1,NULL,'4e8b0f0e-e718-4150-a7fb-9dd619e413c1',100.00,1500.00,2000.00,'2b643e21-a94c-4713-93f1-f1cbde6ad633',0,1,'eko',NULL,'2020-05-16 07:11:18','2020-05-16 07:11:18'),('5d9eb794-33c0-11ea-aec2-2e728ce88125','ODP24YESU','ODP 24 Core YOFC Tanpa Kunci+Kardus SC/UPC',1,1,NULL,'4e8b0f0e-e718-4150-a7fb-9dd619e413c1',100.00,1500.00,2000.00,'2b643e21-a94c-4713-93f1-f1cbde6ad633',0,1,'eko',NULL,'2020-05-16 07:11:18','2020-05-16 07:11:18'),('5d9ebaaa-33c0-11ea-aec2-2e728ce88125','ODP24YTPSU','ODP 24 Core YOFC Tanpa Pigtail SC/UPC ',1,1,NULL,'4e8b0f0e-e718-4150-a7fb-9dd619e413c1',100.00,1500.00,2000.00,'2b643e21-a94c-4713-93f1-f1cbde6ad633',0,1,'eko',NULL,'2020-05-16 07:11:18','2020-05-16 07:11:18'),('5d9ebc08-33c0-11ea-aec2-2e728ce88125','ODPS8CS18A','ODP Solid 8 Core + Splitter 1:8 SC/UPC Auto Shutter',1,1,NULL,'4e8b0f0e-e718-4150-a7fb-9dd619e413c1',100.00,1500.00,2000.00,'2b643e21-a94c-4713-93f1-f1cbde6ad633',0,1,'eko',NULL,'2020-05-16 07:11:18','2020-05-16 07:11:18'),('5d9ebd3e-33c0-11ea-aec2-2e728ce88125','ODPD12SU','ODP/FAT 12 Core SC/UPC ',1,1,NULL,'4e8b0f0e-e718-4150-a7fb-9dd619e413c1',100.00,1500.00,2000.00,'2b643e21-a94c-4713-93f1-f1cbde6ad633',0,1,'eko',NULL,'2020-05-16 07:11:18','2020-05-16 07:11:18'),('5d9ebe7e-33c0-11ea-aec2-2e728ce88125','OLSJ4','OLS J4',1,1,NULL,'4e8b0f0e-e718-4150-a7fb-9dd619e413c1',100.00,1500.00,2000.00,'2b643e21-a94c-4713-93f1-f1cbde6ad633',0,1,'eko',NULL,'2020-05-16 07:11:18','2020-05-16 07:11:18'),('5d9ebfb4-33c0-11ea-aec2-2e728ce88125','ONTZV3','ONT ZTE Versi 3',1,1,NULL,'4e8b0f0e-e718-4150-a7fb-9dd619e413c1',100.00,1500.00,2000.00,'2b643e21-a94c-4713-93f1-f1cbde6ad633',0,1,'eko',NULL,'2020-05-16 07:11:18','2020-05-16 07:11:18'),('5d9ec0f4-33c0-11ea-aec2-2e728ce88125','FC8090','Optical Light Source (OLS) JW',1,1,NULL,'4e8b0f0e-e718-4150-a7fb-9dd619e413c1',100.00,1500.00,2000.00,'2b643e21-a94c-4713-93f1-f1cbde6ad633',0,1,'eko',NULL,'2020-05-16 07:11:18','2020-05-16 07:11:18'),('5d9ec3ba-33c0-11ea-aec2-2e728ce88125','OPAM','Optical Power Meter (AMG)',1,1,NULL,'4e8b0f0e-e718-4150-a7fb-9dd619e413c1',100.00,1500.00,2000.00,'2b643e21-a94c-4713-93f1-f1cbde6ad633',0,1,'eko',NULL,'2020-05-16 07:11:18','2020-05-16 07:11:18'),('5d9ec7ca-33c0-11ea-aec2-2e728ce88125','OPNB','Optical Power Meter (No Brand)',1,1,NULL,'4e8b0f0e-e718-4150-a7fb-9dd619e413c1',100.00,1500.00,2000.00,'2b643e21-a94c-4713-93f1-f1cbde6ad633',0,1,'eko',NULL,'2020-05-16 07:11:18','2020-05-16 07:11:18'),('5d9ec950-33c0-11ea-aec2-2e728ce88125','OPJW','Optical Power Meter JoinWitt',1,1,NULL,'4e8b0f0e-e718-4150-a7fb-9dd619e413c1',100.00,1500.00,2000.00,'2b643e21-a94c-4713-93f1-f1cbde6ad633',0,1,'eko',NULL,'2020-05-16 07:11:18','2020-05-16 07:11:18'),('5d9ecaa4-33c0-11ea-aec2-2e728ce88125','OT24SB','OTB 24 Core SC (Hitam)',1,1,NULL,'4e8b0f0e-e718-4150-a7fb-9dd619e413c1',100.00,1500.00,2000.00,'2b643e21-a94c-4713-93f1-f1cbde6ad633',0,1,'eko',NULL,'2020-05-16 07:11:18','2020-05-16 07:11:18'),('5d9ecbe4-33c0-11ea-aec2-2e728ce88125','OT24SC','OTB 24 Core SC (Krim)',1,1,NULL,'4e8b0f0e-e718-4150-a7fb-9dd619e413c1',100.00,1500.00,2000.00,'2b643e21-a94c-4713-93f1-f1cbde6ad633',0,1,'eko',NULL,'2020-05-16 07:11:18','2020-05-16 07:11:18'),('5d9ecd1a-33c0-11ea-aec2-2e728ce88125','OT24SN','OTB 24 Core SC/APC (No Brand)',1,1,NULL,'4e8b0f0e-e718-4150-a7fb-9dd619e413c1',100.00,1500.00,2000.00,'2b643e21-a94c-4713-93f1-f1cbde6ad633',0,1,'eko',NULL,'2020-05-16 07:11:18','2020-05-16 07:11:18'),('5d9ece50-33c0-11ea-aec2-2e728ce88125','OT48SN','OTB 48 Core SC/APC (No Brand)',1,1,NULL,'4e8b0f0e-e718-4150-a7fb-9dd619e413c1',100.00,1500.00,2000.00,'2b643e21-a94c-4713-93f1-f1cbde6ad633',0,1,'eko',NULL,'2020-05-16 07:11:18','2020-05-16 07:11:18'),('5d9ed134-33c0-11ea-aec2-2e728ce88125','OT48SNE','OTB 48 Core SC/APC (No Brand) Kunci Rusak',1,1,NULL,'4e8b0f0e-e718-4150-a7fb-9dd619e413c1',100.00,1500.00,2000.00,'2b643e21-a94c-4713-93f1-f1cbde6ad633',0,1,'eko',NULL,'2020-05-16 07:11:18','2020-05-16 07:11:18'),('5d9ed27e-33c0-11ea-aec2-2e728ce88125','OTR12SPZ','OTB RACK 12 Core SC/UPC Tanpa Pigtail ( PAZ )',1,1,NULL,'4e8b0f0e-e718-4150-a7fb-9dd619e413c1',100.00,1500.00,2000.00,'2b643e21-a94c-4713-93f1-f1cbde6ad633',0,1,'eko',NULL,'2020-05-16 07:11:18','2020-05-16 07:11:18'),('5d9ed3be-33c0-11ea-aec2-2e728ce88125','OTR24SPZ','OTB RACK 24 Core SC/UPC Tanpa Pigtail ( PAZ )',6,1,NULL,'4e8b0f0e-e718-4150-a7fb-9dd619e413c1',100.00,1500.00,2000.00,'2b643e21-a94c-4713-93f1-f1cbde6ad633',0,1,'eko',NULL,'2020-05-16 07:11:18','2020-05-16 07:11:18'),('5d9ed4f4-33c0-11ea-aec2-2e728ce88125','OTR48SPZ','OTB RACK 48 Core SC/UPC Tanpa Pigtail ( PAZ )',6,1,NULL,'4e8b0f0e-e718-4150-a7fb-9dd619e413c1',100.00,1500.00,2000.00,'2b643e21-a94c-4713-93f1-f1cbde6ad633',0,1,'eko',NULL,'2020-05-16 07:11:18','2020-05-16 07:11:18'),('5d9ed666-33c0-11ea-aec2-2e728ce88125','OTRSP132S','OTB Rack Splitter PLC 1:32 SC/APC',6,1,NULL,'4e8b0f0e-e718-4150-a7fb-9dd619e413c1',100.00,1500.00,2000.00,'2b643e21-a94c-4713-93f1-f1cbde6ad633',0,1,'eko',NULL,'2020-05-16 07:11:18','2020-05-16 07:11:18'),('5d9ed7d8-33c0-11ea-aec2-2e728ce88125','PTON','Paku beton',6,1,NULL,'4e8b0f0e-e718-4150-a7fb-9dd619e413c1',100.00,1500.00,2000.00,'2b643e21-a94c-4713-93f1-f1cbde6ad633',0,1,'eko',NULL,'2020-05-16 07:11:18','2020-05-16 07:11:18'),('5d9edb0c-33c0-11ea-aec2-2e728ce88125','PBUS','Paladin Buffer Stripper',6,1,NULL,'4e8b0f0e-e718-4150-a7fb-9dd619e413c1',100.00,1500.00,2000.00,'2b643e21-a94c-4713-93f1-f1cbde6ad633',0,1,'eko',NULL,'2020-05-16 07:11:18','2020-05-16 07:11:18'),('5d9edd00-33c0-11ea-aec2-2e728ce88125','PKCA','Palu Kecil ( CAB )',6,1,NULL,'4e8b0f0e-e718-4150-a7fb-9dd619e413c1',100.00,1500.00,2000.00,'2b643e21-a94c-4713-93f1-f1cbde6ad633',0,1,'eko',NULL,'2020-05-16 07:11:18','2020-05-16 07:11:18'),('5d9ede5e-33c0-11ea-aec2-2e728ce88125','PAN','Pantong',6,1,NULL,'4e8b0f0e-e718-4150-a7fb-9dd619e413c1',100.00,1500.00,2000.00,'2b643e21-a94c-4713-93f1-f1cbde6ad633',0,1,'eko',NULL,'2020-05-16 07:11:18','2020-05-16 07:11:18'),('5d9edfa8-33c0-11ea-aec2-2e728ce88125','PMDOD01','Patchcord MM DX Out Door LC/UPC-LC/UPC 10m Heat Shrink Kuning',6,1,NULL,'4e8b0f0e-e718-4150-a7fb-9dd619e413c1',100.00,1500.00,2000.00,'2b643e21-a94c-4713-93f1-f1cbde6ad633',1,1,'eko',NULL,'2020-05-16 07:11:18','2020-05-16 07:11:18'),('5d9ee142-33c0-11ea-aec2-2e728ce88125','PMDOD02','Patchcord MM DX Out Door SC/UPC-LC/UPC 10m Heat Shrink Kuning',6,1,NULL,'4e8b0f0e-e718-4150-a7fb-9dd619e413c1',100.00,1500.00,2000.00,'2b643e21-a94c-4713-93f1-f1cbde6ad633',1,1,'eko',NULL,'2020-05-16 07:11:18','2020-05-16 07:11:18'),('5d9ee282-33c0-11ea-aec2-2e728ce88125','PMDOD03','Patchcord MM DX Out Door SC/UPC-LC/UPC 5m Heat Shrink Hitam PAZ',6,1,NULL,'4e8b0f0e-e718-4150-a7fb-9dd619e413c1',100.00,1500.00,2000.00,'2b643e21-a94c-4713-93f1-f1cbde6ad633',1,1,'eko',NULL,'2020-05-16 07:11:18','2020-05-16 07:11:18'),('5d9ee3c2-33c0-11ea-aec2-2e728ce88125','PMDOD04','Patchcord MM DX Out Door SC/UPC-SC/UPC 5m Heat Shrink Hitam',6,1,NULL,'4e8b0f0e-e718-4150-a7fb-9dd619e413c1',100.00,1500.00,2000.00,'2b643e21-a94c-4713-93f1-f1cbde6ad633',1,1,'eko',NULL,'2020-05-16 07:11:18','2020-05-16 07:11:18'),('5d9ee6ba-33c0-11ea-aec2-2e728ce88125','PMDOD05','Patchcord MM DX Out Door SC/UPC-SC/UPC 5m Heat Shrink Kuning',1,1,NULL,'4e8b0f0e-e718-4150-a7fb-9dd619e413c1',100.00,1500.00,2000.00,'2b643e21-a94c-4713-93f1-f1cbde6ad633',1,1,'eko',NULL,'2020-05-16 07:11:18','2020-05-16 07:11:18'),('5d9ee80e-33c0-11ea-aec2-2e728ce88125','PMO1D201','Patchcord MM OM1 DX (2,0mm) LC/PC-LC/PC 3m ',1,1,NULL,'4e8b0f0e-e718-4150-a7fb-9dd619e413c1',100.00,1500.00,2000.00,'2b643e21-a94c-4713-93f1-f1cbde6ad633',1,1,'eko',NULL,'2020-05-16 07:11:18','2020-05-16 07:11:18'),('5d9ee94e-33c0-11ea-aec2-2e728ce88125','PMO1D301','Patchcord MM OM1 DX (3,0mm) SC/PC-ST/PC 3m',1,1,NULL,'4e8b0f0e-e718-4150-a7fb-9dd619e413c1',100.00,1500.00,2000.00,'2b643e21-a94c-4713-93f1-f1cbde6ad633',1,1,'eko','Dimas','2020-05-16 07:11:18','2020-05-18 02:58:21'),('5d9eea84-33c0-11ea-aec2-2e728ce88125','PMO1S201','Patchcord MM OM1 SX (2,0mm) FC/UPC-LC/UPC 10m',1,1,NULL,'4e8b0f0e-e718-4150-a7fb-9dd619e413c1',100.00,1500.00,2000.00,'2b643e21-a94c-4713-93f1-f1cbde6ad633',1,1,'eko',NULL,'2020-05-16 07:11:18','2020-05-16 07:11:18'),('5d9eebc4-33c0-11ea-aec2-2e728ce88125','PMO1S202','Patchcord MM OM1 SX (2,0mm) FC/UPC-LC/UPC 15m',1,1,NULL,'4e8b0f0e-e718-4150-a7fb-9dd619e413c1',100.00,1500.00,2000.00,'2b643e21-a94c-4713-93f1-f1cbde6ad633',1,1,'eko',NULL,'2020-05-16 07:11:18','2020-05-16 07:11:18'),('5d9eecfa-33c0-11ea-aec2-2e728ce88125','PMO1S203','Patchcord MM OM1 SX (2,0mm) FC/UPC-LC/UPC 20m',1,1,NULL,'4e8b0f0e-e718-4150-a7fb-9dd619e413c1',100.00,1500.00,2000.00,'2b643e21-a94c-4713-93f1-f1cbde6ad633',1,1,'eko',NULL,'2020-05-16 07:11:18','2020-05-16 07:11:18'),('5d9ef056-33c0-11ea-aec2-2e728ce88125','PMO1S204','Patchcord MM OM1 SX (2,0mm) FC/UPC-LC/UPC 30m',1,1,NULL,'4e8b0f0e-e718-4150-a7fb-9dd619e413c1',100.00,1500.00,2000.00,'2b643e21-a94c-4713-93f1-f1cbde6ad633',1,1,'eko',NULL,'2020-05-16 07:11:18','2020-05-16 07:11:18'),('5d9ef1c8-33c0-11ea-aec2-2e728ce88125','PMO1S205','Patchcord MM OM1 SX (2,0mm) FC/UPC-LC/UPC 40m ',1,1,NULL,'4e8b0f0e-e718-4150-a7fb-9dd619e413c1',100.00,1500.00,2000.00,'2b643e21-a94c-4713-93f1-f1cbde6ad633',1,1,'eko',NULL,'2020-05-16 07:11:18','2020-05-16 07:11:18'),('5d9ef312-33c0-11ea-aec2-2e728ce88125','PMO1S206','Patchcord MM OM1 SX (2,0mm) LC/UPC-LC/UPC 10m ',1,1,NULL,'4e8b0f0e-e718-4150-a7fb-9dd619e413c1',100.00,1500.00,2000.00,'2b643e21-a94c-4713-93f1-f1cbde6ad633',1,1,'eko',NULL,'2020-05-16 07:11:18','2020-05-16 07:11:18'),('5d9ef448-33c0-11ea-aec2-2e728ce88125','PMO1S207','Patchcord MM OM1 SX (2,0mm) LC/UPC-LC/UPC 15m',1,1,NULL,'4e8b0f0e-e718-4150-a7fb-9dd619e413c1',100.00,1500.00,2000.00,'2b643e21-a94c-4713-93f1-f1cbde6ad633',1,1,'eko',NULL,'2020-05-16 07:11:18','2020-05-16 07:11:18'),('5d9ef57e-33c0-11ea-aec2-2e728ce88125','PMO1S208','Patchcord MM OM1 SX (2,0mm) LC/UPC-LC/UPC 20m',1,1,NULL,'4e8b0f0e-e718-4150-a7fb-9dd619e413c1',100.00,1500.00,2000.00,'2b643e21-a94c-4713-93f1-f1cbde6ad633',1,1,'eko',NULL,'2020-05-16 07:11:18','2020-05-16 07:11:18'),('5d9ef6be-33c0-11ea-aec2-2e728ce88125','PMO1S209','Patchcord MM OM1 SX (2,0mm) LC/UPC-LC/UPC 25m ',1,1,NULL,'4e8b0f0e-e718-4150-a7fb-9dd619e413c1',100.00,1500.00,2000.00,'2b643e21-a94c-4713-93f1-f1cbde6ad633',1,1,'eko',NULL,'2020-05-16 07:11:18','2020-05-16 07:11:18'),('5d9ef7f4-33c0-11ea-aec2-2e728ce88125','PMO1S210','Patchcord MM OM1 SX (2,0mm) LC/UPC-LC/UPC 30m',1,1,NULL,'4e8b0f0e-e718-4150-a7fb-9dd619e413c1',100.00,1500.00,2000.00,'2b643e21-a94c-4713-93f1-f1cbde6ad633',1,1,'eko',NULL,'2020-05-16 07:11:18','2020-05-16 07:11:18'),('5d9efc36-33c0-11ea-aec2-2e728ce88125','PMO1S211','Patchcord MM OM1 SX (2,0mm) LC/UPC-LC/UPC 3m',1,1,NULL,'4e8b0f0e-e718-4150-a7fb-9dd619e413c1',100.00,1500.00,2000.00,'2b643e21-a94c-4713-93f1-f1cbde6ad633',1,1,'eko',NULL,'2020-05-16 07:11:18','2020-05-16 07:11:18'),('5d9efe70-33c0-11ea-aec2-2e728ce88125','PMO1S212','Patchcord MM OM1 SX (2,0mm) LC/UPC-LC/UPC 5m',1,1,NULL,'4e8b0f0e-e718-4150-a7fb-9dd619e413c1',100.00,1500.00,2000.00,'2b643e21-a94c-4713-93f1-f1cbde6ad633',1,1,'eko',NULL,'2020-05-16 07:11:18','2020-05-16 07:11:18'),('5d9f000a-33c0-11ea-aec2-2e728ce88125','PMO1S213','Patchcord MM OM1 SX (2,0mm) LC/UPC-LC/UPC 60m',1,1,NULL,'4e8b0f0e-e718-4150-a7fb-9dd619e413c1',100.00,1500.00,2000.00,'2b643e21-a94c-4713-93f1-f1cbde6ad633',1,1,'eko',NULL,'2020-05-16 07:11:18','2020-05-16 07:11:18'),('5d9f014a-33c0-11ea-aec2-2e728ce88125','PMO1S214','Patchcord MM OM1 SX (2,0mm) SC/UPC-LC/UPC 10m',1,1,NULL,'4e8b0f0e-e718-4150-a7fb-9dd619e413c1',100.00,1500.00,2000.00,'2b643e21-a94c-4713-93f1-f1cbde6ad633',1,1,'eko',NULL,'2020-05-16 07:11:18','2020-05-16 07:11:18'),('5d9f0280-33c0-11ea-aec2-2e728ce88125','PMO1S215','Patchcord MM OM1 SX (2,0mm) SC/UPC-LC/UPC 20m',1,1,NULL,'4e8b0f0e-e718-4150-a7fb-9dd619e413c1',100.00,1500.00,2000.00,'2b643e21-a94c-4713-93f1-f1cbde6ad633',1,1,'eko',NULL,'2020-05-16 07:11:18','2020-05-16 07:11:18'),('5d9f0442-33c0-11ea-aec2-2e728ce88125','PMO1S216','Patchcord MM OM1 SX (2,0mm) SC/UPC-LC/UPC 50m',1,1,NULL,'4e8b0f0e-e718-4150-a7fb-9dd619e413c1',100.00,1500.00,2000.00,'2b643e21-a94c-4713-93f1-f1cbde6ad633',1,1,'eko',NULL,'2020-05-16 07:11:18','2020-05-16 07:11:18'),('5d9f0712-33c0-11ea-aec2-2e728ce88125','PMO1S217','Patchcord MM OM1 SX (2,0mm) SC/UPC-SC/UPC 1m',1,1,NULL,'4e8b0f0e-e718-4150-a7fb-9dd619e413c1',100.00,1500.00,2000.00,'2b643e21-a94c-4713-93f1-f1cbde6ad633',1,1,'eko',NULL,'2020-05-16 07:11:18','2020-05-16 07:11:18'),('5d9f0866-33c0-11ea-aec2-2e728ce88125','PMO1S218','Patchcord MM OM1 SX (2,0mm) ST/UPC-ST/UPC 10m',1,1,NULL,'4e8b0f0e-e718-4150-a7fb-9dd619e413c1',100.00,1500.00,2000.00,'2b643e21-a94c-4713-93f1-f1cbde6ad633',1,1,'eko',NULL,'2020-05-16 07:11:18','2020-05-16 07:11:18'),('5d9f09b0-33c0-11ea-aec2-2e728ce88125','PMO1S301','Patchcord MM OM1 SX (3,0mm) LC/UPC-LC/UPC 50m',1,1,NULL,'4e8b0f0e-e718-4150-a7fb-9dd619e413c1',100.00,1500.00,2000.00,'2b643e21-a94c-4713-93f1-f1cbde6ad633',1,1,'eko',NULL,'2020-05-16 07:11:18','2020-05-16 07:11:18'),('5d9f0ae6-33c0-11ea-aec2-2e728ce88125','PMO2D201','Patchcord MM OM2 DX (2,0mm) FC/PC-LC/PC 15m',1,1,NULL,'4e8b0f0e-e718-4150-a7fb-9dd619e413c1',100.00,1500.00,2000.00,'2b643e21-a94c-4713-93f1-f1cbde6ad633',1,1,'eko',NULL,'2020-05-16 07:11:18','2020-05-16 07:11:18'),('5d9f0c1c-33c0-11ea-aec2-2e728ce88125','PMO2D202','Patchcord MM OM2 DX (2,0mm) LC/PC-LC/PC 10m ',1,1,NULL,'4e8b0f0e-e718-4150-a7fb-9dd619e413c1',100.00,1500.00,2000.00,'2b643e21-a94c-4713-93f1-f1cbde6ad633',1,1,'eko',NULL,'2020-05-16 07:11:18','2020-05-16 07:11:18'),('5d9f0d52-33c0-11ea-aec2-2e728ce88125','PMO2D203','Patchcord MM OM2 DX (2,0mm) LC/PC-LC/PC 2m',1,2,NULL,'4e8b0f0e-e718-4150-a7fb-9dd619e413c1',100.00,1500.00,2000.00,'2b643e21-a94c-4713-93f1-f1cbde6ad633',1,1,'eko',NULL,'2020-05-16 07:11:18','2020-05-16 07:11:18'),('5d9f1040-33c0-11ea-aec2-2e728ce88125','PMO2D204','Patchcord MM OM2 DX (2,0mm) LC/PC-LC/PC 30m',1,2,NULL,'4e8b0f0e-e718-4150-a7fb-9dd619e413c1',100.00,1500.00,2000.00,'2b643e21-a94c-4713-93f1-f1cbde6ad633',1,1,'eko',NULL,'2020-05-16 07:11:18','2020-05-16 07:11:18'),('5d9f11b2-33c0-11ea-aec2-2e728ce88125','PMO2D205','Patchcord MM OM2 DX (2,0mm) SC/PC-LC/PC 15m',1,2,NULL,'4e8b0f0e-e718-4150-a7fb-9dd619e413c1',100.00,1500.00,2000.00,'2b643e21-a94c-4713-93f1-f1cbde6ad633',1,1,'eko',NULL,'2020-05-16 07:11:18','2020-05-16 07:11:18'),('5d9f12fc-33c0-11ea-aec2-2e728ce88125','PMO2D206','Patchcord MM OM2 DX (2,0mm) SC/PC-LC/PC 1m',1,2,NULL,'4e8b0f0e-e718-4150-a7fb-9dd619e413c1',100.00,1500.00,2000.00,'2b643e21-a94c-4713-93f1-f1cbde6ad633',1,1,'eko',NULL,'2020-05-16 07:11:18','2020-05-16 07:11:18'),('5d9f1432-33c0-11ea-aec2-2e728ce88125','PMO2D207','Patchcord MM OM2 DX (2,0mm) SC/PC-SC/PC 1m',1,2,NULL,'4e8b0f0e-e718-4150-a7fb-9dd619e413c1',100.00,1500.00,2000.00,'2b643e21-a94c-4713-93f1-f1cbde6ad633',1,1,'eko',NULL,'2020-05-16 07:11:18','2020-05-16 07:11:18'),('5d9f1568-33c0-11ea-aec2-2e728ce88125','PMO2D208','Patchcord MM OM2 DX (2,0mm) SC/PC-SC/PC 2m',1,2,NULL,'4e8b0f0e-e718-4150-a7fb-9dd619e413c1',100.00,1500.00,2000.00,'2b643e21-a94c-4713-93f1-f1cbde6ad633',1,1,'eko',NULL,'2020-05-16 07:11:18','2020-05-16 07:11:18'),('5d9f16a8-33c0-11ea-aec2-2e728ce88125','PMO2D209','Patchcord MM OM2 DX (2,0mm) SC/UPC-LC/UPC 2m',1,2,NULL,'4e8b0f0e-e718-4150-a7fb-9dd619e413c1',100.00,1500.00,2000.00,'2b643e21-a94c-4713-93f1-f1cbde6ad633',1,1,'eko',NULL,'2020-05-16 07:11:18','2020-05-16 07:11:18'),('5d9f1950-33c0-11ea-aec2-2e728ce88125','PMO2D301','Patchcord MM OM2 DX (3,0mm) ST/UPC-LC/UPC 1m',1,2,NULL,'4e8b0f0e-e718-4150-a7fb-9dd619e413c1',100.00,1500.00,2000.00,'2b643e21-a94c-4713-93f1-f1cbde6ad633',1,1,'eko',NULL,'2020-05-16 07:11:18','2020-05-16 07:11:18'),('5d9f1aae-33c0-11ea-aec2-2e728ce88125','PMO2D302','Patchcord MM OM2 DX (3,0mm) ST/UPC-ST/UPC 5m',1,2,NULL,'4e8b0f0e-e718-4150-a7fb-9dd619e413c1',100.00,1500.00,2000.00,'2b643e21-a94c-4713-93f1-f1cbde6ad633',1,1,'eko',NULL,'2020-05-16 07:11:18','2020-05-16 07:11:18'),('5d9f1bee-33c0-11ea-aec2-2e728ce88125','PMO2S201','Patchcord MM OM2 SX (2,0mm) SC/UPC-SC/UPC 2m',1,1,NULL,'4e8b0f0e-e718-4150-a7fb-9dd619e413c1',100.00,1500.00,2000.00,'2b643e21-a94c-4713-93f1-f1cbde6ad633',1,1,'eko',NULL,'2020-05-16 07:11:18','2020-05-16 07:11:18'),('5d9f1d24-33c0-11ea-aec2-2e728ce88125','PMO2S301','Patchcord MM OM2 SX (3,0mm) SC/UPC-SC/UPC 3m',1,1,NULL,'4e8b0f0e-e718-4150-a7fb-9dd619e413c1',100.00,1500.00,2000.00,'2b643e21-a94c-4713-93f1-f1cbde6ad633',1,1,'eko',NULL,'2020-05-16 07:11:18','2020-05-16 07:11:18'),('5d9f1e64-33c0-11ea-aec2-2e728ce88125','PMO3D201','Patchcord MM OM3 DX (2,0mm) LC/PC-LC/PC 100m',1,1,NULL,'4e8b0f0e-e718-4150-a7fb-9dd619e413c1',100.00,1500.00,2000.00,'2b643e21-a94c-4713-93f1-f1cbde6ad633',1,1,'eko',NULL,'2020-05-16 07:11:18','2020-05-16 07:11:18'),('5d9f1f9a-33c0-11ea-aec2-2e728ce88125','PMO3D202','Patchcord MM OM3 DX (2,0mm) LC/PC-LC/PC 10m',1,1,NULL,'4e8b0f0e-e718-4150-a7fb-9dd619e413c1',100.00,1500.00,2000.00,'2b643e21-a94c-4713-93f1-f1cbde6ad633',1,1,'eko',NULL,'2020-05-16 07:11:18','2020-05-16 07:11:18'),('5d9f2256-33c0-11ea-aec2-2e728ce88125','PMO3D203','Patchcord MM OM3 DX (2,0mm) LC/PC-LC/PC 1m Aqua',1,1,NULL,'4e8b0f0e-e718-4150-a7fb-9dd619e413c1',100.00,1500.00,2000.00,'2b643e21-a94c-4713-93f1-f1cbde6ad633',1,1,'eko',NULL,'2020-05-16 07:11:18','2020-05-16 07:11:18'),('5d9f23b4-33c0-11ea-aec2-2e728ce88125','PMO3D204','Patchcord MM OM3 DX (2,0mm) LC/PC-LC/PC 20m Aqua',1,1,NULL,'4e8b0f0e-e718-4150-a7fb-9dd619e413c1',100.00,1500.00,2000.00,'2b643e21-a94c-4713-93f1-f1cbde6ad633',1,1,'eko',NULL,'2020-05-16 07:11:18','2020-05-16 07:11:18'),('5d9f24f4-33c0-11ea-aec2-2e728ce88125','PMO3D205','Patchcord MM OM3 DX (2,0mm) LC/PC-LC/PC 25m Aqua',1,1,NULL,'4e8b0f0e-e718-4150-a7fb-9dd619e413c1',100.00,1500.00,2000.00,'2b643e21-a94c-4713-93f1-f1cbde6ad633',1,1,'eko',NULL,'2020-05-16 07:11:18','2020-05-16 07:11:18'),('5d9f262a-33c0-11ea-aec2-2e728ce88125','PMO3D206','Patchcord MM OM3 DX (2,0mm) LC/PC-LC/PC 30m Aqua ',1,1,NULL,'4e8b0f0e-e718-4150-a7fb-9dd619e413c1',100.00,1500.00,2000.00,'2b643e21-a94c-4713-93f1-f1cbde6ad633',1,1,'eko',NULL,'2020-05-16 07:11:18','2020-05-16 07:11:18'),('5d9f276a-33c0-11ea-aec2-2e728ce88125','PMO3D207','Patchcord MM OM3 DX (2,0mm) LC/PC-LC/PC 3m Aqua',1,1,NULL,'4e8b0f0e-e718-4150-a7fb-9dd619e413c1',100.00,1500.00,2000.00,'2b643e21-a94c-4713-93f1-f1cbde6ad633',1,1,'eko',NULL,'2020-05-16 07:11:18','2020-05-16 07:11:18'),('5d9f28a0-33c0-11ea-aec2-2e728ce88125','PMO3D208','Patchcord MM OM3 DX (2,0mm) LC/PC-LC/PC 50m Aqua',1,1,NULL,'4e8b0f0e-e718-4150-a7fb-9dd619e413c1',100.00,1500.00,2000.00,'2b643e21-a94c-4713-93f1-f1cbde6ad633',1,1,'eko',NULL,'2020-05-16 07:11:18','2020-05-16 07:11:18'),('5d9f2bfc-33c0-11ea-aec2-2e728ce88125','PMO3D209','Patchcord MM OM3 DX (2,0mm) LC/PC-LC/PC 5m',6,1,NULL,'4e8b0f0e-e718-4150-a7fb-9dd619e413c1',100.00,1500.00,2000.00,'2b643e21-a94c-4713-93f1-f1cbde6ad633',1,1,'eko',NULL,'2020-05-16 07:11:18','2020-05-16 07:11:18'),('5d9f2db4-33c0-11ea-aec2-2e728ce88125','PMO3D210','Patchcord MM OM3 DX (2,0mm) SC/PC-LC/PC 15m Aqua',1,1,NULL,'4e8b0f0e-e718-4150-a7fb-9dd619e413c1',100.00,1500.00,2000.00,'2b643e21-a94c-4713-93f1-f1cbde6ad633',1,1,'eko',NULL,'2020-05-16 07:11:18','2020-05-16 07:11:18'),('5d9f2f08-33c0-11ea-aec2-2e728ce88125','PMO3D211','Patchcord MM OM3 DX (2,0mm) SC/PC-LC/PC 20m Aqua',1,1,NULL,'4e8b0f0e-e718-4150-a7fb-9dd619e413c1',100.00,1500.00,2000.00,'2b643e21-a94c-4713-93f1-f1cbde6ad633',1,1,'eko',NULL,'2020-05-16 07:11:18','2020-05-16 07:11:18'),('5d9f3048-33c0-11ea-aec2-2e728ce88125','PMO3D212','Patchcord MM OM3 DX (2,0mm) SC/PC-LC/PC 30m Aqua',1,1,NULL,'4e8b0f0e-e718-4150-a7fb-9dd619e413c1',100.00,1500.00,2000.00,'2b643e21-a94c-4713-93f1-f1cbde6ad633',1,1,'eko',NULL,'2020-05-16 07:11:18','2020-05-16 07:11:18'),('5d9f317e-33c0-11ea-aec2-2e728ce88125','PMO4D201','Patchcord MM OM4 DX (2,0mm) FC/PC-LC/PC 15m Biru',1,1,NULL,'4e8b0f0e-e718-4150-a7fb-9dd619e413c1',100.00,1500.00,2000.00,'2b643e21-a94c-4713-93f1-f1cbde6ad633',1,1,'eko',NULL,'2020-05-16 07:11:18','2020-05-16 07:11:18'),('5d9f32e6-33c0-11ea-aec2-2e728ce88125','PMO4D202','Patchcord MM OM4 DX (2,0mm) LC/PC-LC/PC 10m Biru',1,1,NULL,'4e8b0f0e-e718-4150-a7fb-9dd619e413c1',100.00,1500.00,2000.00,'2b643e21-a94c-4713-93f1-f1cbde6ad633',1,1,'eko',NULL,'2020-05-16 07:11:18','2020-05-16 07:11:18'),('5d9f3610-33c0-11ea-aec2-2e728ce88125','PMO4D203','Patchcord MM OM4 DX (2,0mm) LC/PC-LC/PC 20m Biru',1,1,NULL,'4e8b0f0e-e718-4150-a7fb-9dd619e413c1',100.00,1500.00,2000.00,'2b643e21-a94c-4713-93f1-f1cbde6ad633',1,1,'eko',NULL,'2020-05-16 07:11:18','2020-05-16 07:11:18'),('5d9f38fe-33c0-11ea-aec2-2e728ce88125','PSD201','Patchcord MM SM DX (2,0mm) FC/UPC-FC/UPC 10m',1,1,NULL,'4e8b0f0e-e718-4150-a7fb-9dd619e413c1',100.00,1500.00,2000.00,'2b643e21-a94c-4713-93f1-f1cbde6ad633',1,1,'eko','Irena (Production Adm)','2020-05-16 07:11:18','2020-10-18 13:39:43'),('5d9f3a5c-33c0-11ea-aec2-2e728ce88125','PSD202','Patchcord SM DX (2,0mm) FC/UPC-FC/UPC 3m',1,1,NULL,'4e8b0f0e-e718-4150-a7fb-9dd619e413c1',100.00,1500.00,2000.00,'2b643e21-a94c-4713-93f1-f1cbde6ad633',1,1,'eko',NULL,'2020-05-16 07:11:18','2020-05-16 07:11:18'),('5d9f3b9c-33c0-11ea-aec2-2e728ce88125','PSD203','Patchcord SM DX (2,0mm) FC/UPC-LC/UPC 10m',1,1,NULL,'4e8b0f0e-e718-4150-a7fb-9dd619e413c1',100.00,1500.00,2000.00,'2b643e21-a94c-4713-93f1-f1cbde6ad633',1,1,'eko','Irena (Production Adm)','2020-05-16 07:11:18','2020-10-18 13:42:18'),('5d9f3cd2-33c0-11ea-aec2-2e728ce88125','PSD204','Patchcord SM DX (2,0mm) FC/UPC-LC/UPC 15m',1,1,NULL,'4e8b0f0e-e718-4150-a7fb-9dd619e413c1',100.00,1500.00,2000.00,'2b643e21-a94c-4713-93f1-f1cbde6ad633',1,1,'eko',NULL,'2020-05-16 07:11:18','2020-05-16 07:11:18'),('5d9f3eb2-33c0-11ea-aec2-2e728ce88125','PSD205','Patchcord SM DX (2,0mm) FC/UPC-LC/UPC 20m',1,1,NULL,'4e8b0f0e-e718-4150-a7fb-9dd619e413c1',100.00,1500.00,2000.00,'2b643e21-a94c-4713-93f1-f1cbde6ad633',1,1,'eko',NULL,'2020-05-16 07:11:18','2020-05-16 07:11:18'),('5d9f4006-33c0-11ea-aec2-2e728ce88125','PSD206','Patchcord SM DX (2,0mm) FC/UPC-LC/UPC 30m',1,1,NULL,'4e8b0f0e-e718-4150-a7fb-9dd619e413c1',100.00,1500.00,2000.00,'2b643e21-a94c-4713-93f1-f1cbde6ad633',1,1,'eko',NULL,'2020-05-16 07:11:18','2020-05-16 07:11:18'),('5d9f43e4-33c0-11ea-aec2-2e728ce88125','PSD207','Patchcord SM DX (2,0mm) FC/UPC-LC/UPC 3m',1,1,NULL,'4e8b0f0e-e718-4150-a7fb-9dd619e413c1',100.00,1500.00,2000.00,'2b643e21-a94c-4713-93f1-f1cbde6ad633',1,1,'eko',NULL,'2020-05-16 07:11:18','2020-05-16 07:11:18'),('5d9f45c4-33c0-11ea-aec2-2e728ce88125','PSD208','Patchcord SM DX (2,0mm) FC/UPC-LC/UPC 5m',1,1,NULL,'4e8b0f0e-e718-4150-a7fb-9dd619e413c1',100.00,1500.00,2000.00,'2b643e21-a94c-4713-93f1-f1cbde6ad633',1,1,'eko',NULL,'2020-05-16 07:11:18','2020-05-16 07:11:18'),('5d9f472c-33c0-11ea-aec2-2e728ce88125','PSD209','Patchcord SM DX (2,0mm) FC/UPC-LC/UPC 7m',1,1,NULL,'4e8b0f0e-e718-4150-a7fb-9dd619e413c1',100.00,1500.00,2000.00,'2b643e21-a94c-4713-93f1-f1cbde6ad633',1,1,'eko',NULL,'2020-05-16 07:11:18','2020-05-16 07:11:18'),('5d9f489e-33c0-11ea-aec2-2e728ce88125','PSD210','Patchcord SM DX (2,0mm) LC/UPC-LC/UPC 1,5m',1,1,NULL,'4e8b0f0e-e718-4150-a7fb-9dd619e413c1',100.00,1500.00,2000.00,'2b643e21-a94c-4713-93f1-f1cbde6ad633',1,1,'eko',NULL,'2020-05-16 07:11:18','2020-05-16 07:11:18'),('5d9f49de-33c0-11ea-aec2-2e728ce88125','PSD211','Patchcord SM DX (2,0mm) LC/UPC-LC/UPC 10m',1,1,NULL,'4e8b0f0e-e718-4150-a7fb-9dd619e413c1',100.00,1500.00,2000.00,'2b643e21-a94c-4713-93f1-f1cbde6ad633',1,1,'eko',NULL,'2020-05-16 07:11:18','2020-05-16 07:11:18'),('5d9f4b1e-33c0-11ea-aec2-2e728ce88125','PSD212','Patchcord SM DX (2,0mm) LC/UPC-LC/UPC 1m',1,1,NULL,'4e8b0f0e-e718-4150-a7fb-9dd619e413c1',100.00,1500.00,2000.00,'2b643e21-a94c-4713-93f1-f1cbde6ad633',1,1,'eko',NULL,'2020-05-16 07:11:18','2020-05-16 07:11:18'),('5d9f4dc6-33c0-11ea-aec2-2e728ce88125','PSD213','Patchcord SM DX (2,0mm) LC/UPC-LC/UPC 20m',1,1,NULL,'4e8b0f0e-e718-4150-a7fb-9dd619e413c1',100.00,1500.00,2000.00,'2b643e21-a94c-4713-93f1-f1cbde6ad633',1,1,'eko',NULL,'2020-05-16 07:11:18','2020-05-16 07:11:18'),('5d9f4f2e-33c0-11ea-aec2-2e728ce88125','PSD214','Patchcord SM DX (2,0mm) LC/UPC-LC/UPC 25m',1,1,NULL,'4e8b0f0e-e718-4150-a7fb-9dd619e413c1',100.00,1500.00,2000.00,'2b643e21-a94c-4713-93f1-f1cbde6ad633',1,1,'eko',NULL,'2020-05-16 07:11:18','2020-05-16 07:11:18'),('5d9f506e-33c0-11ea-aec2-2e728ce88125','PSD215','Patchcord SM DX (2,0mm) LC/UPC-LC/UPC 2m',1,1,NULL,'4e8b0f0e-e718-4150-a7fb-9dd619e413c1',100.00,1500.00,2000.00,'2b643e21-a94c-4713-93f1-f1cbde6ad633',1,1,'eko',NULL,'2020-05-16 07:11:18','2020-05-16 07:11:18'),('5d9f5262-33c0-11ea-aec2-2e728ce88125','PSD216','Patchcord SM DX (2,0mm) LC/UPC-LC/UPC 3m',1,1,NULL,'4e8b0f0e-e718-4150-a7fb-9dd619e413c1',100.00,1500.00,2000.00,'2b643e21-a94c-4713-93f1-f1cbde6ad633',1,1,'eko',NULL,'2020-05-16 07:11:18','2020-05-16 07:11:18'),('5d9f53ca-33c0-11ea-aec2-2e728ce88125','PSD217','Patchcord SM DX (2,0mm) LC/UPC-LC/UPC 5m',1,1,NULL,'4e8b0f0e-e718-4150-a7fb-9dd619e413c1',100.00,1500.00,2000.00,'2b643e21-a94c-4713-93f1-f1cbde6ad633',1,1,'eko',NULL,'2020-05-16 07:11:18','2020-05-16 07:11:18'),('5d9f550a-33c0-11ea-aec2-2e728ce88125','PSD218','Patchcord SM DX (2,0mm) LC/UPC-LC/UPC 7m',1,1,NULL,'4e8b0f0e-e718-4150-a7fb-9dd619e413c1',100.00,1500.00,2000.00,'2b643e21-a94c-4713-93f1-f1cbde6ad633',1,1,'eko',NULL,'2020-05-16 07:11:18','2020-05-16 07:11:18'),('5da1b49b-a5cc-431c-8a9c-3eb5e1ab2402','PSD306','Patchcord SM DX (3,0mm) FC/UPC-LC/UPC 2m',1,1,NULL,'4e8b0f0e-e718-4150-a7fb-9dd619e413c1',100.00,1500.00,2000.00,'2b643e21-a94c-4713-93f1-f1cbde6ad633',1,1,'eko',NULL,'2020-05-16 07:11:18','2020-05-16 07:11:18'),('5df00b8e-3209-40b7-8e29-afdb9831cb48','PSS245','Patchcord SM SX (2,0mm) SC/UPC-LC/UPC 7m',1,1,NULL,'4e8b0f0e-e718-4150-a7fb-9dd619e413c1',100.00,1500.00,2000.00,'2b643e21-a94c-4713-93f1-f1cbde6ad633',1,1,'eko',NULL,'2020-05-16 07:11:18','2020-05-16 07:11:18'),('5edc5a62-d344-49cd-96e4-b29177b6c259','FT791','Patchcord SM SX LC/UPC-FC/UPC (2,mm) 20M',1,1,NULL,'21fca1cd-1e44-4895-b877-7f70903c1684',100.00,1000.00,2000.00,'2b643e21-a94c-4713-93f1-f1cbde6ad633',1,1,'Admin Gudang (Katerine)',NULL,'2020-10-18 15:07:22','2020-10-18 15:07:22'),('5f12a275-1900-409d-adfe-569983e88fb8','PSS238','Patchcord SM SX (2,0mm) SC/UPC-LC/UPC 10m',1,1,NULL,'4e8b0f0e-e718-4150-a7fb-9dd619e413c1',100.00,1500.00,2000.00,'2b643e21-a94c-4713-93f1-f1cbde6ad633',1,1,'eko',NULL,'2020-05-16 07:11:18','2020-05-16 07:11:18'),('5f1ae7e3-0e8c-45ea-ab18-86f2fb5f3051','PSD309','Patchcord SM DX (3,0mm) LC/UPC-LC/UPC 1m',1,1,NULL,'4e8b0f0e-e718-4150-a7fb-9dd619e413c1',100.00,1500.00,2000.00,'2b643e21-a94c-4713-93f1-f1cbde6ad633',1,1,'eko',NULL,'2020-05-16 07:11:18','2020-05-16 07:11:18'),('5f8c77ad-966d-47c6-b3c6-e8462e7b18e9','WMRC','Wall Mount Rack ',1,1,NULL,'4e8b0f0e-e718-4150-a7fb-9dd619e413c1',100.00,1500.00,2000.00,'2b643e21-a94c-4713-93f1-f1cbde6ad633',0,1,'eko',NULL,'2020-05-16 07:11:18','2020-05-16 07:11:18'),('6058e073-8a24-4a60-b717-704c92b2f4e1','FT790','Patchcord SM SX LC/UPC-FC/UPC (2,mm) 10M',1,1,NULL,'21fca1cd-1e44-4895-b877-7f70903c1684',100.00,1000.00,2000.00,'2b643e21-a94c-4713-93f1-f1cbde6ad633',1,1,'Admin Gudang (Katerine)',NULL,'2020-10-18 15:03:36','2020-10-18 15:03:36'),('605ef610-c46a-4b94-9b20-0e2ffc75858c','PSD328','Patchcord SM DX (3,0mm) SC/UPC-SC/UPC 2m',1,1,NULL,'4e8b0f0e-e718-4150-a7fb-9dd619e413c1',100.00,1500.00,2000.00,'2b643e21-a94c-4713-93f1-f1cbde6ad633',1,1,'eko',NULL,'2020-05-16 07:11:18','2020-05-16 07:11:18'),('6148167f-95dd-4153-bbdd-dd81c5e25c7e','PFSFU','PLUG FRAME FC ',1,1,NULL,'4e8b0f0e-e718-4150-a7fb-9dd619e413c1',100.00,1500.00,2000.00,'2b643e21-a94c-4713-93f1-f1cbde6ad633',0,1,'eko',NULL,'2020-05-16 07:11:18','2020-05-16 07:11:18'),('63b7775e-ddd0-4327-a9ed-b23a47c7336f','TMO2S201','Pigtail MM OM2 SX (2,0mm) FC/PC 2m',1,1,NULL,'4e8b0f0e-e718-4150-a7fb-9dd619e413c1',100.00,1500.00,2000.00,'2b643e21-a94c-4713-93f1-f1cbde6ad633',0,1,'eko',NULL,'2020-05-16 07:11:18','2020-05-16 07:11:18'),('64648f72-2004-49fb-9837-2a06e147f1b3','PSD307','Patchcord SM DX (3,0mm) FC/UPC-LC/UPC 40m',1,1,NULL,'4e8b0f0e-e718-4150-a7fb-9dd619e413c1',100.00,1500.00,2000.00,'2b643e21-a94c-4713-93f1-f1cbde6ad633',1,1,'eko',NULL,'2020-05-16 07:11:18','2020-05-16 07:11:18'),('64a877f3-aef9-4035-a71e-de3c7388c02f','KMOM3D2L','Kabel Patchcord MM OM3 DX 2mm LSZH AQUA',6,2,NULL,'ba5cd38f-2ffb-4957-a1a2-c23e691b2068',10000.00,750.00,1000.00,'2b643e21-a94c-4713-93f1-f1cbde6ad633',NULL,1,'Mirza Rizaldy',NULL,'2020-10-31 15:33:04','2020-10-31 15:33:04'),('64e18761-2e0d-45b2-b287-2386f05df086','AS1212','SM AERIAL SCPT 12 Core/GYHC8A-12B1.3/12Tube',1,1,NULL,'4e8b0f0e-e718-4150-a7fb-9dd619e413c1',100.00,1500.00,2000.00,'2b643e21-a94c-4713-93f1-f1cbde6ad633',0,1,'eko',NULL,'2020-05-16 07:11:18','2020-05-16 07:11:18'),('65c5d544-5fa5-47f1-9cd8-5ae8e0f207ea','TSD301','Pigtail SM DX (3,0mm) SC/APC 2m',1,1,NULL,'4e8b0f0e-e718-4150-a7fb-9dd619e413c1',100.00,1500.00,2000.00,'2b643e21-a94c-4713-93f1-f1cbde6ad633',0,1,'eko',NULL,'2020-05-16 07:11:18','2020-05-16 07:11:18'),('66a074a0-c9cb-422e-a8ea-fca5fd93fb30','P1C004','Precon 1 Core SC/APC-SC/APC 50M',1,1,NULL,'4e8b0f0e-e718-4150-a7fb-9dd619e413c1',100.00,1500.00,2000.00,'2b643e21-a94c-4713-93f1-f1cbde6ad633',0,1,'eko',NULL,'2020-05-16 07:11:18','2020-05-16 07:11:18'),('66f40b89-05ee-4fea-99d1-d4334d47cec1','PSS234','Patchcord SM SX (2,0mm) SC/APC-SC/UPC 1m',1,1,NULL,'4e8b0f0e-e718-4150-a7fb-9dd619e413c1',100.00,1500.00,2000.00,'2b643e21-a94c-4713-93f1-f1cbde6ad633',1,1,'eko',NULL,'2020-05-16 07:11:18','2020-05-16 07:11:18'),('66fd5b68-dfae-4680-90c5-c62f675f7447','TSS914','Pigtail SM SX (0,9mm) SC/UPC 1m Oren',1,1,NULL,'4e8b0f0e-e718-4150-a7fb-9dd619e413c1',100.00,1500.00,2000.00,'2b643e21-a94c-4713-93f1-f1cbde6ad633',0,1,'eko',NULL,'2020-05-16 07:11:18','2020-05-16 07:11:18'),('6738cf77-5351-4ea9-831e-9049efe2addb','PSS303','Patchcord SM SX (3,0mm) FC/UPC-FC/UPC 5m',1,1,NULL,'4e8b0f0e-e718-4150-a7fb-9dd619e413c1',100.00,1500.00,2000.00,'2b643e21-a94c-4713-93f1-f1cbde6ad633',1,1,'eko',NULL,'2020-05-16 07:11:18','2020-05-16 07:11:18'),('67e9b980-232c-4007-a37f-580b3a24e8ed','R2CGOE','Roset 2 Core GOC ( Tanpa Protector Sleeve&Adapter)',1,1,NULL,'4e8b0f0e-e718-4150-a7fb-9dd619e413c1',100.00,1500.00,2000.00,'2b643e21-a94c-4713-93f1-f1cbde6ad633',0,1,'eko',NULL,'2020-05-16 07:11:18','2020-05-16 07:11:18'),('68b03060-fe58-4fee-95ff-35c49e6a2d1c','PSS242','Patchcord SM SX (2,0mm) SC/UPC-LC/UPC 30m',1,1,NULL,'4e8b0f0e-e718-4150-a7fb-9dd619e413c1',100.00,1500.00,2000.00,'2b643e21-a94c-4713-93f1-f1cbde6ad633',1,1,'eko',NULL,'2020-05-16 07:11:18','2020-05-16 07:11:18'),('68c359d4-afcb-4cf3-ae7d-c7ba0242a614','STKN','Sarung Tangan Kain',1,1,NULL,'4e8b0f0e-e718-4150-a7fb-9dd619e413c1',100.00,1500.00,2000.00,'2b643e21-a94c-4713-93f1-f1cbde6ad633',0,1,'eko',NULL,'2020-05-16 07:11:18','2020-05-16 07:11:18'),('68c8937d-9b0f-4dfb-aa2a-d76efe01bb6a','10000997','Precon 1 Core SC/UPC-LC/UPC 100m',1,1,NULL,'4e8b0f0e-e718-4150-a7fb-9dd619e413c1',10.00,120000.00,150000.00,'2b643e21-a94c-4713-93f1-f1cbde6ad633',1,1,'Dimas',NULL,'2020-06-17 02:53:20','2020-06-17 02:53:20'),('69391a54-0a4f-46d4-8d41-f6eb68ec5b15','FT813','Patchcord SM SX 2,mm FC/APC-FC/APC 1m',1,1,NULL,'21fca1cd-1e44-4895-b877-7f70903c1684',100.00,1000.00,2000.00,'2b643e21-a94c-4713-93f1-f1cbde6ad633',1,1,'Irena (Production Adm)',NULL,'2020-10-18 15:14:07','2020-10-18 15:14:07'),('698b6ee4-fdb9-4d0d-80c4-99e76fcf7b95','PSS316','Patchcord SM SX (3,0mm) SC/APC-LC/UPC 10m',1,1,NULL,'4e8b0f0e-e718-4150-a7fb-9dd619e413c1',100.00,1500.00,2000.00,'2b643e21-a94c-4713-93f1-f1cbde6ad633',1,1,'eko',NULL,'2020-05-16 07:11:18','2020-05-16 07:11:18'),('6a27aaa8-2789-4743-b870-386ca67a9941','PSD227','Patchcord SM DX (2,0mm) SC/UPC-LC/UPC 1,5m',1,1,NULL,'4e8b0f0e-e718-4150-a7fb-9dd619e413c1',100.00,1500.00,2000.00,'2b643e21-a94c-4713-93f1-f1cbde6ad633',1,1,'eko',NULL,'2020-05-16 07:11:18','2020-05-16 07:11:18'),('6a44254a-ac65-41c7-ad05-b51e605248ed','P1C008','Precon 1 Core SC/UPC-SC/UPC 200M',1,1,NULL,'4e8b0f0e-e718-4150-a7fb-9dd619e413c1',100.00,1500.00,2000.00,'2b643e21-a94c-4713-93f1-f1cbde6ad633',0,1,'eko',NULL,'2020-05-16 07:11:18','2020-05-16 07:11:18'),('6b3e0d76-f81f-4e79-9e1b-53df8b83f726','PSS321','Patchcord SM SX (3,0mm) SC/UPC-FC/UPC 20m',1,1,NULL,'4e8b0f0e-e718-4150-a7fb-9dd619e413c1',100.00,1500.00,2000.00,'2b643e21-a94c-4713-93f1-f1cbde6ad633',1,1,'eko',NULL,'2020-05-16 07:11:18','2020-05-16 07:11:18'),('6cca0b3f-588c-42f9-b0b4-e09aa264bf17','ZSUMC','Zig Housing SC/UPC  (Mesin Mecanical)',1,1,NULL,'4e8b0f0e-e718-4150-a7fb-9dd619e413c1',100.00,1500.00,2000.00,'2b643e21-a94c-4713-93f1-f1cbde6ad633',0,1,'eko',NULL,'2020-05-16 07:11:18','2020-05-16 07:11:18'),('6cdd479f-15c3-4eef-afe9-612bfa13e0d2','FT792','Patchcord SM SX LC/UPC-FC/UPC (2,mm) 30M',1,1,NULL,'21fca1cd-1e44-4895-b877-7f70903c1684',100.00,1000.00,2000.00,'2b643e21-a94c-4713-93f1-f1cbde6ad633',1,1,'Admin Gudang (Katerine)',NULL,'2020-10-18 15:09:01','2020-10-18 15:09:01'),('6d3ad0a2-5469-4ecf-b038-80f8e769ebc1','WTRTC','Wire Tracker/Tone Checker',1,1,NULL,'4e8b0f0e-e718-4150-a7fb-9dd619e413c1',100.00,1500.00,2000.00,'2b643e21-a94c-4713-93f1-f1cbde6ad633',0,1,'eko',NULL,'2020-05-16 07:11:18','2020-05-16 07:11:18'),('6de3eb99-4883-48d3-9e3f-2ec2b4322172','PSD221','Patchcord SM DX (2,0mm) SC/UPC-FC/UPC 10m',1,1,NULL,'4e8b0f0e-e718-4150-a7fb-9dd619e413c1',100.00,1500.00,2000.00,'2b643e21-a94c-4713-93f1-f1cbde6ad633',1,1,'eko',NULL,'2020-05-16 07:11:18','2020-05-16 07:11:18'),('6e5d9fb4-5d0a-4d4d-afb0-17d0c5700b9f','P1C005','Precon 1 Core SC/APC-SC/APC 75M',1,1,NULL,'4e8b0f0e-e718-4150-a7fb-9dd619e413c1',100.00,1500.00,2000.00,'2b643e21-a94c-4713-93f1-f1cbde6ad633',0,1,'eko',NULL,'2020-05-16 07:11:18','2020-05-16 07:11:18'),('6efc1e72-4c7d-4859-ab49-e4a1ceb177f8','FT799','Connector Set SM SC/APC 2,mm',2,1,NULL,'21fca1cd-1e44-4895-b877-7f70903c1684',100.00,1000.00,2000.00,'2b643e21-a94c-4713-93f1-f1cbde6ad633',1,1,'Admin Gudang (Katerine)',NULL,'2020-10-18 12:27:43','2020-10-18 12:27:43'),('6f1a6b2c-7826-4d3b-95d1-ad868628e69b','TMO2S901','Pigtail MM OM2 SX (0,9mm) SC/PC 1,5m',1,1,NULL,'4e8b0f0e-e718-4150-a7fb-9dd619e413c1',100.00,1500.00,2000.00,'2b643e21-a94c-4713-93f1-f1cbde6ad633',1,1,'eko','Mirza Rizaldy','2020-05-16 07:11:18','2020-07-10 06:03:06'),('70b3b7e6-229a-4e28-9e2b-42c5e9560bba','CADS48','SM ADSS 48 Core SPAN 100M/ADSS-SS-100M-48B1.3/4Tube',1,1,NULL,'4e8b0f0e-e718-4150-a7fb-9dd619e413c1',100.00,1500.00,2000.00,'2b643e21-a94c-4713-93f1-f1cbde6ad633',0,1,'eko',NULL,'2020-05-16 07:11:18','2020-05-16 07:11:18'),('70d92af8-90d8-47d9-9b62-5eb444e33e1b','SSSLU9','SIMPLEX STOPPER SM LC/UPC (0,9mm) Blue',1,1,NULL,'4e8b0f0e-e718-4150-a7fb-9dd619e413c1',100.00,1500.00,2000.00,'2b643e21-a94c-4713-93f1-f1cbde6ad633',0,1,'eko',NULL,'2020-05-16 07:11:18','2020-05-16 07:11:18'),('713d7ca0-273c-4933-b697-4b96c659a94a','PSD226','Patchcord SM DX (2,0mm) SC/UPC-FC/UPC 5m',1,1,NULL,'4e8b0f0e-e718-4150-a7fb-9dd619e413c1',100.00,1500.00,2000.00,'2b643e21-a94c-4713-93f1-f1cbde6ad633',1,1,'eko',NULL,'2020-05-16 07:11:18','2020-05-16 07:11:18'),('721ae20d-890a-4317-8e78-2fd4e910fd71','FT800','Connector Set MM SC/PC 2,mm',2,1,NULL,'21fca1cd-1e44-4895-b877-7f70903c1684',100.00,1000.00,2000.00,'2b643e21-a94c-4713-93f1-f1cbde6ad633',1,1,'Admin Gudang (Katerine)',NULL,'2020-10-18 12:21:48','2020-10-18 12:21:48'),('73551cba-bbd2-4263-a662-9d20f501bc43','R6U','Rack  6U',1,1,NULL,'4e8b0f0e-e718-4150-a7fb-9dd619e413c1',100.00,1500.00,2000.00,'2b643e21-a94c-4713-93f1-f1cbde6ad633',0,1,'eko',NULL,'2020-05-16 07:11:18','2020-05-16 07:11:18'),('737ee30a-ac08-4b31-9879-6a404e00d56d','PSD303','Patchcord SM DX (3,0mm) FC/UPC-LC/UPC 15m',1,1,NULL,'4e8b0f0e-e718-4150-a7fb-9dd619e413c1',100.00,1500.00,2000.00,'2b643e21-a94c-4713-93f1-f1cbde6ad633',1,1,'eko',NULL,'2020-05-16 07:11:18','2020-05-16 07:11:18'),('7449f696-c8aa-4995-b7ef-4cde5e91bc38','DCSM12CY','SM DUCT CABLE CONVEN 12 Core - YOFC',1,2,NULL,'6fe4d0f9-8b78-4932-9f6a-c78a6dc22829',10000.00,5280.00,6200.00,'2b643e21-a94c-4713-93f1-f1cbde6ad633',NULL,1,'Mirza Rizaldy','Mirza Rizaldy','2020-11-04 17:54:37','2020-11-04 17:57:09'),('75074a13-9925-4e22-8164-82a6861ecd09','AD2FIG8','SM AERIAL Dropcable 2 Core/GYAXC8Y-2B6A1 FIG 8',1,1,NULL,'4e8b0f0e-e718-4150-a7fb-9dd619e413c1',100.00,1500.00,2000.00,'2b643e21-a94c-4713-93f1-f1cbde6ad633',0,1,'eko',NULL,'2020-05-16 07:11:18','2020-05-16 07:11:18'),('75075189-3034-47aa-bdba-6b6a56cf7e90','FT254','Patchcord SM SX (2,0mm) LC/UPC-LC/UPC 4m',1,1,NULL,'21fca1cd-1e44-4895-b877-7f70903c1684',100.00,1000.00,2000.00,'2b643e21-a94c-4713-93f1-f1cbde6ad633',1,1,'Irena (Production Adm)',NULL,'2020-10-18 14:39:19','2020-10-18 14:39:19'),('7548c690-9f32-4e1d-a4bd-3ff27d68dc8c','TSD302','Pigtail SM DX (3,0mm) SC/APC 3m',1,1,NULL,'4e8b0f0e-e718-4150-a7fb-9dd619e413c1',100.00,1500.00,2000.00,'2b643e21-a94c-4713-93f1-f1cbde6ad633',0,1,'eko',NULL,'2020-05-16 07:11:18','2020-05-16 07:11:18'),('7615371d-276c-42b5-a390-0de2c272526b','TSS304','Pigtail SM SX (3,0mm) SC/UPC 2m',1,1,NULL,'4e8b0f0e-e718-4150-a7fb-9dd619e413c1',100.00,1500.00,2000.00,'2b643e21-a94c-4713-93f1-f1cbde6ad633',0,1,'eko',NULL,'2020-05-16 07:11:18','2020-05-16 07:11:18'),('76bbb9c2-c6d3-40fe-a7e5-aa14145ff9d7','KSS2GALY','Kabel Patchcord SM SX 2mm G657A2 LSZH YELLOW',6,2,NULL,'ba5cd38f-2ffb-4957-a1a2-c23e691b2068',10000.00,936.00,1000.00,'2b643e21-a94c-4713-93f1-f1cbde6ad633',NULL,1,'Mirza Rizaldy','Mirza Rizaldy','2020-10-31 14:24:44','2020-10-31 17:26:21'),('76de87e4-d411-498d-ac5c-b88be329b6d3','TSD205','Pigtail SM DX (2,0mm) SC/UPC 8m',1,1,NULL,'4e8b0f0e-e718-4150-a7fb-9dd619e413c1',100.00,1500.00,2000.00,'2b643e21-a94c-4713-93f1-f1cbde6ad633',0,1,'eko',NULL,'2020-05-16 07:11:18','2020-05-16 07:11:18'),('7725172c-a7c8-455f-a370-00fd8bdf5f64','FT826','Patchcord SM SX 2.mm LC/UPC-SC/UPC 30M',1,1,NULL,'21fca1cd-1e44-4895-b877-7f70903c1684',100.00,1000.00,2000.00,'2b643e21-a94c-4713-93f1-f1cbde6ad633',1,1,'Irena (Production Adm)',NULL,'2020-10-18 15:23:15','2020-10-18 15:23:15'),('7b8c932f-739f-47f3-9ec8-18987646c13b','PSD230','Patchcord SM DX (2,0mm) SC/UPC-LC/UPC 15m',1,1,NULL,'4e8b0f0e-e718-4150-a7fb-9dd619e413c1',100.00,1500.00,2000.00,'2b643e21-a94c-4713-93f1-f1cbde6ad633',1,1,'eko',NULL,'2020-05-16 07:11:18','2020-05-16 07:11:18'),('7c159d16-c49e-4c27-8946-8ca035268f26','L44AM','Tangga 4,4m AMG',1,1,NULL,'4e8b0f0e-e718-4150-a7fb-9dd619e413c1',100.00,1500.00,2000.00,'2b643e21-a94c-4713-93f1-f1cbde6ad633',0,1,'eko',NULL,'2020-05-16 07:11:18','2020-05-16 07:11:18'),('7fbc00c3-fb42-46ea-ae0c-309b5edfeefa','ZLUMN','Zig LC/UPC  (Mesin Manual)',1,1,NULL,'4e8b0f0e-e718-4150-a7fb-9dd619e413c1',100.00,1500.00,2000.00,'2b643e21-a94c-4713-93f1-f1cbde6ad633',0,1,'eko',NULL,'2020-05-16 07:11:18','2020-05-16 07:11:18'),('7fde20f0-5ebf-4e31-b4dd-e3baa9330f94','FT782','Patchcord SM DX FC/UPC-SC/UPC (2,mm) 20M',1,1,NULL,'21fca1cd-1e44-4895-b877-7f70903c1684',100.00,1000.00,2000.00,'2b643e21-a94c-4713-93f1-f1cbde6ad633',1,1,'Irena (Production Adm)',NULL,'2020-10-18 14:13:40','2020-10-18 14:13:40'),('7ff4903b-e774-4de5-a95c-52ea52a00e6b','TSS909','Pigtail SM SX (0,9mm) SC/UPC 1,5m  (merah)',1,1,NULL,'4e8b0f0e-e718-4150-a7fb-9dd619e413c1',100.00,1500.00,2000.00,'2b643e21-a94c-4713-93f1-f1cbde6ad633',0,1,'eko',NULL,'2020-05-16 07:11:18','2020-05-16 07:11:18'),('80335ddb-bfba-4e0c-8aa4-da13b1c38ae9','R2CGOA','Roset 2 Core GOC ( Tanpa Protector Sleeve)',1,1,NULL,'4e8b0f0e-e718-4150-a7fb-9dd619e413c1',100.00,1500.00,2000.00,'2b643e21-a94c-4713-93f1-f1cbde6ad633',0,1,'eko',NULL,'2020-05-16 07:11:18','2020-05-16 07:11:18'),('80942d58-992f-4cce-a5a1-8890da609034','PSD316','Patchcord SM DX (3,0mm) SC/UPC-FC/UPC 10m',1,1,NULL,'4e8b0f0e-e718-4150-a7fb-9dd619e413c1',100.00,1500.00,2000.00,'2b643e21-a94c-4713-93f1-f1cbde6ad633',1,1,'eko',NULL,'2020-05-16 07:11:18','2020-05-16 07:11:18'),('818d8c59-17ca-49bb-bb05-ee0fa0d4a77d','PSD312','Patchcord SM DX (3,0mm) LC/UPC-ST/UPC 3m',1,1,NULL,'4e8b0f0e-e718-4150-a7fb-9dd619e413c1',100.00,1500.00,2000.00,'2b643e21-a94c-4713-93f1-f1cbde6ad633',1,1,'eko',NULL,'2020-05-16 07:11:18','2020-05-16 07:11:18'),('81f1dfeb-81ed-441e-9091-890847e6c037','PSDOD02','Patchcord SM DX Out Door SC/UPC-LC/UPC 10m Heat Shrink Kuning',1,1,NULL,'4e8b0f0e-e718-4150-a7fb-9dd619e413c1',100.00,1500.00,2000.00,'2b643e21-a94c-4713-93f1-f1cbde6ad633',1,1,'eko',NULL,'2020-05-16 07:11:18','2020-05-16 07:11:18'),('825061bb-e1bc-4a49-bd95-306338997289','PSD222','Patchcord SM DX (2,0mm) SC/UPC-FC/UPC 15m',1,1,NULL,'4e8b0f0e-e718-4150-a7fb-9dd619e413c1',100.00,1500.00,2000.00,'2b643e21-a94c-4713-93f1-f1cbde6ad633',1,1,'eko',NULL,'2020-05-16 07:11:18','2020-05-16 07:11:18'),('8254ecfe-9e2c-4331-a3cc-0108e97920c0','SCR3','SMALL CRIMP RING (3,00mm)',1,1,NULL,'4e8b0f0e-e718-4150-a7fb-9dd619e413c1',100.00,1500.00,2000.00,'2b643e21-a94c-4713-93f1-f1cbde6ad633',0,1,'eko',NULL,'2020-05-16 07:11:18','2020-05-16 07:11:18'),('82ee1ecc-0b39-46ca-9839-ad0ce6e8c932','P3025','Plastik 30 x 25',1,1,NULL,'4e8b0f0e-e718-4150-a7fb-9dd619e413c1',100.00,1500.00,2000.00,'2b643e21-a94c-4713-93f1-f1cbde6ad633',0,1,'eko',NULL,'2020-05-16 07:11:18','2020-05-16 07:11:18'),('83512e63-4284-4317-9109-61f62f9c7733','PSS327','Patchcord SM SX (3,0mm) SC/UPC-SC/APC 5m',1,1,NULL,'4e8b0f0e-e718-4150-a7fb-9dd619e413c1',100.00,1500.00,2000.00,'2b643e21-a94c-4713-93f1-f1cbde6ad633',1,1,'eko',NULL,'2020-05-16 07:11:18','2020-05-16 07:11:18'),('838a72ce-5789-459a-a9c6-15337dd9f5fe','SSFU23','SIMPLEX STOPPER FC (2,00mm, 3,00mm)',1,1,NULL,'4e8b0f0e-e718-4150-a7fb-9dd619e413c1',100.00,1500.00,2000.00,'2b643e21-a94c-4713-93f1-f1cbde6ad633',0,1,'eko',NULL,'2020-05-16 07:11:18','2020-05-16 07:11:18'),('83d144fc-4ce8-427c-81c7-d59aedfacc27','SSU2','SPRING ST UPC (2,00mm)',1,1,NULL,'4e8b0f0e-e718-4150-a7fb-9dd619e413c1',100.00,1500.00,2000.00,'2b643e21-a94c-4713-93f1-f1cbde6ad633',0,1,'eko',NULL,'2020-05-16 07:11:18','2020-05-16 07:11:18'),('84905d89-c592-40ee-a713-f7448a60465d','TP1C01','Pigtail Precon 1 Core SC/UPC Connector Hitam 100M',1,1,NULL,'4e8b0f0e-e718-4150-a7fb-9dd619e413c1',100.00,1500.00,2000.00,'2b643e21-a94c-4713-93f1-f1cbde6ad633',0,1,'eko',NULL,'2020-05-16 07:11:18','2020-05-16 07:11:18'),('851d304d-f84d-407d-9f40-27cc59148324','STPBCP','Stopping Buckle ',1,1,NULL,'4e8b0f0e-e718-4150-a7fb-9dd619e413c1',100.00,1500.00,2000.00,'2b643e21-a94c-4713-93f1-f1cbde6ad633',0,1,'eko',NULL,'2020-05-16 07:11:18','2020-05-16 07:11:18'),('859854f6-41d5-4c7f-9aac-079f06a4d949','TMO2S206','Pigtail MM OM2 SX (2,0mm) SC/PC 3m ',1,1,NULL,'4e8b0f0e-e718-4150-a7fb-9dd619e413c1',100.00,1500.00,2000.00,'2b643e21-a94c-4713-93f1-f1cbde6ad633',0,1,'eko',NULL,'2020-05-16 07:11:18','2020-05-16 07:11:18'),('85d7b123-b356-40e7-ae8b-4f455384e871','10000654','Connector MM ST/PC (0,9mm)',1,1,NULL,'9c4257b6-3a16-4c61-9dc0-04fe2ef5d514',1000.00,2500.00,4000.00,'2b643e21-a94c-4713-93f1-f1cbde6ad633',1,1,'Mirza Rizaldy',NULL,'2020-07-10 05:28:01','2020-07-10 05:28:01'),('873acffe-3a1b-4dd1-aef9-850b4aef8683','PSD310','Patchcord SM DX (3,0mm) LC/UPC-LC/UPC 5m',1,1,NULL,'4e8b0f0e-e718-4150-a7fb-9dd619e413c1',100.00,1500.00,2000.00,'2b643e21-a94c-4713-93f1-f1cbde6ad633',1,1,'eko',NULL,'2020-05-16 07:11:18','2020-05-16 07:11:18'),('874f0460-7adb-41ca-97e2-7ad9b32afae0','RSLU3','RIVET SM/MM LC UPC/APC (3,00mm)',1,1,NULL,'4e8b0f0e-e718-4150-a7fb-9dd619e413c1',100.00,1500.00,2000.00,'2b643e21-a94c-4713-93f1-f1cbde6ad633',0,1,'eko',NULL,'2020-05-16 07:11:18','2020-05-16 07:11:18'),('884b5795-b501-4e1e-8975-bccf42460d5e','DCA24244','SM DUCT CABLE ARMORED 24 Core/GYFA-24B1.3/4Tube',1,1,NULL,'4e8b0f0e-e718-4150-a7fb-9dd619e413c1',100.00,1500.00,2000.00,'2b643e21-a94c-4713-93f1-f1cbde6ad633',0,1,'eko',NULL,'2020-05-16 07:11:18','2020-05-16 07:11:18'),('8b720a30-e203-495e-b337-21ae7de0a788','FT821','Patchcord MM OM3 DX 2,mm SC/PC-SC/PC 10M',1,1,NULL,'21fca1cd-1e44-4895-b877-7f70903c1684',100.00,1000.00,2000.00,'2b643e21-a94c-4713-93f1-f1cbde6ad633',1,1,'Admin Gudang (Katerine)',NULL,'2020-10-18 13:02:25','2020-10-18 13:02:25'),('8bb1454c-9626-444f-bdfb-ee25fd4690bc','P1C001','Precon 1 Core SC/APC-SC/APC 100M',1,1,NULL,'4e8b0f0e-e718-4150-a7fb-9dd619e413c1',100.00,1500.00,2000.00,'2b643e21-a94c-4713-93f1-f1cbde6ad633',0,1,'eko',NULL,'2020-05-16 07:11:18','2020-05-16 07:11:18'),('8bb8ec0b-8b04-418b-834e-123623e2fa58','PSD313','Patchcord SM DX (3,0mm) LC/UPC-ST/UPC 5m',1,1,NULL,'4e8b0f0e-e718-4150-a7fb-9dd619e413c1',100.00,1500.00,2000.00,'2b643e21-a94c-4713-93f1-f1cbde6ad633',1,1,'eko',NULL,'2020-05-16 07:11:18','2020-05-16 07:11:18'),('8be62161-742e-4e99-8b5e-664877ac6b44','PSS301','Patchcord SM SX (3,0mm) FC/UPC-FC/UPC 10m',1,1,NULL,'4e8b0f0e-e718-4150-a7fb-9dd619e413c1',100.00,1500.00,2000.00,'2b643e21-a94c-4713-93f1-f1cbde6ad633',1,1,'eko',NULL,'2020-05-16 07:11:18','2020-05-16 07:11:18'),('8d8e92b6-c1bb-4cf3-b444-d52c3ac89be3','KSM9GALW','Kabel Pigtail SM 0.9 mm G657A2 LSZH WHITE',6,2,NULL,'d7c7f2e2-9dfc-4aef-8b3d-f4c8af970861',10000.00,310.50,585.00,'2b643e21-a94c-4713-93f1-f1cbde6ad633',NULL,1,'Mirza Rizaldy','Mirza Rizaldy','2020-10-31 14:17:33','2020-10-31 16:57:07'),('8e5f19d5-700b-4fc8-8198-e8a67a6933b9','P4040','Plastik 40 X 40',1,1,NULL,'4e8b0f0e-e718-4150-a7fb-9dd619e413c1',100.00,1500.00,2000.00,'2b643e21-a94c-4713-93f1-f1cbde6ad633',0,1,'eko',NULL,'2020-05-16 07:11:18','2020-05-16 07:11:18'),('907f38bb-59cb-4921-87f0-1259284711a2','SSSLA23','SIMPLEX STOPPER SM LC/APC (2,00mm, 3,00mm) Green',1,1,NULL,'4e8b0f0e-e718-4150-a7fb-9dd619e413c1',100.00,1500.00,2000.00,'2b643e21-a94c-4713-93f1-f1cbde6ad633',0,1,'eko',NULL,'2020-05-16 07:11:18','2020-05-16 07:11:18'),('90cfdfe4-0187-4a56-84f9-f49a77d782bc','PSD241','Patchcord SM DX (2,0mm) SC/UPC-SC/APC 5m',1,1,NULL,'4e8b0f0e-e718-4150-a7fb-9dd619e413c1',100.00,1500.00,2000.00,'2b643e21-a94c-4713-93f1-f1cbde6ad633',1,1,'eko',NULL,'2020-05-16 07:11:18','2020-05-16 07:11:18'),('91533b75-3486-44b5-91fa-6d3f90f2810b','10000443','Cable MM OM1 DX (2,0mm)',1,2,NULL,'8894faf4-281a-4c22-b2c2-1aff6f67b346',2000.00,10000.00,50000.00,'2b643e21-a94c-4713-93f1-f1cbde6ad633',NULL,1,'Dimas','Mirza Rizaldy','2020-05-18 02:46:19','2020-09-30 11:48:37'),('91cd8769-1ee3-4fcf-b3e6-267c2f2ae9ec','PSS205','Patchcord SM SX (2,0mm) FC/UPC-FC/UPC 5m',1,1,NULL,'4e8b0f0e-e718-4150-a7fb-9dd619e413c1',100.00,1500.00,2000.00,'2b643e21-a94c-4713-93f1-f1cbde6ad633',1,1,'eko',NULL,'2020-05-16 07:11:18','2020-05-16 07:11:18'),('9281cbe9-39d7-4cfd-ab1b-f1c08c13bdd4','PSS313','Patchcord SM SX (3,0mm) LC/UPC-LC/UPC 30m',1,1,NULL,'4e8b0f0e-e718-4150-a7fb-9dd619e413c1',100.00,1500.00,2000.00,'2b643e21-a94c-4713-93f1-f1cbde6ad633',1,1,'eko',NULL,'2020-05-16 07:11:18','2020-05-16 07:11:18'),('92cf5322-2901-4dd0-b873-7ba5d301e5ca','STPFLC','Stripper Fis Local',1,1,NULL,'4e8b0f0e-e718-4150-a7fb-9dd619e413c1',100.00,1500.00,2000.00,'2b643e21-a94c-4713-93f1-f1cbde6ad633',0,1,'eko',NULL,'2020-05-16 07:11:18','2020-05-16 07:11:18'),('936216c2-fecb-40a5-8ff6-4153ff5442d4','SSMLU23','SIMPLEX STOPPER MM LC/UPC (2,00mm, 3,00mm) Brown',1,1,NULL,'4e8b0f0e-e718-4150-a7fb-9dd619e413c1',100.00,1500.00,2000.00,'2b643e21-a94c-4713-93f1-f1cbde6ad633',0,1,'eko',NULL,'2020-05-16 07:11:18','2020-05-16 07:11:18'),('93779d49-c61f-4389-ba3d-4b9e2009c00a','TSS206','Pigtail SM SX (2,0mm) SC/UPC 1,5m ',1,1,NULL,'4e8b0f0e-e718-4150-a7fb-9dd619e413c1',100.00,1500.00,2000.00,'2b643e21-a94c-4713-93f1-f1cbde6ad633',0,1,'eko',NULL,'2020-05-16 07:11:18','2020-05-16 07:11:18'),('93cefd45-563b-442e-99d8-b933d5e486c9','P1C007','Precon 1 Core SC/UPC-SC/UPC 150M',1,1,NULL,'4e8b0f0e-e718-4150-a7fb-9dd619e413c1',100.00,1500.00,2000.00,'2b643e21-a94c-4713-93f1-f1cbde6ad633',0,1,'eko',NULL,'2020-05-16 07:11:18','2020-05-16 07:11:18'),('94863fdc-fde2-43e9-b1dc-1e2264f2a515','PSS240','Patchcord SM SX (2,0mm) SC/UPC-LC/UPC 20m',1,1,NULL,'4e8b0f0e-e718-4150-a7fb-9dd619e413c1',100.00,1500.00,2000.00,'2b643e21-a94c-4713-93f1-f1cbde6ad633',1,1,'eko',NULL,'2020-05-16 07:11:18','2020-05-16 07:11:18'),('950a1e26-23e4-40a5-9df8-d527d4b5f451','PSS227','Patchcord SM SX (2,0mm) SC/APC-LC/APC 1m',1,1,NULL,'4e8b0f0e-e718-4150-a7fb-9dd619e413c1',100.00,1500.00,2000.00,'2b643e21-a94c-4713-93f1-f1cbde6ad633',1,1,'eko',NULL,'2020-05-16 07:11:18','2020-05-16 07:11:18'),('9562caf4-4d9d-4634-be1a-d26007d951f3','PSD329','Patchcord SM DX (3,0mm) SC/UPC-SC/UPC 30m',1,1,NULL,'4e8b0f0e-e718-4150-a7fb-9dd619e413c1',100.00,1500.00,2000.00,'2b643e21-a94c-4713-93f1-f1cbde6ad633',1,1,'eko',NULL,'2020-05-16 07:11:18','2020-05-16 07:11:18'),('95997247-6840-4dbd-9862-da1e4ec80887','TSS902','Pigtail SM SX (0,9mm) FC/UPC 1,5m (Putih)',1,1,NULL,'4e8b0f0e-e718-4150-a7fb-9dd619e413c1',100.00,1500.00,2000.00,'2b643e21-a94c-4713-93f1-f1cbde6ad633',0,1,'eko',NULL,'2020-05-16 07:11:18','2020-05-16 07:11:18'),('95c19081-c0e8-4a83-997d-999c5b54c574','FT573','Patchcord SM SX (2,0mm) LC/UPC-LC/UPC 70m',1,1,NULL,'21fca1cd-1e44-4895-b877-7f70903c1684',100.00,1000.00,2000.00,'2b643e21-a94c-4713-93f1-f1cbde6ad633',1,1,'Irena (Production Adm)',NULL,'2020-10-18 14:44:51','2020-10-18 14:44:51'),('9610371c-192b-4141-a2fb-341a4a7c7398','P1C002','Precon 1 Core SC/APC-SC/APC 120M',1,1,NULL,'4e8b0f0e-e718-4150-a7fb-9dd619e413c1',100.00,1500.00,2000.00,'2b643e21-a94c-4713-93f1-f1cbde6ad633',0,1,'eko',NULL,'2020-05-16 07:11:18','2020-05-16 07:11:18'),('96de82fa-b68d-44ca-8e07-3bc1434ea770','PSS319','Patchcord SM SX (3,0mm) SC/APC-SC/APC 3m',1,1,NULL,'4e8b0f0e-e718-4150-a7fb-9dd619e413c1',100.00,1500.00,2000.00,'2b643e21-a94c-4713-93f1-f1cbde6ad633',1,1,'eko',NULL,'2020-05-16 07:11:18','2020-05-16 07:11:18'),('98483d52-8723-45df-88cf-03439d31012d','FT787','Patchcord Outdoor SC/UPC-SC/UPC 5M',1,1,NULL,'21fca1cd-1e44-4895-b877-7f70903c1684',100.00,1000.00,2000.00,'2b643e21-a94c-4713-93f1-f1cbde6ad633',1,1,'Irena (Production Adm)','Irena (Production Adm)','2020-10-18 13:33:28','2020-10-18 13:34:30'),('98881418-5068-4249-b74f-57661271d959','FT823','Kabel MM SX 3.mm 3M Potongan',2,1,NULL,'21fca1cd-1e44-4895-b877-7f70903c1684',100.00,1000.00,2000.00,'2b643e21-a94c-4713-93f1-f1cbde6ad633',1,1,'Admin Gudang (Katerine)',NULL,'2020-10-18 12:52:59','2020-10-18 12:52:59'),('98b16609-8f93-4d59-a39a-082dc50fab0e','S18PLSAK','Splitter 1:8 PLC SC/APC (Kuning)',1,1,NULL,'4e8b0f0e-e718-4150-a7fb-9dd619e413c1',100.00,1500.00,2000.00,'2b643e21-a94c-4713-93f1-f1cbde6ad633',0,1,'eko',NULL,'2020-05-16 07:11:18','2020-05-16 07:11:18'),('99416a1a-ce28-4ae0-a598-7ffe7ab44699','PSDOD01','Patchcord SM DX Out Door LC/UPC-LC/UPC 10m Heat Shrink Kuning',1,1,NULL,'4e8b0f0e-e718-4150-a7fb-9dd619e413c1',100.00,1500.00,2000.00,'2b643e21-a94c-4713-93f1-f1cbde6ad633',1,1,'eko',NULL,'2020-05-16 07:11:18','2020-05-16 07:11:18'),('99848fc7-02da-4626-a18f-4c8e3cd6f539','FT803','Connector 2mm Semi Finished SC/UPC SM',1,1,NULL,'21fca1cd-1e44-4895-b877-7f70903c1684',100.00,5000.00,8500.00,'2b643e21-a94c-4713-93f1-f1cbde6ad633',1,1,'Admin Gudang (Katerine)',NULL,'2020-10-18 11:43:22','2020-10-18 11:43:22'),('9a1d0eed-e2fa-44a5-b794-b5383a8aae3e','RFP1C','Roset Faceplat 1 Core ',1,1,NULL,'4e8b0f0e-e718-4150-a7fb-9dd619e413c1',100.00,1500.00,2000.00,'2b643e21-a94c-4713-93f1-f1cbde6ad633',0,1,'eko',NULL,'2020-05-16 07:11:18','2020-05-16 07:11:18'),('9a1d88a1-027b-4a8e-98af-e4caf0308039','TSS911','Pigtail SM SX (0,9mm) SC/UPC 1,5m (oren)',1,1,NULL,'4e8b0f0e-e718-4150-a7fb-9dd619e413c1',100.00,1500.00,2000.00,'2b643e21-a94c-4713-93f1-f1cbde6ad633',0,1,'eko',NULL,'2020-05-16 07:11:18','2020-05-16 07:11:18'),('9a37507d-da13-4d8f-80ae-895f892b09ce','PSD243','Patchcord SM DX (2,0mm) SC/UPC-SC/UPC 2m',1,1,NULL,'4e8b0f0e-e718-4150-a7fb-9dd619e413c1',100.00,1500.00,2000.00,'2b643e21-a94c-4713-93f1-f1cbde6ad633',1,1,'eko',NULL,'2020-05-16 07:11:18','2020-05-16 07:11:18'),('9a380816-6b24-43c1-9289-5de2f3fb64f2','TSS910','Pigtail SM SX (0,9mm) SC/UPC 1,5m (kuning)',1,1,NULL,'4e8b0f0e-e718-4150-a7fb-9dd619e413c1',100.00,1500.00,2000.00,'2b643e21-a94c-4713-93f1-f1cbde6ad633',0,1,'eko',NULL,'2020-05-16 07:11:18','2020-05-16 07:11:18'),('9a38d070-6fe0-4b15-b1e2-4676147682e2','PSS333','Patchcord SM SX (3,0mm) SC/UPC-SC/UPC 3m',1,1,NULL,'4e8b0f0e-e718-4150-a7fb-9dd619e413c1',100.00,1500.00,2000.00,'2b643e21-a94c-4713-93f1-f1cbde6ad633',1,1,'eko',NULL,'2020-05-16 07:11:18','2020-05-16 07:11:18'),('9be20941-909e-45f5-9982-966b22b91df3','AS2424','SM AERIAL SCPT 24 Core/GYHC8A-24B1.3/24Tube',1,1,NULL,'4e8b0f0e-e718-4150-a7fb-9dd619e413c1',100.00,1500.00,2000.00,'2b643e21-a94c-4713-93f1-f1cbde6ad633',0,1,'eko',NULL,'2020-05-16 07:11:18','2020-05-16 07:11:18'),('9bee7dd4-d774-466b-b0d0-a2be3f5ae5ee','SSS9','SIMPLEX STOPPER SC (0,9mm)',1,1,NULL,'4e8b0f0e-e718-4150-a7fb-9dd619e413c1',100.00,1500.00,2000.00,'2b643e21-a94c-4713-93f1-f1cbde6ad633',0,1,'eko',NULL,'2020-05-16 07:11:18','2020-05-16 07:11:18'),('9c453b4a-cdf9-43bc-80a9-5fd2dd359bcc','S18PLSUR','Splitter 1:8 PLC SC/UPC (Kuning) (Ryutelco)',1,1,NULL,'4e8b0f0e-e718-4150-a7fb-9dd619e413c1',100.00,1500.00,2000.00,'2b643e21-a94c-4713-93f1-f1cbde6ad633',0,1,'eko',NULL,'2020-05-16 07:11:18','2020-05-16 07:11:18'),('9c660ad6-dec4-4418-8f35-df637cfddd06','PSDOD05','Patchcord SM DX Out Door SC/UPC-SC/UPC 5m Heat Shrink Kuning',1,1,NULL,'4e8b0f0e-e718-4150-a7fb-9dd619e413c1',100.00,1500.00,2000.00,'2b643e21-a94c-4713-93f1-f1cbde6ad633',1,1,'eko',NULL,'2020-05-16 07:11:18','2020-05-16 07:11:18'),('9d0e6494-156a-4fed-abf0-9d90ba6a0b89','PSS312','Patchcord SM SX (3,0mm) LC/UPC-LC/UPC 20m',1,1,NULL,'4e8b0f0e-e718-4150-a7fb-9dd619e413c1',100.00,1500.00,2000.00,'2b643e21-a94c-4713-93f1-f1cbde6ad633',1,1,'eko',NULL,'2020-05-16 07:11:18','2020-05-16 07:11:18'),('9dbfe037-bbff-40bf-a9dd-bcb9d3e866a0','PSS249','Patchcord SM SX (2,0mm) SC/UPC-SC/UPC 20m',1,1,NULL,'4e8b0f0e-e718-4150-a7fb-9dd619e413c1',100.00,1500.00,2000.00,'2b643e21-a94c-4713-93f1-f1cbde6ad633',1,1,'eko',NULL,'2020-05-16 07:11:18','2020-05-16 07:11:18'),('9e67fd6c-a7e2-4d1a-9967-742d3cb2df89','PSS208','Patchcord SM SX (2,0mm) FC/UPC-LC/UPC 15m',1,1,NULL,'4e8b0f0e-e718-4150-a7fb-9dd619e413c1',100.00,1500.00,2000.00,'2b643e21-a94c-4713-93f1-f1cbde6ad633',1,1,'eko',NULL,'2020-05-16 07:11:18','2020-05-16 07:11:18'),('9f0f142a-114b-4f13-956d-3568e94a5f22','PSS215','Patchcord SM SX (2,0mm) FC/UPC-SC/UPC 20m',1,1,NULL,'4e8b0f0e-e718-4150-a7fb-9dd619e413c1',100.00,1500.00,2000.00,'2b643e21-a94c-4713-93f1-f1cbde6ad633',1,1,'eko',NULL,'2020-05-16 07:11:18','2020-05-16 07:11:18'),('9f6e5418-5716-41c5-8ebb-3a656013b2a9','TSS901','Pigtail SM SX (0,9mm) FC/UPC 1,5m (kuning)',1,1,NULL,'4e8b0f0e-e718-4150-a7fb-9dd619e413c1',100.00,1500.00,2000.00,'2b643e21-a94c-4713-93f1-f1cbde6ad633',0,1,'eko',NULL,'2020-05-16 07:11:18','2020-05-16 07:11:18'),('9f90e4d2-2d6c-4e45-b88b-56f134be4ffb','PG5','PG 5',1,1,NULL,'4e8b0f0e-e718-4150-a7fb-9dd619e413c1',100.00,1500.00,2000.00,'2b643e21-a94c-4713-93f1-f1cbde6ad633',0,1,'eko',NULL,'2020-05-16 07:11:18','2020-05-16 07:11:18'),('a025bd60-fbbe-4f96-a553-f3125b3185e1','PSS211','Patchcord SM SX (2,0mm) FC/UPC-LC/UPC 25m',1,1,NULL,'4e8b0f0e-e718-4150-a7fb-9dd619e413c1',100.00,1500.00,2000.00,'2b643e21-a94c-4713-93f1-f1cbde6ad633',1,1,'eko',NULL,'2020-05-16 07:11:18','2020-05-16 07:11:18'),('a0a81a82-ba7c-4492-bad7-2c02325ca65f','TMO2D301','Pigtail MM OM2 DX (3,0mm) ST/PC 3m',1,1,NULL,'4e8b0f0e-e718-4150-a7fb-9dd619e413c1',100.00,1500.00,2000.00,'2b643e21-a94c-4713-93f1-f1cbde6ad633',1,1,'eko','Mirza Rizaldy','2020-05-16 07:11:18','2020-07-10 06:03:39'),('a0d04984-a833-46be-8c70-bafd601588bc','SSFU9','SIMPLEX STOPPER FC (0,9mm)',1,1,NULL,'4e8b0f0e-e718-4150-a7fb-9dd619e413c1',100.00,1500.00,2000.00,'2b643e21-a94c-4713-93f1-f1cbde6ad633',0,1,'eko',NULL,'2020-05-16 07:11:18','2020-05-16 07:11:18'),('a2087cdf-9738-4d4c-b11f-5216ff28f018','PSS221','Patchcord SM SX (2,0mm) LC/UPC-LC/UPC 2m',1,1,NULL,'4e8b0f0e-e718-4150-a7fb-9dd619e413c1',100.00,1500.00,2000.00,'2b643e21-a94c-4713-93f1-f1cbde6ad633',1,1,'eko',NULL,'2020-05-16 07:11:18','2020-05-16 07:11:18'),('a25e4733-9253-4b3e-b06b-e9eb310e8688','CKU24CG625K','Kabel KU 24C G652D Konvesional',1,2,NULL,'9ea60706-92ea-41a9-8f35-01800f396ad9',10000.00,1000.00,1500.00,'2b643e21-a94c-4713-93f1-f1cbde6ad633',NULL,1,'Mirza Rizaldy',NULL,'2020-10-05 19:06:29','2020-10-05 19:06:29'),('a2c0dfaf-1250-46d7-bf4a-36b2bee06126','PBIO','Pedestal Besar isi ODP',1,1,NULL,'4e8b0f0e-e718-4150-a7fb-9dd619e413c1',100.00,1500.00,2000.00,'2b643e21-a94c-4713-93f1-f1cbde6ad633',0,1,'eko',NULL,'2020-05-16 07:11:18','2020-05-16 07:11:18'),('a2c97e11-a34c-4929-ab5c-0db4622cd10d','FT376','SPRING Precon SC Semi Assembly',1,1,NULL,'4e8b0f0e-e718-4150-a7fb-9dd619e413c1',100.00,1500.00,2000.00,'2b643e21-a94c-4713-93f1-f1cbde6ad633',0,1,'eko',NULL,'2020-05-16 07:11:18','2020-05-16 07:11:18'),('a35f643f-add6-4d0a-8be9-9744f10374bc','ZSAMN','Zig SC/APC  (Mesin Manual)',1,1,NULL,'4e8b0f0e-e718-4150-a7fb-9dd619e413c1',100.00,1500.00,2000.00,'2b643e21-a94c-4713-93f1-f1cbde6ad633',0,1,'eko',NULL,'2020-05-16 07:11:18','2020-05-16 07:11:18'),('a3748b5c-4a15-4810-b311-2d1995dd502b','FT774','Patchcord Outdoor DX SC/APC-SC/APC 100m',1,1,NULL,'21fca1cd-1e44-4895-b877-7f70903c1684',100.00,1000.00,2000.00,'2b643e21-a94c-4713-93f1-f1cbde6ad633',1,1,'Irena (Production Adm)',NULL,'2020-10-18 13:06:29','2020-10-18 13:06:29'),('a55f11a9-6656-49fb-9b3a-11c1c9252013','TT0906IC','Teflon Tube 0,9/0,6mm Ivory Colour',1,1,NULL,'4e8b0f0e-e718-4150-a7fb-9dd619e413c1',100.00,1500.00,2000.00,'2b643e21-a94c-4713-93f1-f1cbde6ad633',0,1,'eko',NULL,'2020-05-16 07:11:18','2020-05-16 07:11:18'),('a59c694f-23aa-447e-a292-592a33f055f3','SAPO','Polishing SAPO D 30 Micron (Hijau)',1,1,NULL,'4e8b0f0e-e718-4150-a7fb-9dd619e413c1',100.00,1500.00,2000.00,'2b643e21-a94c-4713-93f1-f1cbde6ad633',0,1,'eko',NULL,'2020-05-16 07:11:18','2020-05-16 07:11:18'),('a616c88c-4667-4a4a-88ae-fac7b11ea119','SOLAB','SOC LC/APC ( Belum Terkupas )',1,1,NULL,'4e8b0f0e-e718-4150-a7fb-9dd619e413c1',100.00,1500.00,2000.00,'2b643e21-a94c-4713-93f1-f1cbde6ad633',0,1,'eko',NULL,'2020-05-16 07:11:18','2020-05-16 07:11:18'),('a664b27e-9314-4a9b-962a-2d66241ee747','PSS214','Patchcord SM SX (2,0mm) FC/UPC-LC/UPC 40m',1,1,NULL,'4e8b0f0e-e718-4150-a7fb-9dd619e413c1',100.00,1500.00,2000.00,'2b643e21-a94c-4713-93f1-f1cbde6ad633',1,1,'eko',NULL,'2020-05-16 07:11:18','2020-05-16 07:11:18'),('a672d69c-0698-4816-8c2b-9e1b26c6192b','FT780','Patchcord SM DX SC/APC-SC/APC (2,mm) 10M',1,1,NULL,'21fca1cd-1e44-4895-b877-7f70903c1684',100.00,1000.00,2000.00,'2b643e21-a94c-4713-93f1-f1cbde6ad633',1,1,'Irena (Production Adm)',NULL,'2020-10-18 14:19:21','2020-10-18 14:19:21'),('a7bf0622-aee9-4c04-ace3-d28aa8a2ba63','PSDOD04','Patchcord SM DX Out Door SC/UPC-SC/UPC 5m Heat Shrink Hitam',1,1,NULL,'4e8b0f0e-e718-4150-a7fb-9dd619e413c1',100.00,1500.00,2000.00,'2b643e21-a94c-4713-93f1-f1cbde6ad633',1,1,'eko',NULL,'2020-05-16 07:11:18','2020-05-16 07:11:18'),('a7c31df6-b945-4ea8-843e-33bde98ffc70','PSLVE','Protector sleeve 60mm',1,1,NULL,'4e8b0f0e-e718-4150-a7fb-9dd619e413c1',100.00,1500.00,2000.00,'2b643e21-a94c-4713-93f1-f1cbde6ad633',0,1,'eko',NULL,'2020-05-16 07:11:18','2020-05-16 07:11:18'),('a7ff46a8-cfbc-4411-b6df-c82c1190cb8d','PSS251','Patchcord SM SX (2,0mm) SC/UPC-SC/UPC 30m',1,1,NULL,'4e8b0f0e-e718-4150-a7fb-9dd619e413c1',100.00,1500.00,2000.00,'2b643e21-a94c-4713-93f1-f1cbde6ad633',1,1,'eko',NULL,'2020-05-16 07:11:18','2020-05-16 07:11:18'),('a80fb74b-2a5c-4647-9fb1-bf5883ecb84d','SSUP80','Slack Support 80cm',1,1,NULL,'4e8b0f0e-e718-4150-a7fb-9dd619e413c1',100.00,1500.00,2000.00,'2b643e21-a94c-4713-93f1-f1cbde6ad633',0,1,'eko',NULL,'2020-05-16 07:11:18','2020-05-16 07:11:18'),('a80fc727-af3a-4fe0-93a8-9bc0568198af','TMO2S203','Pigtail MM OM2 SX (2,0mm) LC/PC 6m',1,1,NULL,'4e8b0f0e-e718-4150-a7fb-9dd619e413c1',100.00,1500.00,2000.00,'2b643e21-a94c-4713-93f1-f1cbde6ad633',0,1,'eko',NULL,'2020-05-16 07:11:18','2020-05-16 07:11:18'),('a89fda8d-993f-4178-9f25-719d65573850','PSD228','Patchcord SM DX (2,0mm) SC/UPC-LC/UPC 100m',1,1,NULL,'4e8b0f0e-e718-4150-a7fb-9dd619e413c1',100.00,1500.00,2000.00,'2b643e21-a94c-4713-93f1-f1cbde6ad633',1,1,'eko',NULL,'2020-05-16 07:11:18','2020-05-16 07:11:18'),('a8a14f1d-7443-4a2c-9c4c-8119f07a9176','PSS222','Patchcord SM SX (2,0mm) LC/UPC-LC/UPC 30m',1,1,NULL,'4e8b0f0e-e718-4150-a7fb-9dd619e413c1',100.00,1500.00,2000.00,'2b643e21-a94c-4713-93f1-f1cbde6ad633',1,1,'eko',NULL,'2020-05-16 07:11:18','2020-05-16 07:11:18'),('a936a120-e334-46cf-9877-f230d0a029d7','PSD305','Patchcord SM DX (3,0mm) FC/UPC-LC/UPC 20m',1,1,NULL,'4e8b0f0e-e718-4150-a7fb-9dd619e413c1',100.00,1500.00,2000.00,'2b643e21-a94c-4713-93f1-f1cbde6ad633',1,1,'eko',NULL,'2020-05-16 07:11:18','2020-05-16 07:11:18'),('aa2ad4ee-ed5e-469d-842f-c5c773fa97bb','FT784','Patchcord SM DX FC/UPC-SC/UPC (2,mm) 5M',1,1,NULL,'21fca1cd-1e44-4895-b877-7f70903c1684',100.00,1000.00,2000.00,'2b643e21-a94c-4713-93f1-f1cbde6ad633',1,1,'Irena (Production Adm)',NULL,'2020-10-18 14:16:14','2020-10-18 14:16:14'),('aab2c0d7-f202-40ec-846d-4708e8abedda','KSD2GALY','Kabel Patchcord SM DX 2.0mm G657A2 LSZH YELLOW',6,2,NULL,'d7c7f2e2-9dfc-4aef-8b3d-f4c8af970861',10000.00,750.00,1000.00,'2b643e21-a94c-4713-93f1-f1cbde6ad633',NULL,1,'Mirza Rizaldy',NULL,'2020-10-31 15:11:07','2020-10-31 15:11:07'),('ab067a68-1ac9-4338-bd37-4825a4c06d83','PG135','Plastik Gambar 13.5 x 14.5',1,1,NULL,'4e8b0f0e-e718-4150-a7fb-9dd619e413c1',100.00,1500.00,2000.00,'2b643e21-a94c-4713-93f1-f1cbde6ad633',0,1,'eko',NULL,'2020-05-16 07:11:18','2020-05-16 07:11:18'),('abdad341-d3b2-4adb-ac25-de07ee0d172c','FT808','Patchcord SM SX 3,mm SC/APC - SC/UPC 5m',1,1,NULL,'21fca1cd-1e44-4895-b877-7f70903c1684',100.00,1000.00,2000.00,'2b643e21-a94c-4713-93f1-f1cbde6ad633',1,1,'Irena (Production Adm)',NULL,'2020-10-18 15:26:17','2020-10-18 15:26:17'),('ac5ba2bc-efea-4d28-ad2f-050a9923894d','PSS246','Patchcord SM SX (2,0mm) SC/UPC-SC/UPC 1,5m',1,1,NULL,'4e8b0f0e-e718-4150-a7fb-9dd619e413c1',100.00,1500.00,2000.00,'2b643e21-a94c-4713-93f1-f1cbde6ad633',1,1,'eko',NULL,'2020-05-16 07:11:18','2020-05-16 07:11:18'),('ac62a19c-89e9-4e4b-94a3-16eb3fa3ea40','S28MOEC','Splitter 2:8 Modular ( Tanpa Connector )',1,1,NULL,'4e8b0f0e-e718-4150-a7fb-9dd619e413c1',100.00,1500.00,2000.00,'2b643e21-a94c-4713-93f1-f1cbde6ad633',0,1,'eko',NULL,'2020-05-16 07:11:18','2020-05-16 07:11:18'),('ae76e896-1f8e-4ce0-be3c-63991c7d06d8','FT807','Patchcord SM SX 3,mm SC/APC - SC/UPC 20m',1,1,NULL,'21fca1cd-1e44-4895-b877-7f70903c1684',100.00,1000.00,2000.00,'2b643e21-a94c-4713-93f1-f1cbde6ad633',1,1,'Irena (Production Adm)',NULL,'2020-10-18 15:24:47','2020-10-18 15:24:47'),('afe0d63d-7164-49d8-8488-83c1e5014c27','PSD311','Patchcord SM DX (3,0mm) LC/UPC-ST/UPC 10m',1,1,NULL,'4e8b0f0e-e718-4150-a7fb-9dd619e413c1',100.00,1500.00,2000.00,'2b643e21-a94c-4713-93f1-f1cbde6ad633',1,1,'eko',NULL,'2020-05-16 07:11:18','2020-05-16 07:11:18'),('b002c7e5-c3e2-4232-80dc-b6caf24cb080','PSS3GALY','Kabel Patchcord SM SX 3.0mm G657A2 LSZH YELLOW',6,2,NULL,'d7c7f2e2-9dfc-4aef-8b3d-f4c8af970861',10000.00,500.00,1000.00,'2b643e21-a94c-4713-93f1-f1cbde6ad633',NULL,1,'Mirza Rizaldy','Mirza Rizaldy','2020-10-31 14:51:27','2020-10-31 14:57:34'),('b044ffa6-edaf-418e-91b9-3dc4131df04e','PSS213','Patchcord SM SX (2,0mm) FC/UPC-LC/UPC 3m',1,1,NULL,'4e8b0f0e-e718-4150-a7fb-9dd619e413c1',100.00,1500.00,2000.00,'2b643e21-a94c-4713-93f1-f1cbde6ad633',1,1,'eko',NULL,'2020-05-16 07:11:18','2020-05-16 07:11:18'),('b0bf3385-b784-48cc-87ed-cf820853fe3d','R2CYOE','Roset 2 Core YOFC Tanpa Protector Sleeve,Adapter Sebelah SC/UPC',1,1,NULL,'4e8b0f0e-e718-4150-a7fb-9dd619e413c1',100.00,1500.00,2000.00,'2b643e21-a94c-4713-93f1-f1cbde6ad633',0,1,'eko',NULL,'2020-05-16 07:11:18','2020-05-16 07:11:18'),('b0cb6943-d166-4656-b635-6e353ab91b23','TSS905','Pigtail SM SX (0,9mm) LC/UPC 1m ',1,1,NULL,'4e8b0f0e-e718-4150-a7fb-9dd619e413c1',100.00,1500.00,2000.00,'2b643e21-a94c-4713-93f1-f1cbde6ad633',0,1,'eko',NULL,'2020-05-16 07:11:18','2020-05-16 07:11:18'),('b177d4e6-1bb6-4b24-be9f-6862cc06ab00','FT804','Connector kit SM 3,mm LC/UPC',2,1,NULL,'21fca1cd-1e44-4895-b877-7f70903c1684',100.00,1000.00,2000.00,'2b643e21-a94c-4713-93f1-f1cbde6ad633',1,1,'Admin Gudang (Katerine)',NULL,'2020-10-18 12:06:07','2020-10-18 12:06:07'),('b2105b43-49d8-4317-897e-63bf07787375','SSS23','SIMPLEX STOPPER SC (2,00mm, 3,00mm)',1,1,NULL,'4e8b0f0e-e718-4150-a7fb-9dd619e413c1',100.00,1500.00,2000.00,'2b643e21-a94c-4713-93f1-f1cbde6ad633',0,1,'eko',NULL,'2020-05-16 07:11:18','2020-05-16 07:11:18'),('b28247d0-1c3f-421c-88f6-daf81b7b4197','P1C003','Precon 1 Core SC/APC-SC/APC 200M',1,1,NULL,'4e8b0f0e-e718-4150-a7fb-9dd619e413c1',100.00,1500.00,2000.00,'2b643e21-a94c-4713-93f1-f1cbde6ad633',0,1,'eko',NULL,'2020-05-16 07:11:18','2020-05-16 07:11:18'),('b2a5ee77-139b-451a-abae-3f404a39fb65','S14MOSUR','Splitter 1:4 Modular SC/UPC (Ryutelco)',1,1,NULL,'4e8b0f0e-e718-4150-a7fb-9dd619e413c1',100.00,1500.00,2000.00,'2b643e21-a94c-4713-93f1-f1cbde6ad633',0,1,'eko',NULL,'2020-05-16 07:11:18','2020-05-16 07:11:18'),('b2d8bbf3-3397-4e96-af82-d98c6e851b15','FT805','Connector kit FC/UPC SM 3,mm',2,1,NULL,'21fca1cd-1e44-4895-b877-7f70903c1684',100.00,1000.00,2000.00,'2b643e21-a94c-4713-93f1-f1cbde6ad633',1,1,'Admin Gudang (Katerine)',NULL,'2020-10-18 11:52:15','2020-10-18 11:52:15'),('b2dcd8d9-4f62-49ae-9cef-cc9b3e3d00c4','PSD236','Patchcord SM DX (2,0mm) SC/UPC-LC/UPC 3m',1,1,NULL,'4e8b0f0e-e718-4150-a7fb-9dd619e413c1',100.00,1500.00,2000.00,'2b643e21-a94c-4713-93f1-f1cbde6ad633',1,1,'eko',NULL,'2020-05-16 07:11:18','2020-05-16 07:11:18'),('b36f568e-371e-4a3c-8ff1-02403c5cde32','GJYXFCH1','Dropcable - GJYXFCH-B/1, LSZH, GFRP , FLAT CABLE , G675A1 , 1 SELING - 1 Core - FTI',6,2,NULL,'21fca1cd-1e44-4895-b877-7f70903c1684',10000.00,600000.00,675000.00,'2b643e21-a94c-4713-93f1-f1cbde6ad633',NULL,1,'Mirza Rizaldy','Mirza Rizaldy','2020-10-31 13:35:36','2020-10-31 15:20:12'),('b38d0037-ccd6-45f5-9536-ab0013d7b002','PSS217','Patchcord SM SX (2,0mm) LC/UPC-LC/UPC 10m',1,1,NULL,'4e8b0f0e-e718-4150-a7fb-9dd619e413c1',100.00,1500.00,2000.00,'2b643e21-a94c-4713-93f1-f1cbde6ad633',1,1,'eko',NULL,'2020-05-16 07:11:18','2020-05-16 07:11:18'),('b3dbf294-8fdd-413b-b2d9-44a92c79809d','TSS903','Pigtail SM SX (0,9mm) FC/UPC 1m',1,1,NULL,'4e8b0f0e-e718-4150-a7fb-9dd619e413c1',100.00,1500.00,2000.00,'2b643e21-a94c-4713-93f1-f1cbde6ad633',0,1,'eko',NULL,'2020-05-16 07:11:18','2020-05-16 07:11:18'),('b48003d4-d410-4607-80f8-4566adfe5dd9','TSD203','Pigtail SM DX (2,0mm) FC/UPC 3m',1,1,NULL,'4e8b0f0e-e718-4150-a7fb-9dd619e413c1',100.00,1500.00,2000.00,'2b643e21-a94c-4713-93f1-f1cbde6ad633',0,1,'eko',NULL,'2020-05-16 07:11:18','2020-05-16 07:11:18'),('b4a0e08b-8b4f-41e7-8882-948daaf6d3a3','TSD201','Pigtail SM DX (2,0mm) FC/UPC 1m',1,1,NULL,'4e8b0f0e-e718-4150-a7fb-9dd619e413c1',100.00,1500.00,2000.00,'2b643e21-a94c-4713-93f1-f1cbde6ad633',0,1,'eko',NULL,'2020-05-16 07:11:18','2020-05-16 07:11:18'),('b52e7a7a-51f5-47b4-9380-d0396f05b9cc','S18PLSUW','Splitter 1:8 PLC SC/UPC (Putih)',1,1,NULL,'4e8b0f0e-e718-4150-a7fb-9dd619e413c1',100.00,1500.00,2000.00,'2b643e21-a94c-4713-93f1-f1cbde6ad633',0,1,'eko',NULL,'2020-05-16 07:11:18','2020-05-16 07:11:18'),('b577d546-c42c-4e8a-9ef9-3d70d8bb28e2','DCA66B1','SM DUCT CABLE ARMORED 6 Core/GYFA-6B1.3/1Tube',1,1,NULL,'4e8b0f0e-e718-4150-a7fb-9dd619e413c1',100.00,1500.00,2000.00,'2b643e21-a94c-4713-93f1-f1cbde6ad633',0,1,'eko',NULL,'2020-05-16 07:11:18','2020-05-16 07:11:18'),('b6bcde29-e5fc-49cb-aa1e-7154d0ebb53f','TSS907','Pigtail SM SX (0,9mm) SC/APC 2m (Putih)',1,1,NULL,'4e8b0f0e-e718-4150-a7fb-9dd619e413c1',100.00,1500.00,2000.00,'2b643e21-a94c-4713-93f1-f1cbde6ad633',0,1,'eko',NULL,'2020-05-16 07:11:18','2020-05-16 07:11:18'),('b753fea6-8159-4b24-8159-62d927214485','PSS328','Patchcord SM SX (3,0mm) SC/UPC-SC/UPC 10m',1,1,NULL,'4e8b0f0e-e718-4150-a7fb-9dd619e413c1',100.00,1500.00,2000.00,'2b643e21-a94c-4713-93f1-f1cbde6ad633',1,1,'eko',NULL,'2020-05-16 07:11:18','2020-05-16 07:11:18'),('b78c2923-ba08-4711-8444-9bee04841dd0','PSS237','Patchcord SM SX (2,0mm) SC/UPC-LC/UPC 1,5m',1,1,NULL,'4e8b0f0e-e718-4150-a7fb-9dd619e413c1',100.00,1500.00,2000.00,'2b643e21-a94c-4713-93f1-f1cbde6ad633',1,1,'eko',NULL,'2020-05-16 07:11:18','2020-05-16 07:11:18'),('b87282e1-0711-442d-9f0b-9af422ac94d0','S18PLSUR','Splitter 1:8 PLC SC/UPC (Rainbow)',1,1,NULL,'4e8b0f0e-e718-4150-a7fb-9dd619e413c1',100.00,1500.00,2000.00,'2b643e21-a94c-4713-93f1-f1cbde6ad633',0,1,'eko',NULL,'2020-05-16 07:11:18','2020-05-16 07:11:18'),('b8d951e7-fbc2-4f75-afee-9fcceee6eceb','DCA122D2','SM DUCT CABLE ARMORED 12 Core/GYFA 12 G652D/2Tube',1,1,NULL,'4e8b0f0e-e718-4150-a7fb-9dd619e413c1',100.00,1500.00,2000.00,'2b643e21-a94c-4713-93f1-f1cbde6ad633',0,1,'eko',NULL,'2020-05-16 07:11:18','2020-05-16 07:11:18'),('b90b5eb4-a279-47c2-9472-fc601afe479c','PB12FT001','Pigtail Bundle 12 Core SC/APC 1,5M',1,1,NULL,'4e8b0f0e-e718-4150-a7fb-9dd619e413c1',100.00,1500.00,2000.00,'2b643e21-a94c-4713-93f1-f1cbde6ad633',0,1,'eko',NULL,'2020-05-16 07:11:18','2020-05-16 07:11:18'),('b96186cd-7f13-487d-bf74-575106d31376','PSS201','Patchcord SM SX (2,0mm) FC/APC-FC/APC 1m',1,1,NULL,'4e8b0f0e-e718-4150-a7fb-9dd619e413c1',100.00,1500.00,2000.00,'2b643e21-a94c-4713-93f1-f1cbde6ad633',1,1,'eko',NULL,'2020-05-16 07:11:18','2020-05-16 07:11:18'),('b9b36732-c249-4df2-a031-f0a21c14657d','PSD301','Patchcord SM DX (3,0mm) FC/UPC-FC/UPC 2m',1,1,NULL,'4e8b0f0e-e718-4150-a7fb-9dd619e413c1',100.00,1500.00,2000.00,'2b643e21-a94c-4713-93f1-f1cbde6ad633',1,1,'eko',NULL,'2020-05-16 07:11:18','2020-05-16 07:11:18'),('ba3745cf-4a31-4f7a-9b64-7b6cd342eca7','PSS229','Patchcord SM SX (2,0mm) SC/APC-LC/APC 3m',1,1,NULL,'4e8b0f0e-e718-4150-a7fb-9dd619e413c1',100.00,1500.00,2000.00,'2b643e21-a94c-4713-93f1-f1cbde6ad633',1,1,'eko',NULL,'2020-05-16 07:11:18','2020-05-16 07:11:18'),('bad6a056-1add-4cb9-8625-c79b562faecf','PSS241','Patchcord SM SX (2,0mm) SC/UPC-LC/UPC 2m',1,1,NULL,'4e8b0f0e-e718-4150-a7fb-9dd619e413c1',100.00,1500.00,2000.00,'2b643e21-a94c-4713-93f1-f1cbde6ad633',1,1,'eko',NULL,'2020-05-16 07:11:18','2020-05-16 07:11:18'),('bb6e2a56-d913-460b-bf8c-77775bc6cc17','FT822','Patchcord SM SX 3.mm FC/UPC-FC/UPC 15M',1,1,NULL,'21fca1cd-1e44-4895-b877-7f70903c1684',100.00,1000.00,2000.00,'2b643e21-a94c-4713-93f1-f1cbde6ad633',1,1,'Admin Gudang (Katerine)',NULL,'2020-10-18 15:00:32','2020-10-18 15:00:32'),('bc09ab9a-f8ea-4a6b-b0c6-f4f8701e7959','PSDOD03','Patchcord SM DX Out Door SC/UPC-LC/UPC 5m Heat Shrink Hitam PAZ',1,1,NULL,'4e8b0f0e-e718-4150-a7fb-9dd619e413c1',100.00,1500.00,2000.00,'2b643e21-a94c-4713-93f1-f1cbde6ad633',1,1,'eko',NULL,'2020-05-16 07:11:18','2020-05-16 07:11:18'),('bc520efc-5823-4f33-8012-e1ef5591ace3','PSD304','Patchcord SM DX (3,0mm) FC/UPC-LC/UPC 1m',1,1,NULL,'4e8b0f0e-e718-4150-a7fb-9dd619e413c1',100.00,1500.00,2000.00,'2b643e21-a94c-4713-93f1-f1cbde6ad633',1,1,'eko',NULL,'2020-05-16 07:11:18','2020-05-16 07:11:18'),('bc7e4d93-bc3d-40cb-957f-441d563e6122','STSU2','STOPPER ST UPC (2,00mm)',1,1,NULL,'4e8b0f0e-e718-4150-a7fb-9dd619e413c1',100.00,1500.00,2000.00,'2b643e21-a94c-4713-93f1-f1cbde6ad633',0,1,'eko',NULL,'2020-05-16 07:11:18','2020-05-16 07:11:18'),('bca2bcb9-3479-4676-8121-0f39bbb74232','KSM9GALY','Kabel Pigtail SM 0.9 mm G657A2 LSZH Yellow',6,2,NULL,'d7c7f2e2-9dfc-4aef-8b3d-f4c8af970861',10000.00,310.50,585.00,'2b643e21-a94c-4713-93f1-f1cbde6ad633',NULL,1,'Mirza Rizaldy','Mirza Rizaldy','2020-10-31 14:11:55','2020-10-31 16:54:12'),('bd76bef8-460e-42f7-958e-a6b901164968','SS923','SPRING SC - FC (0,9mm), 2,00mm, 3,00mm)',1,1,NULL,'4e8b0f0e-e718-4150-a7fb-9dd619e413c1',100.00,1500.00,2000.00,'2b643e21-a94c-4713-93f1-f1cbde6ad633',0,1,'eko',NULL,'2020-05-16 07:11:18','2020-05-16 07:11:18'),('bdc70188-9d09-4df3-a48f-ba37877ee391','FT820','Patchcord SM DX 3.mm FC/UPC-SC/UPC 20M',1,1,NULL,'21fca1cd-1e44-4895-b877-7f70903c1684',100.00,1000.00,2000.00,'2b643e21-a94c-4713-93f1-f1cbde6ad633',1,1,'Irena (Production Adm)',NULL,'2020-10-18 14:08:26','2020-10-18 14:08:26'),('be4df46f-c7bb-4401-859f-4d414d033480','FT818','Connector kit LC/APC SX 0,9mm',2,1,NULL,'21fca1cd-1e44-4895-b877-7f70903c1684',100.00,1000.00,2000.00,'2b643e21-a94c-4713-93f1-f1cbde6ad633',1,1,'Admin Gudang (Katerine)',NULL,'2020-10-18 11:54:15','2020-10-18 11:54:15'),('be79e0af-e670-4695-868e-82823a7fd9de','S14PLSAWN','Splitter 1:4 PLC SC/APC (putih) No brand',1,1,NULL,'4e8b0f0e-e718-4150-a7fb-9dd619e413c1',100.00,1500.00,2000.00,'2b643e21-a94c-4713-93f1-f1cbde6ad633',0,1,'eko',NULL,'2020-05-16 07:11:18','2020-05-16 07:11:18'),('bf1a910a-9b04-4d75-959f-d576324ec881','PSD247','Patchcord SM DX (2,0mm) ST/UPC-SC/UPC 5m',1,1,NULL,'4e8b0f0e-e718-4150-a7fb-9dd619e413c1',100.00,1500.00,2000.00,'2b643e21-a94c-4713-93f1-f1cbde6ad633',1,1,'eko',NULL,'2020-05-16 07:11:18','2020-05-16 07:11:18'),('bf1f7816-4191-472f-bba7-9816927e064d','PSD314','Patchcord SM DX (3,0mm) SC/APC-LC/APC 1m',1,1,NULL,'4e8b0f0e-e718-4150-a7fb-9dd619e413c1',100.00,1500.00,2000.00,'2b643e21-a94c-4713-93f1-f1cbde6ad633',1,1,'eko',NULL,'2020-05-16 07:11:18','2020-05-16 07:11:18'),('bf359216-bf1b-4fe1-8144-4e283cfd13d9','P2023','Plastik 20 x 23',1,1,NULL,'4e8b0f0e-e718-4150-a7fb-9dd619e413c1',100.00,1500.00,2000.00,'2b643e21-a94c-4713-93f1-f1cbde6ad633',0,1,'eko',NULL,'2020-05-16 07:11:18','2020-05-16 07:11:18'),('bf9f5f1d-5baa-46cf-a369-c135cd1ac2fc','TMO2S208','Pigtail MM OM2 SX (2,0mm) ST/PC 1,2m ',1,1,NULL,'4e8b0f0e-e718-4150-a7fb-9dd619e413c1',100.00,1500.00,2000.00,'2b643e21-a94c-4713-93f1-f1cbde6ad633',0,1,'eko',NULL,'2020-05-16 07:11:18','2020-05-16 07:11:18'),('c031725c-db20-4f33-933f-e96630deb077','FT785','Patchcord SM DX SC/UPC-LC/UPC (2,mm) 5M',1,1,NULL,'21fca1cd-1e44-4895-b877-7f70903c1684',100.00,1000.00,2000.00,'2b643e21-a94c-4713-93f1-f1cbde6ad633',1,1,'Irena (Production Adm)',NULL,'2020-10-18 14:23:40','2020-10-18 14:23:40'),('c2219f25-2568-48b6-ad03-f9d934226cb7','R4CWC','Roset 4 Core (Tanpa Kardus )',1,1,NULL,'4e8b0f0e-e718-4150-a7fb-9dd619e413c1',100.00,1500.00,2000.00,'2b643e21-a94c-4713-93f1-f1cbde6ad633',0,1,'eko',NULL,'2020-05-16 07:11:18','2020-05-16 07:11:18'),('c2ca482a-feba-4e0c-a24c-b84cc28f6c07','FT794','Patchcord SM SX SC/UPC-LC/UPC (2,mm) 1,5M',1,1,NULL,'21fca1cd-1e44-4895-b877-7f70903c1684',100.00,1000.00,2000.00,'2b643e21-a94c-4713-93f1-f1cbde6ad633',1,1,'Admin Gudang (Katerine)',NULL,'2020-10-18 15:15:34','2020-10-18 15:15:34'),('c3a61d6f-db0f-4039-946f-2636679c4dbe','FT817','Connector kit LC/APC SX 3,mm',2,1,NULL,'21fca1cd-1e44-4895-b877-7f70903c1684',100.00,1000.00,2000.00,'2b643e21-a94c-4713-93f1-f1cbde6ad633',1,1,'Admin Gudang (Katerine)',NULL,'2020-10-18 12:00:20','2020-10-18 12:00:20'),('c3afe7fd-faff-45b3-877c-c90e93cdee73','RB','Rak Besi',1,1,NULL,'4e8b0f0e-e718-4150-a7fb-9dd619e413c1',100.00,1500.00,2000.00,'2b643e21-a94c-4713-93f1-f1cbde6ad633',0,1,'eko',NULL,'2020-05-16 07:11:18','2020-05-16 07:11:18'),('c45182fa-fae3-4fac-af65-4648664aaf5e','PSS233','Patchcord SM SX (2,0mm) SC/APC-SC/UPC 10m',1,1,NULL,'4e8b0f0e-e718-4150-a7fb-9dd619e413c1',100.00,1500.00,2000.00,'2b643e21-a94c-4713-93f1-f1cbde6ad633',1,1,'eko',NULL,'2020-05-16 07:11:18','2020-05-16 07:11:18'),('c4786c8e-b26a-4c4d-8c9a-89ed5d0ba5c4','PSS209','Patchcord SM SX (2,0mm) FC/UPC-LC/UPC 1m',1,1,NULL,'4e8b0f0e-e718-4150-a7fb-9dd619e413c1',100.00,1500.00,2000.00,'2b643e21-a94c-4713-93f1-f1cbde6ad633',1,1,'eko',NULL,'2020-05-16 07:11:18','2020-05-16 07:11:18'),('c4793473-e304-420f-a80b-10d3793fee20','KSM9GDLY','Kabel Pigtail SM 0.9 mm G652D LSZH Yellow',6,2,NULL,'d7c7f2e2-9dfc-4aef-8b3d-f4c8af970861',10000.00,256.50,585.00,'2b643e21-a94c-4713-93f1-f1cbde6ad633',NULL,1,'Mirza Rizaldy','Mirza Rizaldy','2020-10-31 14:14:35','2020-10-31 16:56:00'),('c49ffd8c-556a-47bf-91d0-76e1dca5b182','VFALOA','Visual Fault Locator AMG',1,1,NULL,'4e8b0f0e-e718-4150-a7fb-9dd619e413c1',100.00,1500.00,2000.00,'2b643e21-a94c-4713-93f1-f1cbde6ad633',0,1,'eko',NULL,'2020-05-16 07:11:18','2020-05-16 07:11:18'),('c4ae4929-d6ea-43cb-8772-aec41dc457da','TS1000','Tissue 1000gr',1,1,NULL,'4e8b0f0e-e718-4150-a7fb-9dd619e413c1',100.00,1500.00,2000.00,'2b643e21-a94c-4713-93f1-f1cbde6ad633',0,1,'eko',NULL,'2020-05-16 07:11:18','2020-05-16 07:11:18'),('c65a6918-f6da-42cd-9563-6c701c7b71c3','ROCS','Rotary Cable stripper',1,1,NULL,'4e8b0f0e-e718-4150-a7fb-9dd619e413c1',100.00,1500.00,2000.00,'2b643e21-a94c-4713-93f1-f1cbde6ad633',0,1,'eko',NULL,'2020-05-16 07:11:18','2020-05-16 07:11:18'),('c7e32d07-d619-4604-a41f-02d07ff021c3','FT819','Connector kit LC/APC SX 2,mm',2,1,NULL,'21fca1cd-1e44-4895-b877-7f70903c1684',100.00,1000.00,2000.00,'2b643e21-a94c-4713-93f1-f1cbde6ad633',1,1,'Admin Gudang (Katerine)','Admin Gudang (Katerine)','2020-10-18 11:56:07','2020-10-18 11:56:26'),('c91cce56-d608-4e60-924c-564ae011d0cb','SMNT','Spray Mount ',1,1,NULL,'4e8b0f0e-e718-4150-a7fb-9dd619e413c1',100.00,1500.00,2000.00,'2b643e21-a94c-4713-93f1-f1cbde6ad633',0,1,'eko',NULL,'2020-05-16 07:11:18','2020-05-16 07:11:18'),('c945a0d7-7c85-445b-bfc2-e8463c980b55','PSD225','Patchcord SM DX (2,0mm) SC/UPC-FC/UPC 3m',1,1,NULL,'4e8b0f0e-e718-4150-a7fb-9dd619e413c1',100.00,1500.00,2000.00,'2b643e21-a94c-4713-93f1-f1cbde6ad633',1,1,'eko',NULL,'2020-05-16 07:11:18','2020-05-16 07:11:18'),('ca2ae5dc-b8f1-4812-a669-c7b56dd7580f','KSD3GDLY','Kabel Patchcord SM DX 3.0mm G652D LSZH',6,2,NULL,'d7c7f2e2-9dfc-4aef-8b3d-f4c8af970861',10000.00,750.00,1000.00,'2b643e21-a94c-4713-93f1-f1cbde6ad633',NULL,1,'Mirza Rizaldy',NULL,'2020-10-31 15:25:12','2020-10-31 15:25:12'),('ca3b8734-416f-4c38-ae27-06aa445c4c46','STPFIM','Stripper Fis Import',1,1,NULL,'4e8b0f0e-e718-4150-a7fb-9dd619e413c1',100.00,1500.00,2000.00,'2b643e21-a94c-4713-93f1-f1cbde6ad633',0,1,'eko',NULL,'2020-05-16 07:11:18','2020-05-16 07:11:18'),('ca8808c1-a6b4-47b2-879b-d988c8ad41d5','PSS226','Patchcord SM SX (2,0mm) SC/APC-FC/UPC 10m',1,1,NULL,'4e8b0f0e-e718-4150-a7fb-9dd619e413c1',100.00,1500.00,2000.00,'2b643e21-a94c-4713-93f1-f1cbde6ad633',1,1,'eko',NULL,'2020-05-16 07:11:18','2020-05-16 07:11:18'),('cac3b4e2-b505-411b-a2c6-d213e4a37ab3','ZLUMN','Zig Housing LC/UPC  (Mesin Manual)',1,1,NULL,'4e8b0f0e-e718-4150-a7fb-9dd619e413c1',100.00,1500.00,2000.00,'2b643e21-a94c-4713-93f1-f1cbde6ad633',0,1,'eko',NULL,'2020-05-16 07:11:18','2020-05-16 07:11:18'),('cacd3d3b-6221-4b09-9317-2843bd9b0fc4','SOSAB','SOC SC/APC ( Belum Terkupas )',1,1,NULL,'4e8b0f0e-e718-4150-a7fb-9dd619e413c1',100.00,1500.00,2000.00,'2b643e21-a94c-4713-93f1-f1cbde6ad633',0,1,'eko',NULL,'2020-05-16 07:11:18','2020-05-16 07:11:18'),('caf4f611-d1e1-4675-980d-080204c9b564','L52AM','Tangga 5,2m AMG',1,1,NULL,'4e8b0f0e-e718-4150-a7fb-9dd619e413c1',100.00,1500.00,2000.00,'2b643e21-a94c-4713-93f1-f1cbde6ad633',0,1,'eko',NULL,'2020-05-16 07:11:18','2020-05-16 07:11:18'),('cafffcf1-dac2-43f7-abc0-32a384bba042','PSS218','Patchcord SM SX (2,0mm) LC/UPC-LC/UPC 15m',1,1,NULL,'4e8b0f0e-e718-4150-a7fb-9dd619e413c1',100.00,1500.00,2000.00,'2b643e21-a94c-4713-93f1-f1cbde6ad633',1,1,'eko',NULL,'2020-05-16 07:11:18','2020-05-16 07:11:18'),('cb182e47-a590-45b8-ad40-c54112d666d4','FT793','Patchcord SM SX SC/APC-SC/UPC (3,mm) 1M',1,1,NULL,'21fca1cd-1e44-4895-b877-7f70903c1684',100.00,1000.00,2000.00,'2b643e21-a94c-4713-93f1-f1cbde6ad633',1,1,'Admin Gudang (Katerine)',NULL,'2020-10-18 15:13:30','2020-10-18 15:13:30'),('cbb34c1d-073e-45d5-aee3-4be689240e85','KSD3GALY','Kabel Patchcord SM DX 3.0mm G657A2 LSZH YELLOW',6,2,NULL,'d7c7f2e2-9dfc-4aef-8b3d-f4c8af970861',10000.00,750.00,1000.00,'2b643e21-a94c-4713-93f1-f1cbde6ad633',NULL,1,'Mirza Rizaldy',NULL,'2020-10-31 15:17:50','2020-10-31 15:17:50'),('cbc27e69-e7ee-4ce8-8a55-481412007052','FT783','Saklar',1,1,NULL,'21fca1cd-1e44-4895-b877-7f70903c1684',100.00,1000.00,2000.00,'2b643e21-a94c-4713-93f1-f1cbde6ad633',1,1,'Admin Gudang (Katerine)',NULL,'2020-10-18 14:10:13','2020-10-18 14:10:13'),('cc4b6b7f-4710-46a0-b958-d52e1aa4a7df','TMO2S202','Pigtail MM OM2 SX (2,0mm) FC/PC 3m',1,1,NULL,'4e8b0f0e-e718-4150-a7fb-9dd619e413c1',100.00,1500.00,2000.00,'2b643e21-a94c-4713-93f1-f1cbde6ad633',0,1,'eko',NULL,'2020-05-16 07:11:18','2020-05-16 07:11:18'),('cdd7fc5c-edc7-4ef4-ba2c-b7008fca334b','PSD315','Patchcord SM DX (3,0mm) SC/APC-LC/UPC 3m',1,1,NULL,'4e8b0f0e-e718-4150-a7fb-9dd619e413c1',100.00,1500.00,2000.00,'2b643e21-a94c-4713-93f1-f1cbde6ad633',1,1,'eko',NULL,'2020-05-16 07:11:18','2020-05-16 07:11:18'),('cde6e9b4-ad15-4734-8d7d-f4c1726de623','PSD326','Patchcord SM DX (3,0mm) SC/UPC-SC/UPC 1m',1,1,NULL,'4e8b0f0e-e718-4150-a7fb-9dd619e413c1',100.00,1500.00,2000.00,'2b643e21-a94c-4713-93f1-f1cbde6ad633',1,1,'eko',NULL,'2020-05-16 07:11:18','2020-05-16 07:11:18'),('cec013b8-961d-4464-a289-6da2fec82770','PSS304','Patchcord SM SX (3,0mm) FC/UPC-LC/UPC 10m',1,1,NULL,'4e8b0f0e-e718-4150-a7fb-9dd619e413c1',100.00,1500.00,2000.00,'2b643e21-a94c-4713-93f1-f1cbde6ad633',1,1,'eko',NULL,'2020-05-16 07:11:18','2020-05-16 07:11:18'),('cf02d601-1d27-4dc7-9cff-2074a7c1e6ad','SCLPCL','Smart Cleaner LC (Pen Cleaner LC)',1,1,NULL,'4e8b0f0e-e718-4150-a7fb-9dd619e413c1',100.00,1500.00,2000.00,'2b643e21-a94c-4713-93f1-f1cbde6ad633',0,1,'eko',NULL,'2020-05-16 07:11:18','2020-05-16 07:11:18'),('cfadd0c2-e5a5-4ca2-ba47-f9a83499f279','SL923','SPRING LC (0,9mm), 2,00mm, 3,00mm)',1,1,NULL,'4e8b0f0e-e718-4150-a7fb-9dd619e413c1',100.00,1500.00,2000.00,'2b643e21-a94c-4713-93f1-f1cbde6ad633',0,1,'eko',NULL,'2020-05-16 07:11:18','2020-05-16 07:11:18'),('cfb66ce2-2e83-4b40-9977-75e91cb6c98f','S18MOSUY','Splitter 1:8 Modular SC/UPC YOFC',1,1,NULL,'4e8b0f0e-e718-4150-a7fb-9dd619e413c1',100.00,1500.00,2000.00,'2b643e21-a94c-4713-93f1-f1cbde6ad633',0,1,'eko',NULL,'2020-05-16 07:11:18','2020-05-16 07:11:18'),('cfb90e95-68f9-4cd0-b41a-d8a95d337bc9','PSS315','Patchcord SM SX (3,0mm) SC/APC-FC/UPC 20m',1,1,NULL,'4e8b0f0e-e718-4150-a7fb-9dd619e413c1',100.00,1500.00,2000.00,'2b643e21-a94c-4713-93f1-f1cbde6ad633',1,1,'eko',NULL,'2020-05-16 07:11:18','2020-05-16 07:11:18'),('cfcaef90-1fcc-47d4-a12f-491661ec435b','JMPFSD30','Makloon patchcord sm dx 3mm sc upc - lc upc 15M',8,1,NULL,'21fca1cd-1e44-4895-b877-7f70903c1684',1.00,5000.00,7500.00,'2b643e21-a94c-4713-93f1-f1cbde6ad633',1,1,'Mirza Rizaldy',NULL,'2020-10-31 12:56:09','2020-10-31 12:56:09'),('d274c87c-12c3-4106-8679-7ff066154f36','PSS302','Patchcord SM SX (3,0mm) FC/UPC-FC/UPC 20m',1,1,NULL,'4e8b0f0e-e718-4150-a7fb-9dd619e413c1',100.00,1500.00,2000.00,'2b643e21-a94c-4713-93f1-f1cbde6ad633',1,1,'eko',NULL,'2020-05-16 07:11:18','2020-05-16 07:11:18'),('d282e0c4-5599-45a7-b80d-36fb01d10f54','PSS334','Patchcord SM SX (3,0mm) SC/UPC-SC/UPC 5m',1,1,NULL,'4e8b0f0e-e718-4150-a7fb-9dd619e413c1',100.00,1500.00,2000.00,'2b643e21-a94c-4713-93f1-f1cbde6ad633',1,1,'eko',NULL,'2020-05-16 07:11:18','2020-05-16 07:11:18'),('d2b7a8d6-6f36-47ae-beac-fdda2a1d315f','FT788','Patchcord SM SX LC/UPC-FC/UPC (2,mm) 40M',1,1,NULL,'21fca1cd-1e44-4895-b877-7f70903c1684',100.00,1000.00,2000.00,'2b643e21-a94c-4713-93f1-f1cbde6ad633',1,1,'Admin Gudang (Katerine)',NULL,'2020-10-18 15:10:36','2020-10-18 15:10:36'),('d3829fea-5f09-45e8-90c6-16b628e6df9f','ZSUMN','Zig SC/UPC  (Mesin Manual)',1,1,NULL,'4e8b0f0e-e718-4150-a7fb-9dd619e413c1',100.00,1500.00,2000.00,'2b643e21-a94c-4713-93f1-f1cbde6ad633',0,1,'eko',NULL,'2020-05-16 07:11:18','2020-05-16 07:11:18'),('d556eca2-61dd-4a8d-8dcf-d1a9de3000d9','TSS303','Pigtail SM SX (3,0mm) SC/UPC 1,5m',1,1,NULL,'4e8b0f0e-e718-4150-a7fb-9dd619e413c1',100.00,1500.00,2000.00,'2b643e21-a94c-4713-93f1-f1cbde6ad633',0,1,'eko',NULL,'2020-05-16 07:11:18','2020-05-16 07:11:18'),('d6dd0772-93f6-478d-b5aa-1feaba91830f','PSD246','Patchcord SM DX (2,0mm) SC/UPC-ST/UPC 3m',1,1,NULL,'4e8b0f0e-e718-4150-a7fb-9dd619e413c1',100.00,1500.00,2000.00,'2b643e21-a94c-4713-93f1-f1cbde6ad633',1,1,'eko',NULL,'2020-05-16 07:11:18','2020-05-16 07:11:18'),('d70aa921-d273-4ee5-a139-b621834ae165','FT811','Patchcord SM SX 2,mm SC/APC-SC/UPC 2m',1,1,NULL,'21fca1cd-1e44-4895-b877-7f70903c1684',100.00,1000.00,2000.00,'2b643e21-a94c-4713-93f1-f1cbde6ad633',1,1,'Irena (Production Adm)',NULL,'2020-10-18 15:18:39','2020-10-18 15:18:39'),('d78490b7-e743-42fe-ad32-2b8bb30e45a8','SCLJP','S Clamp Jepit',1,1,NULL,'4e8b0f0e-e718-4150-a7fb-9dd619e413c1',100.00,1500.00,2000.00,'2b643e21-a94c-4713-93f1-f1cbde6ad633',0,1,'eko',NULL,'2020-05-16 07:11:18','2020-05-16 07:11:18'),('d8086f7e-ac04-4f53-9b36-43170f105ac8','PBKS','Pedestal Besar Kosongan ',1,1,NULL,'4e8b0f0e-e718-4150-a7fb-9dd619e413c1',100.00,1500.00,2000.00,'2b643e21-a94c-4713-93f1-f1cbde6ad633',0,1,'eko',NULL,'2020-05-16 07:11:18','2020-05-16 07:11:18'),('d9ea8164-aff7-4501-b2b3-71a7592e7dff','WBBL','Wrapping Bubble Bening',1,1,NULL,'4e8b0f0e-e718-4150-a7fb-9dd619e413c1',100.00,1500.00,2000.00,'2b643e21-a94c-4713-93f1-f1cbde6ad633',0,1,'eko',NULL,'2020-05-16 07:11:18','2020-05-16 07:11:18'),('da59bc17-ffaa-4db8-80cc-019de857ad3c','PSD219','Patchcord SM DX (2,0mm) SC/APC-LC/UPC 30m',1,1,NULL,'4e8b0f0e-e718-4150-a7fb-9dd619e413c1',100.00,1500.00,2000.00,'2b643e21-a94c-4713-93f1-f1cbde6ad633',1,1,'eko',NULL,'2020-05-16 07:11:18','2020-05-16 07:11:18'),('dad876ca-64c5-4a10-9bc3-3b3480714007','PSS239','Patchcord SM SX (2,0mm) SC/UPC-LC/UPC 1m',1,1,NULL,'4e8b0f0e-e718-4150-a7fb-9dd619e413c1',100.00,1500.00,2000.00,'2b643e21-a94c-4713-93f1-f1cbde6ad633',1,1,'eko',NULL,'2020-05-16 07:11:18','2020-05-16 07:11:18'),('dae85cab-739f-4670-b04a-da850053ebab','KUFO12CSPT','Kabel AERIAL/ KU FO 12Core SCPT (Y)',1,2,NULL,'9c4257b6-3a16-4c61-9dc0-04fe2ef5d514',5000.00,1000.00,2000.00,'2b643e21-a94c-4713-93f1-f1cbde6ad633',NULL,1,'Mirza Rizaldy',NULL,'2020-10-01 19:04:50','2020-10-01 19:04:50'),('db1f1600-d4fc-463e-b91b-e7def726df8f','PSS320','Patchcord SM SX (3,0mm) SC/APC-SC/APC 5m',1,1,NULL,'4e8b0f0e-e718-4150-a7fb-9dd619e413c1',100.00,1500.00,2000.00,'2b643e21-a94c-4713-93f1-f1cbde6ad633',1,1,'eko',NULL,'2020-05-16 07:11:18','2020-05-16 07:11:18'),('db1f6192-d365-4837-a20f-1621fd11a32f','TSS916','Pigtail SM SX (0,9mm) ST/UPC 1m ',1,1,NULL,'4e8b0f0e-e718-4150-a7fb-9dd619e413c1',100.00,1500.00,2000.00,'2b643e21-a94c-4713-93f1-f1cbde6ad633',0,1,'eko',NULL,'2020-05-16 07:11:18','2020-05-16 07:11:18'),('db8c2059-3cf8-459f-994d-5120fe1b39db','SYR1M','Suntikan 1ml',1,1,NULL,'4e8b0f0e-e718-4150-a7fb-9dd619e413c1',100.00,1500.00,2000.00,'2b643e21-a94c-4713-93f1-f1cbde6ad633',0,1,'eko',NULL,'2020-05-16 07:11:18','2020-05-16 07:11:18'),('dcdbaf2c-c5ac-4a4c-8590-2bfa12b370d0','PSS307','Patchcord SM SX (3,0mm) FC/UPC-SC/APC 5m',1,1,NULL,'4e8b0f0e-e718-4150-a7fb-9dd619e413c1',100.00,1500.00,2000.00,'2b643e21-a94c-4713-93f1-f1cbde6ad633',1,1,'eko',NULL,'2020-05-16 07:11:18','2020-05-16 07:11:18'),('dd6a729f-e71f-468c-a249-7f7fdaf0c169','VCO','Velcro',1,1,NULL,'4e8b0f0e-e718-4150-a7fb-9dd619e413c1',100.00,1500.00,2000.00,'2b643e21-a94c-4713-93f1-f1cbde6ad633',0,1,'eko',NULL,'2020-05-16 07:11:18','2020-05-16 07:11:18'),('ddfbac1f-f946-425a-b7c6-bba1ea8b91c6','STLSB','Stainless Biasa',1,1,NULL,'4e8b0f0e-e718-4150-a7fb-9dd619e413c1',100.00,1500.00,2000.00,'2b643e21-a94c-4713-93f1-f1cbde6ad633',0,1,'eko',NULL,'2020-05-16 07:11:18','2020-05-16 07:11:18'),('df4c1303-c602-4f30-86da-bacf58d828f5','PSS324','Patchcord SM SX (3,0mm) SC/UPC-LC/UPC 5m',1,1,NULL,'4e8b0f0e-e718-4150-a7fb-9dd619e413c1',100.00,1500.00,2000.00,'2b643e21-a94c-4713-93f1-f1cbde6ad633',1,1,'eko',NULL,'2020-05-16 07:11:18','2020-05-16 07:11:18'),('e090a592-1668-4288-9f05-2d2f0ca10739','KSMSX2GD','Kabel Patchcord SM SX 2mm G652D PVC YELLOW',6,2,NULL,'ba5cd38f-2ffb-4957-a1a2-c23e691b2068',10000.00,750.00,1000.00,'2b643e21-a94c-4713-93f1-f1cbde6ad633',NULL,1,'Mirza Rizaldy','Mirza Rizaldy','2020-10-31 14:27:21','2020-10-31 15:06:29'),('e1d30add-04a6-4eb3-8d24-3b8757ec32f2','R8C','Roset 8 Core Polos',1,1,NULL,'4e8b0f0e-e718-4150-a7fb-9dd619e413c1',100.00,1500.00,2000.00,'2b643e21-a94c-4713-93f1-f1cbde6ad633',0,1,'eko',NULL,'2020-05-16 07:11:18','2020-05-16 07:11:18'),('e25831d4-d585-436d-934c-d8a3bff65818','SCLRD','S Clamp bulat ',1,1,NULL,'4e8b0f0e-e718-4150-a7fb-9dd619e413c1',100.00,1500.00,2000.00,'2b643e21-a94c-4713-93f1-f1cbde6ad633',0,1,'eko',NULL,'2020-05-16 07:11:18','2020-05-16 07:11:18'),('e2e1afd3-2198-4229-a5fd-68736a12ad84','PSS314','Patchcord SM SX (3,0mm) LC/UPC-LC/UPC 5m',1,1,NULL,'4e8b0f0e-e718-4150-a7fb-9dd619e413c1',100.00,1500.00,2000.00,'2b643e21-a94c-4713-93f1-f1cbde6ad633',1,1,'eko',NULL,'2020-05-16 07:11:18','2020-05-16 07:11:18'),('e2f05e00-0a88-43ca-87f5-badf71872dd2','PSS3GDLY','Kabel Patchcord SM SX 3.0mm G652D LSZH YELLOW',6,2,NULL,'d7c7f2e2-9dfc-4aef-8b3d-f4c8af970861',10000.00,750.00,1000.00,'2b643e21-a94c-4713-93f1-f1cbde6ad633',NULL,1,'Mirza Rizaldy',NULL,'2020-10-31 15:00:31','2020-10-31 15:00:31'),('e32b3f90-a6e7-4257-910a-14c418f1f341','TSPL','Tinta Stempel',1,1,NULL,'4e8b0f0e-e718-4150-a7fb-9dd619e413c1',100.00,1500.00,2000.00,'2b643e21-a94c-4713-93f1-f1cbde6ad633',0,1,'eko',NULL,'2020-05-16 07:11:18','2020-05-16 07:11:18'),('e33db696-9a38-4029-a264-fc422edd171f','R4CZW','Roset 4 Core ZTE (Putih)',1,1,NULL,'4e8b0f0e-e718-4150-a7fb-9dd619e413c1',100.00,1500.00,2000.00,'2b643e21-a94c-4713-93f1-f1cbde6ad633',0,1,'eko',NULL,'2020-05-16 07:11:18','2020-05-16 07:11:18'),('e35bc4ac-a0b3-4a5c-aad9-73955c209c31','PSS235','Patchcord SM SX (2,0mm) SC/APC-SC/UPC 2m',1,1,NULL,'4e8b0f0e-e718-4150-a7fb-9dd619e413c1',100.00,1500.00,2000.00,'2b643e21-a94c-4713-93f1-f1cbde6ad633',1,1,'eko',NULL,'2020-05-16 07:11:18','2020-05-16 07:11:18'),('e5081045-c074-47e5-b528-4458f6e055c5','PSD220','Patchcord SM DX (2,0mm) SC/APC-SC/APC 10m',1,1,NULL,'4e8b0f0e-e718-4150-a7fb-9dd619e413c1',100.00,1500.00,2000.00,'2b643e21-a94c-4713-93f1-f1cbde6ad633',1,1,'eko',NULL,'2020-05-16 07:11:18','2020-05-16 07:11:18'),('e519137c-ac02-406c-b03e-c75f5c0f89ef','TSS204','Pigtail SM SX (2,0mm) SC/APC 1,5m',1,1,NULL,'4e8b0f0e-e718-4150-a7fb-9dd619e413c1',100.00,1500.00,2000.00,'2b643e21-a94c-4713-93f1-f1cbde6ad633',0,1,'eko',NULL,'2020-05-16 07:11:18','2020-05-16 07:11:18'),('e5ac8a53-3d2b-4e13-8890-0ce0fcea4eb6','PSS223','Patchcord SM SX (2,0mm) LC/UPC-LC/UPC 3m',1,1,NULL,'4e8b0f0e-e718-4150-a7fb-9dd619e413c1',100.00,1500.00,2000.00,'2b643e21-a94c-4713-93f1-f1cbde6ad633',1,1,'eko',NULL,'2020-05-16 07:11:18','2020-05-16 07:11:18'),('e69f3002-0491-41ae-8b75-43162db3b29e','P1C009','Precon 1 Core SC/UPC-SC/UPC 50M',1,1,NULL,'4e8b0f0e-e718-4150-a7fb-9dd619e413c1',100.00,1500.00,2000.00,'2b643e21-a94c-4713-93f1-f1cbde6ad633',0,1,'eko',NULL,'2020-05-16 07:11:18','2020-05-16 07:11:18'),('e7e5b901-d164-4b1d-aa71-30bdb3542c32','TMO2S204','Pigtail MM OM2 SX (2,0mm) LC/UPC 27m',1,1,NULL,'4e8b0f0e-e718-4150-a7fb-9dd619e413c1',100.00,1500.00,2000.00,'2b643e21-a94c-4713-93f1-f1cbde6ad633',0,1,'eko',NULL,'2020-05-16 07:11:18','2020-05-16 07:11:18'),('e80b16c8-81cf-41af-8206-76edbc1e39f0','S14MOSU','Splitter 1:4 Modular SC/UPC ',1,1,NULL,'4e8b0f0e-e718-4150-a7fb-9dd619e413c1',100.00,1500.00,2000.00,'2b643e21-a94c-4713-93f1-f1cbde6ad633',0,1,'eko',NULL,'2020-05-16 07:11:18','2020-05-16 07:11:18'),('e863ed89-530f-4632-bee1-154d6d2ed205','WBBH','Wrapping Bubble Hitam',1,1,NULL,'4e8b0f0e-e718-4150-a7fb-9dd619e413c1',100.00,1500.00,2000.00,'2b643e21-a94c-4713-93f1-f1cbde6ad633',0,1,'eko',NULL,'2020-05-16 07:11:18','2020-05-16 07:11:18'),('e86d8046-da40-47b2-b116-f59166459e43','PSD229','Patchcord SM DX (2,0mm) SC/UPC-LC/UPC 10m',1,1,NULL,'4e8b0f0e-e718-4150-a7fb-9dd619e413c1',100.00,1500.00,2000.00,'2b643e21-a94c-4713-93f1-f1cbde6ad633',1,1,'eko',NULL,'2020-05-16 07:11:18','2020-05-16 07:11:18'),('ea953c50-c4fe-498a-9790-12c6747ac0ed','PSS306','Patchcord SM SX (3,0mm) FC/UPC-LC/UPC 5m',1,1,NULL,'4e8b0f0e-e718-4150-a7fb-9dd619e413c1',100.00,1500.00,2000.00,'2b643e21-a94c-4713-93f1-f1cbde6ad633',1,1,'eko',NULL,'2020-05-16 07:11:18','2020-05-16 07:11:18'),('eaa3415b-bda9-4c0c-b164-5dbc42aa31d2','PKKT','Pedestal Kecil Kosongan (Tanpa Kardus)',1,1,NULL,'4e8b0f0e-e718-4150-a7fb-9dd619e413c1',100.00,1500.00,2000.00,'2b643e21-a94c-4713-93f1-f1cbde6ad633',0,1,'eko',NULL,'2020-05-16 07:11:18','2020-05-16 07:11:18'),('eac963ac-8451-40fa-9c37-a949fe73f820','FT776','Patchcord SM SX (2,0MM) LC/UPC-SC/UPC 20M',1,1,NULL,'21fca1cd-1e44-4895-b877-7f70903c1684',100.00,1000.00,2000.00,'2b643e21-a94c-4713-93f1-f1cbde6ad633',1,1,'Irena (Production Adm)',NULL,'2020-10-18 14:48:12','2020-10-18 14:48:12'),('ec263257-4f06-4cbf-b711-4e21e96d2d44','PSD302','Patchcord SM DX (3,0mm) FC/UPC-LC/UPC 10m',1,1,NULL,'4e8b0f0e-e718-4150-a7fb-9dd619e413c1',100.00,1500.00,2000.00,'2b643e21-a94c-4713-93f1-f1cbde6ad633',1,1,'eko',NULL,'2020-05-16 07:11:18','2020-05-16 07:11:18'),('ec353038-f6a9-45fc-a01e-2adfe689d728','PSS252','Patchcord SM SX (2,0mm) SC/UPC-SC/UPC 3m',1,1,NULL,'4e8b0f0e-e718-4150-a7fb-9dd619e413c1',100.00,1500.00,2000.00,'2b643e21-a94c-4713-93f1-f1cbde6ad633',1,1,'eko',NULL,'2020-05-16 07:11:18','2020-05-16 07:11:18'),('ec548ace-9270-4016-90f9-26aed77f05ab','TSS906','Pigtail SM SX (0,9mm) SC/APC 1m (Putih)',1,1,NULL,'4e8b0f0e-e718-4150-a7fb-9dd619e413c1',100.00,1500.00,2000.00,'2b643e21-a94c-4713-93f1-f1cbde6ad633',0,1,'eko',NULL,'2020-05-16 07:11:18','2020-05-16 07:11:18'),('ec73e092-8d33-4b7e-b9af-cc93830a11a3','PSD321','Patchcord SM DX (3,0mm) SC/UPC-LC/UPC 20m',1,1,NULL,'4e8b0f0e-e718-4150-a7fb-9dd619e413c1',100.00,1500.00,2000.00,'2b643e21-a94c-4713-93f1-f1cbde6ad633',1,1,'eko',NULL,'2020-05-16 07:11:18','2020-05-16 07:11:18'),('ecbde8a1-3112-48aa-ae35-4d0afd1b850e','PSS330','Patchcord SM SX (3,0mm) SC/UPC-SC/UPC 1m',1,1,NULL,'4e8b0f0e-e718-4150-a7fb-9dd619e413c1',100.00,1500.00,2000.00,'2b643e21-a94c-4713-93f1-f1cbde6ad633',1,1,'eko',NULL,'2020-05-16 07:11:18','2020-05-16 07:11:18'),('ece57d51-2f1b-4eab-91eb-c5fa43f90716','TSD202','Pigtail SM DX (2,0mm) FC/UPC 2m',1,1,NULL,'4e8b0f0e-e718-4150-a7fb-9dd619e413c1',100.00,1500.00,2000.00,'2b643e21-a94c-4713-93f1-f1cbde6ad633',0,1,'eko',NULL,'2020-05-16 07:11:18','2020-05-16 07:11:18'),('edac12c5-cee6-47fc-bd9d-8cd23aa344a4','PSS332','Patchcord SM SX (3,0mm) SC/UPC-SC/UPC 2m',1,1,NULL,'4e8b0f0e-e718-4150-a7fb-9dd619e413c1',100.00,1500.00,2000.00,'2b643e21-a94c-4713-93f1-f1cbde6ad633',1,1,'eko',NULL,'2020-05-16 07:11:18','2020-05-16 07:11:18'),('ee8047c5-2fe6-4980-8c4c-a1fc5d465613','FT810','Patchcord SM SX 2,mm LC/UPC-LC/UPC 3m',1,1,NULL,'21fca1cd-1e44-4895-b877-7f70903c1684',100.00,1000.00,2000.00,'2b643e21-a94c-4713-93f1-f1cbde6ad633',1,1,'Irena (Production Adm)',NULL,'2020-10-18 15:17:13','2020-10-18 15:17:13'),('ef0bddb0-0664-4a6c-8235-9788faf4221d','S18MMSUR','Splitter 1:8 Mini Modular SC/UPC (Ryutelco)',1,1,NULL,'4e8b0f0e-e718-4150-a7fb-9dd619e413c1',100.00,1500.00,2000.00,'2b643e21-a94c-4713-93f1-f1cbde6ad633',0,1,'eko',NULL,'2020-05-16 07:11:18','2020-05-16 07:11:18'),('efab58d1-725f-4118-a704-10286e51a088','FT775','Rosette 2Core GOC Kosongan',1,1,NULL,'21fca1cd-1e44-4895-b877-7f70903c1684',100.00,1000.00,2000.00,'2b643e21-a94c-4713-93f1-f1cbde6ad633',1,1,'Admin Gudang (Katerine)',NULL,'2020-10-18 14:06:16','2020-10-18 14:06:16'),('f13170e2-80cf-49a1-8734-f15b907a8126','FT779','Patchcord SM DX FC/UPC-LC/UPC  (3,mm) 15M',1,1,NULL,'21fca1cd-1e44-4895-b877-7f70903c1684',100.00,1000.00,2000.00,'2b643e21-a94c-4713-93f1-f1cbde6ad633',1,1,'Irena (Production Adm)',NULL,'2020-10-18 14:11:20','2020-10-18 14:11:20'),('f1a1ea80-1462-413e-a354-e2baf3e540bb','PSS322','Patchcord SM SX (3,0mm) SC/UPC-FC/UPC 3m',1,1,NULL,'4e8b0f0e-e718-4150-a7fb-9dd619e413c1',100.00,1500.00,2000.00,'2b643e21-a94c-4713-93f1-f1cbde6ad633',1,1,'eko',NULL,'2020-05-16 07:11:18','2020-05-16 07:11:18'),('f2689346-97ea-4aa4-a127-584dfd69aa85','ODP18','ODP 18',1,1,NULL,'21fca1cd-1e44-4895-b877-7f70903c1684',100.00,2000.00,2500.00,'2b643e21-a94c-4713-93f1-f1cbde6ad633',NULL,1,'adminsales2',NULL,'2020-10-10 16:17:45','2020-10-10 16:17:45'),('f3c741df-78f4-4e81-9c2a-b4c7ada8021b','S28MOWC','Splitter 2:8 Modular Tanpa Connector ',1,1,NULL,'4e8b0f0e-e718-4150-a7fb-9dd619e413c1',100.00,1500.00,2000.00,'2b643e21-a94c-4713-93f1-f1cbde6ad633',0,1,'eko',NULL,'2020-05-16 07:11:18','2020-05-16 07:11:18'),('f52f963d-e4cb-4e07-998a-4bfa33640943','P85','Plastik 8 x 5',1,1,NULL,'4e8b0f0e-e718-4150-a7fb-9dd619e413c1',100.00,1500.00,2000.00,'2b643e21-a94c-4713-93f1-f1cbde6ad633',0,1,'eko',NULL,'2020-05-16 07:11:18','2020-05-16 07:11:18'),('f7ce68cc-98e2-4f8c-a9cf-1176c70a4f59','PSD234','Patchcord SM DX (2,0mm) SC/UPC-LC/UPC 30m',1,1,NULL,'4e8b0f0e-e718-4150-a7fb-9dd619e413c1',100.00,1500.00,2000.00,'2b643e21-a94c-4713-93f1-f1cbde6ad633',1,1,'eko',NULL,'2020-05-16 07:11:18','2020-05-16 07:11:18'),('f7ef4049-f4b7-441c-8db9-8b5e4d1365e2','PSS248','Patchcord SM SX (2,0mm) SC/UPC-SC/UPC 1m',1,1,NULL,'4e8b0f0e-e718-4150-a7fb-9dd619e413c1',100.00,1500.00,2000.00,'2b643e21-a94c-4713-93f1-f1cbde6ad633',1,1,'eko',NULL,'2020-05-16 07:11:18','2020-05-16 07:11:18'),('f7f0bea2-e34e-4683-a3e9-7c7e1c1c9cc0','TSS913','Pigtail SM SX (0,9mm) SC/UPC 1m (kuning)',1,1,NULL,'4e8b0f0e-e718-4150-a7fb-9dd619e413c1',100.00,1500.00,2000.00,'2b643e21-a94c-4713-93f1-f1cbde6ad633',0,1,'eko',NULL,'2020-05-16 07:11:18','2020-05-16 07:11:18'),('f9f60f40-1dee-4dbc-8edf-0e1b91dd1ece','P1C010','Precon 1 Core SC/UPC-SC/UPC 75M',1,1,NULL,'4e8b0f0e-e718-4150-a7fb-9dd619e413c1',100.00,1500.00,2000.00,'2b643e21-a94c-4713-93f1-f1cbde6ad633',0,1,'eko',NULL,'2020-05-16 07:11:18','2020-05-16 07:11:18'),('f9f65618-80e9-4abc-8677-04b83ae0a6e5','PSS212','Patchcord SM SX (2,0mm) FC/UPC-LC/UPC 30m',1,1,NULL,'4e8b0f0e-e718-4150-a7fb-9dd619e413c1',100.00,1500.00,2000.00,'2b643e21-a94c-4713-93f1-f1cbde6ad633',1,1,'eko',NULL,'2020-05-16 07:11:18','2020-05-16 07:11:18'),('fa3af189-f48a-41d0-a58a-8debee4a6465','SPNSI','Suspensi ',1,1,NULL,'4e8b0f0e-e718-4150-a7fb-9dd619e413c1',100.00,1500.00,2000.00,'2b643e21-a94c-4713-93f1-f1cbde6ad633',0,1,'eko',NULL,'2020-05-16 07:11:18','2020-05-16 07:11:18'),('fa4f5543-e1b9-419e-85da-10b84b572c10','TSSKIM','Tissue Kimtech',1,1,NULL,'4e8b0f0e-e718-4150-a7fb-9dd619e413c1',100.00,1500.00,2000.00,'2b643e21-a94c-4713-93f1-f1cbde6ad633',0,1,'eko',NULL,'2020-05-16 07:11:18','2020-05-16 07:11:18'),('fa7343ab-e2e8-4864-bbf9-00d6077c4973','SSPSSA','SIMPLEX STOPPER Precon SC Semi Assembly',1,1,NULL,'4e8b0f0e-e718-4150-a7fb-9dd619e413c1',100.00,1500.00,2000.00,'2b643e21-a94c-4713-93f1-f1cbde6ad633',0,1,'eko',NULL,'2020-05-16 07:11:18','2020-05-16 07:11:18'),('fac6298e-6dc1-419b-95a5-3107c21241f2','PFSSU','PLUG FRAME SC',1,1,NULL,'4e8b0f0e-e718-4150-a7fb-9dd619e413c1',100.00,1500.00,2000.00,'2b643e21-a94c-4713-93f1-f1cbde6ad633',0,1,'eko',NULL,'2020-05-16 07:11:18','2020-05-16 07:11:18'),('fae6a736-e742-4dd4-8870-ba44944b46d7','TSS915','Pigtail SM SX (0,9mm) SC/UPC 2m (oren)',1,1,NULL,'4e8b0f0e-e718-4150-a7fb-9dd619e413c1',100.00,1500.00,2000.00,'2b643e21-a94c-4713-93f1-f1cbde6ad633',0,1,'eko',NULL,'2020-05-16 07:11:18','2020-05-16 07:11:18'),('fb7cbe27-df13-4adf-bd44-ec662077e58e','PSD330','Patchcord SM DX (3,0mm) SC/UPC-SC/UPC 3m',1,1,NULL,'4e8b0f0e-e718-4150-a7fb-9dd619e413c1',100.00,1500.00,2000.00,'2b643e21-a94c-4713-93f1-f1cbde6ad633',1,1,'eko',NULL,'2020-05-16 07:11:18','2020-05-16 07:11:18'),('ff2b2df8-2a65-4544-847b-78b4b52c25ab','PSS325','Patchcord SM SX (3,0mm) SC/UPC-SC/APC 1m',1,1,NULL,'4e8b0f0e-e718-4150-a7fb-9dd619e413c1',100.00,1500.00,2000.00,'2b643e21-a94c-4713-93f1-f1cbde6ad633',1,1,'eko',NULL,'2020-05-16 07:11:18','2020-05-16 07:11:18'),('ff311236-4679-4d0e-8445-711b9e97879d','ZFUMN','Zig Housing FC/UPC  (Mesin Manual)',1,1,NULL,'4e8b0f0e-e718-4150-a7fb-9dd619e413c1',100.00,1500.00,2000.00,'2b643e21-a94c-4713-93f1-f1cbde6ad633',0,1,'eko',NULL,'2020-05-16 07:11:18','2020-05-16 07:11:18'),('ffbf2d58-7ec4-42d3-8920-9e4e71b8e5c1','TMO2S902','Pigtail MM OM2 SX (0,9mm) ST/PC 1,5m',1,1,NULL,'4e8b0f0e-e718-4150-a7fb-9dd619e413c1',100.00,1500.00,2000.00,'2b643e21-a94c-4713-93f1-f1cbde6ad633',1,1,'eko','Mirza Rizaldy','2020-05-16 07:11:18','2020-07-10 05:23:01');
/*!40000 ALTER TABLE `products` ENABLE KEYS */;
UNLOCK TABLES;

--
-- Table structure for table `purchase_items`
--

DROP TABLE IF EXISTS `purchase_items`;
/*!40101 SET @saved_cs_client     = @@character_set_client */;
/*!40101 SET character_set_client = utf8 */;
CREATE TABLE `purchase_items` (
  `id` bigint(20) unsigned NOT NULL AUTO_INCREMENT,
  `purchase_id` char(36) COLLATE utf8mb4_unicode_ci NOT NULL,
  `product_name` varchar(255) COLLATE utf8mb4_unicode_ci NOT NULL,
  `quantity` decimal(10,2) NOT NULL,
  `uom_id` char(36) COLLATE utf8mb4_unicode_ci NOT NULL,
  `discount` decimal(10,2) DEFAULT NULL,
  `purchase_price` decimal(10,2) NOT NULL,
  `sub_total` decimal(50,2) NOT NULL,
  `created_at` timestamp NULL DEFAULT NULL,
  `updated_at` timestamp NULL DEFAULT NULL,
  PRIMARY KEY (`id`),
  KEY `purchase_items_purchase_id_foreign` (`purchase_id`),
  CONSTRAINT `purchase_items_purchase_id_foreign` FOREIGN KEY (`purchase_id`) REFERENCES `purchases` (`id`) ON DELETE CASCADE ON UPDATE CASCADE
) ENGINE=InnoDB AUTO_INCREMENT=9 DEFAULT CHARSET=utf8mb4 COLLATE=utf8mb4_unicode_ci;
/*!40101 SET character_set_client = @saved_cs_client */;

--
-- Dumping data for table `purchase_items`
--

LOCK TABLES `purchase_items` WRITE;
/*!40000 ALTER TABLE `purchase_items` DISABLE KEYS */;
INSERT INTO `purchase_items` VALUES (1,'c921e0e5-b916-4570-b49d-4e209aa43f2d','Adapter Dustcaps Black',1000.00,'1',NULL,1000.00,1000000.00,'2020-09-30 03:43:16','2020-09-30 03:43:16'),(2,'6bcc9de7-3301-437a-9923-60f81c103635','Adapter Dustcaps Black',500.00,'1',NULL,2000.00,1000000.00,'2020-09-30 10:57:25','2020-09-30 10:57:25'),(3,'8308927c-6407-49c4-a7a2-06e41b30a0cc','Pigtail SM SX (3,0mm) FC/UPC 5m ',100.00,'1',NULL,15000.00,1500000.00,'2020-10-05 17:08:06','2020-10-05 17:08:06'),(4,'f1a78c95-9bde-4685-95d0-1cbd4489ae9d','Patchcord SM SX (3,0mm) SC/UPC-SC/APC 20m',250.00,'1',NULL,10000.00,2500000.00,'2020-10-05 17:18:34','2020-10-05 17:18:34'),(5,'517414b6-13fa-4900-914d-3ad75d5b73d3','Adapter SC/UPC Auto Shutter',50000.00,'1',NULL,3000.00,150000000.00,'2020-10-18 14:38:25','2020-10-18 14:38:25'),(6,'f4195473-5971-431e-b605-a97c58e9cec6','Kardus 22 x 22 x 22 Sedang',500.00,'1',NULL,2000.00,1000000.00,'2020-10-19 15:51:24','2020-10-19 15:51:24'),(7,'e590da73-400e-4a09-a1f6-9a7645efb292','Kabel Patchcord MM OM2 DX 2mm LSZH ORANGE',20000.00,'2',NULL,3246.00,64920000.00,'2020-10-31 16:22:32','2020-10-31 16:22:32'),(8,'28edb729-14de-4e03-b7bb-0f204c6774de','Pigtail MM OM2 DX (3,0mm) ST/PC 3m',50.00,'1',NULL,20000.00,1000000.00,'2020-11-09 14:35:36','2020-11-09 14:35:36');
/*!40000 ALTER TABLE `purchase_items` ENABLE KEYS */;
UNLOCK TABLES;

--
-- Table structure for table `purchases`
--

DROP TABLE IF EXISTS `purchases`;
/*!40101 SET @saved_cs_client     = @@character_set_client */;
/*!40101 SET character_set_client = utf8 */;
CREATE TABLE `purchases` (
  `id` char(36) COLLATE utf8mb4_unicode_ci NOT NULL,
  `order_ref` varchar(255) COLLATE utf8mb4_unicode_ci NOT NULL,
  `supplier_id` char(36) COLLATE utf8mb4_unicode_ci NOT NULL,
  `supplier_code` varchar(255) COLLATE utf8mb4_unicode_ci NOT NULL,
  `billing_address` text COLLATE utf8mb4_unicode_ci NOT NULL,
  `shipping_address` text COLLATE utf8mb4_unicode_ci NOT NULL,
  `delivery_date` date NOT NULL,
  `quantity` decimal(10,2) DEFAULT NULL,
  `total` decimal(50,2) DEFAULT NULL,
  `status` char(36) COLLATE utf8mb4_unicode_ci NOT NULL DEFAULT '8083f49e-f0aa-4094-894f-f64cd2e9e4e9',
  `created_by` varchar(255) COLLATE utf8mb4_unicode_ci NOT NULL,
  `updated_by` varchar(255) COLLATE utf8mb4_unicode_ci DEFAULT NULL,
  `created_at` timestamp NULL DEFAULT NULL,
  `updated_at` timestamp NULL DEFAULT NULL,
  PRIMARY KEY (`id`)
) ENGINE=InnoDB DEFAULT CHARSET=utf8mb4 COLLATE=utf8mb4_unicode_ci;
/*!40101 SET character_set_client = @saved_cs_client */;

--
-- Dumping data for table `purchases`
--

LOCK TABLES `purchases` WRITE;
/*!40000 ALTER TABLE `purchases` DISABLE KEYS */;
INSERT INTO `purchases` VALUES ('28edb729-14de-4e03-b7bb-0f204c6774de','PO/FTI/0007/YOFCHQ/XI/2020','6fe4d0f9-8b78-4932-9f6a-c78a6dc22829','YOFCHQ','No.9 Guanggu Avenue, Wuhan, P.R China','No.9 Guanggu Avenue, Wuhan, P.R China','2020-11-09',50.00,1000000.00,'596ae55c-c0fb-4880-8e06-56725b21f6dc','Finmgr','Finmgr','2020-11-09 14:35:36','2020-11-09 14:40:47'),('517414b6-13fa-4900-914d-3ad75d5b73d3','PO/FTI/0005/MS/X/2020','3997c1c7-07fc-40a7-8fc8-0133e48dca6d','MS','Jl. Pesantren No.17 Pasir Gunung selatan Cimanggis Depok 16951','Jl. Pesantren No.17 Pasir Gunung selatan Cimanggis Depok 16951','2020-10-20',50000.00,150000000.00,'314f31d1-4e50-4ad9-ae8c-65f0f7ebfc43','Dina','Dina','2020-10-18 14:38:25','2020-10-18 14:47:55'),('6bcc9de7-3301-437a-9923-60f81c103635','PO/FTI/0002/Trio/IX/2020','3b59e30e-d5ad-4bca-966b-69d275e140d4','Trio','Jl kalimaya no 44B RT 001/08 Kel. kapuk kec. cengkareng','Jl kalimaya no 44B RT 001/08 Kel. kapuk kec. cengkareng','2020-09-30',500.00,1000000.00,'596ae55c-c0fb-4880-8e06-56725b21f6dc','Mirza Rizaldy','Mirza Rizaldy','2020-09-30 10:57:25','2020-09-30 11:03:20'),('8308927c-6407-49c4-a7a2-06e41b30a0cc','PO/FTI/0003/IMP/CHN/001/X/2020','9ea60706-92ea-41a9-8f35-01800f396ad9','IMP/CHN/001','Jakarta','Jakarta','2020-10-05',100.00,1500000.00,'596ae55c-c0fb-4880-8e06-56725b21f6dc','Mirza Rizaldy','Mirza Rizaldy','2020-10-05 17:08:06','2020-10-05 18:39:38'),('c921e0e5-b916-4570-b49d-4e209aa43f2d','PO/FTI/0001/Trio/IX/2020','3b59e30e-d5ad-4bca-966b-69d275e140d4','Trio','Jl kalimaya no 44B RT 001/08 Kel. kapuk kec. cengkareng','Jl kalimaya no 44B RT 001/08 Kel. kapuk kec. cengkareng','2020-09-30',1000.00,1000000.00,'596ae55c-c0fb-4880-8e06-56725b21f6dc','Mirza Rizaldy','Mirza Rizaldy','2020-09-30 03:43:16','2020-09-30 04:45:35'),('e590da73-400e-4a09-a1f6-9a7645efb292','PR/FTI/0005/NOARK/X/2020','3d5983af-7c36-47ba-84e5-65298fb4fc96','NOARK','No.128 Unit 1, Xinduhui City Square, No. 249 Gaoxin Road, Songling Town, Wujiang district, Suzhou City. 215200 , China','No.128 Unit 1, Xinduhui City Square, No. 249 Gaoxin Road, Songling Town, Wujiang district, Suzhou City. 215200 , China','2020-11-01',20000.00,64920000.00,'8083f49e-f0aa-4094-894f-f64cd2e9e4e9','Mirza Rizaldy',NULL,'2020-10-31 16:22:32','2020-10-31 16:22:32'),('f1a78c95-9bde-4685-95d0-1cbd4489ae9d','PO/FTI/0004/YOI/X/2020','9c4257b6-3a16-4c61-9dc0-04fe2ef5d514','YOI','X Kav 1-65 E4,, , Kabupaten Jl. Surya Madya, Mulyasari, Ciampel Karawang, Jawa Barat 41363','X Kav 1-65 E4,, , Kabupaten Jl. Surya Madya, Mulyasari, Ciampel Karawang, Jawa Barat 41363','2020-10-05',250.00,2500000.00,'596ae55c-c0fb-4880-8e06-56725b21f6dc','Mirza Rizaldy','Mirza Rizaldy','2020-10-05 17:18:34','2020-10-05 18:39:45'),('f4195473-5971-431e-b605-a97c58e9cec6','PO/FTI/0006/MS/X/2020','3997c1c7-07fc-40a7-8fc8-0133e48dca6d','MS','Jl. Pesantren No.17 Pasir Gunung selatan Cimanggis Depok 16951','Jl. Pesantren No.17 Pasir Gunung selatan Cimanggis Depok 16951','2020-10-21',500.00,1000000.00,'458410e7-384d-47bc-bdbe-02115adc4449','Dina','Dina','2020-10-19 15:51:24','2020-10-19 15:51:38');
/*!40000 ALTER TABLE `purchases` ENABLE KEYS */;
UNLOCK TABLES;

--
-- Table structure for table `receive_purchase_items`
--

DROP TABLE IF EXISTS `receive_purchase_items`;
/*!40101 SET @saved_cs_client     = @@character_set_client */;
/*!40101 SET character_set_client = utf8 */;
CREATE TABLE `receive_purchase_items` (
  `id` bigint(20) unsigned NOT NULL AUTO_INCREMENT,
  `receive_id` char(36) COLLATE utf8mb4_unicode_ci NOT NULL,
  `product_name` varchar(255) COLLATE utf8mb4_unicode_ci NOT NULL,
  `orders` decimal(50,2) NOT NULL,
  `received` decimal(50,2) NOT NULL,
  `damaged` decimal(50,2) NOT NULL,
  `uom_id` int(11) NOT NULL,
  `sub_total` decimal(50,2) DEFAULT NULL,
  `created_at` timestamp NULL DEFAULT NULL,
  `updated_at` timestamp NULL DEFAULT NULL,
  PRIMARY KEY (`id`),
  KEY `receive_purchase_items_receive_id_foreign` (`receive_id`),
  CONSTRAINT `receive_purchase_items_receive_id_foreign` FOREIGN KEY (`receive_id`) REFERENCES `receive_purchases` (`id`) ON DELETE CASCADE ON UPDATE CASCADE
) ENGINE=InnoDB AUTO_INCREMENT=7 DEFAULT CHARSET=utf8mb4 COLLATE=utf8mb4_unicode_ci;
/*!40101 SET character_set_client = @saved_cs_client */;

--
-- Dumping data for table `receive_purchase_items`
--

LOCK TABLES `receive_purchase_items` WRITE;
/*!40000 ALTER TABLE `receive_purchase_items` DISABLE KEYS */;
INSERT INTO `receive_purchase_items` VALUES (1,'1a3500d9-ecd3-484b-a0c0-c778f3abc088','Adapter Dustcaps Black',1000.00,1000.00,0.00,1,1000000.00,'2020-09-30 04:09:52','2020-09-30 04:09:52'),(2,'d99aacff-ddb8-480f-b27e-f6c734ea196f','Adapter Dustcaps Black',500.00,500.00,0.00,1,1000000.00,'2020-09-30 10:58:04','2020-09-30 10:58:04'),(3,'dadd161e-3e63-445a-aecb-108b40edd3a4','Pigtail SM SX (3,0mm) FC/UPC 5m',100.00,100.00,0.00,1,1500000.00,'2020-10-05 17:09:33','2020-10-05 17:09:33'),(4,'0db9d750-1413-4e36-a62a-d1742bae5f78','Patchcord SM SX (3,0mm) SC/UPC-SC/APC 20m',250.00,250.00,0.00,1,2500000.00,'2020-10-05 17:21:23','2020-10-05 17:21:23'),(5,'98092bfd-47f6-475c-b636-4c4da4c2a081','Adapter SC/UPC Auto Shutter',50000.00,50000.00,0.00,1,150000000.00,'2020-10-18 14:47:55','2020-10-18 14:47:55'),(6,'cd2c0c8d-520d-431d-8cf5-b38a6057e606','Pigtail MM OM2 DX (3,0mm) ST/PC 3m',50.00,50.00,0.00,1,1000000.00,'2020-11-09 14:37:56','2020-11-09 14:37:56');
/*!40000 ALTER TABLE `receive_purchase_items` ENABLE KEYS */;
UNLOCK TABLES;

--
-- Table structure for table `receive_purchases`
--

DROP TABLE IF EXISTS `receive_purchases`;
/*!40101 SET @saved_cs_client     = @@character_set_client */;
/*!40101 SET character_set_client = utf8 */;
CREATE TABLE `receive_purchases` (
  `id` char(36) COLLATE utf8mb4_unicode_ci NOT NULL,
  `ref_no` varchar(255) COLLATE utf8mb4_unicode_ci NOT NULL,
  `order_ref` varchar(255) COLLATE utf8mb4_unicode_ci NOT NULL,
  `supplier_id` char(36) COLLATE utf8mb4_unicode_ci NOT NULL,
  `warehouse` varchar(255) COLLATE utf8mb4_unicode_ci NOT NULL,
  `status_id` char(36) COLLATE utf8mb4_unicode_ci NOT NULL,
  `received_by` varchar(255) COLLATE utf8mb4_unicode_ci DEFAULT NULL,
  `created_at` timestamp NULL DEFAULT NULL,
  `updated_at` timestamp NULL DEFAULT NULL,
  PRIMARY KEY (`id`)
) ENGINE=InnoDB DEFAULT CHARSET=utf8mb4 COLLATE=utf8mb4_unicode_ci;
/*!40101 SET character_set_client = @saved_cs_client */;

--
-- Dumping data for table `receive_purchases`
--

LOCK TABLES `receive_purchases` WRITE;
/*!40000 ALTER TABLE `receive_purchases` DISABLE KEYS */;
INSERT INTO `receive_purchases` VALUES ('0db9d750-1413-4e36-a62a-d1742bae5f78','RP/0003/FTI/X/2020','PO/FTI/0004/YOI/X/2020','9c4257b6-3a16-4c61-9dc0-04fe2ef5d514','Gudang Utama','314f31d1-4e50-4ad9-ae8c-65f0f7ebfc43','Mirza Rizaldy','2020-10-05 17:21:23','2020-10-05 17:21:23'),('1a3500d9-ecd3-484b-a0c0-c778f3abc088','RP/0001/FTI/IX/2020','PO/FTI/0001/Trio/IX/2020','3b59e30e-d5ad-4bca-966b-69d275e140d4','Gudang Utama','596ae55c-c0fb-4880-8e06-56725b21f6dc','Mirza Rizaldy','2020-09-30 04:09:52','2020-09-30 04:45:35'),('98092bfd-47f6-475c-b636-4c4da4c2a081','RP/0004/FTI/X/2020','PO/FTI/0005/MS/X/2020','3997c1c7-07fc-40a7-8fc8-0133e48dca6d','Gudang Utama','314f31d1-4e50-4ad9-ae8c-65f0f7ebfc43','Admin Gudang (Katerine)','2020-10-18 14:47:55','2020-10-18 14:47:55'),('cd2c0c8d-520d-431d-8cf5-b38a6057e606','RP/0001/FTI/XI/2020','PO/FTI/0007/YOFCHQ/XI/2020','6fe4d0f9-8b78-4932-9f6a-c78a6dc22829','Gudang Utama','314f31d1-4e50-4ad9-ae8c-65f0f7ebfc43','Finmgr','2020-11-09 14:37:56','2020-11-09 14:37:56'),('d99aacff-ddb8-480f-b27e-f6c734ea196f','RP/0002/FTI/IX/2020','PO/FTI/0002/Trio/IX/2020','3b59e30e-d5ad-4bca-966b-69d275e140d4','Gudang Produksi','314f31d1-4e50-4ad9-ae8c-65f0f7ebfc43','Mirza Rizaldy','2020-09-30 10:58:04','2020-09-30 10:58:04'),('dadd161e-3e63-445a-aecb-108b40edd3a4','RP/0002/FTI/X/2020','PO/FTI/0003/IMP/CHN/001/X/2020','9ea60706-92ea-41a9-8f35-01800f396ad9','Gudang Utama','314f31d1-4e50-4ad9-ae8c-65f0f7ebfc43','Mirza Rizaldy','2020-10-05 17:09:33','2020-10-05 17:09:33'),('e5e3d380-bfd3-40fd-954d-c7e055ef67fc','RP/0001/FTI/X/2020','PO/FTI/0003/IMP/CHN/001/X/2020','9ea60706-92ea-41a9-8f35-01800f396ad9','Gudang Utama','314f31d1-4e50-4ad9-ae8c-65f0f7ebfc43','Mirza Rizaldy','2020-10-05 17:09:23','2020-10-05 17:09:23');
/*!40000 ALTER TABLE `receive_purchases` ENABLE KEYS */;
UNLOCK TABLES;

--
-- Table structure for table `references`
--

DROP TABLE IF EXISTS `references`;
/*!40101 SET @saved_cs_client     = @@character_set_client */;
/*!40101 SET character_set_client = utf8 */;
CREATE TABLE `references` (
  `id` bigint(20) unsigned NOT NULL AUTO_INCREMENT,
  `type` tinyint(1) NOT NULL,
  `month` int(11) NOT NULL,
  `year` int(11) NOT NULL,
  `ref_no` varchar(255) COLLATE utf8mb4_unicode_ci NOT NULL,
  `created_at` timestamp NULL DEFAULT NULL,
  `updated_at` timestamp NULL DEFAULT NULL,
  PRIMARY KEY (`id`)
) ENGINE=InnoDB AUTO_INCREMENT=244 DEFAULT CHARSET=utf8mb4 COLLATE=utf8mb4_unicode_ci;
/*!40101 SET character_set_client = @saved_cs_client */;

--
-- Dumping data for table `references`
--

LOCK TABLES `references` WRITE;
/*!40000 ALTER TABLE `references` DISABLE KEYS */;
INSERT INTO `references` VALUES (1,7,9,2020,'PR/FTI/0001/Trio/IX/2020','2020-09-30 03:43:16','2020-09-30 03:43:16'),(2,8,9,2020,'PO/FTI/0001/Trio/IX/2020','2020-09-30 04:09:20','2020-09-30 04:09:20'),(3,11,9,2020,'RP/0001/FTI/IX/2020','2020-09-30 04:09:52','2020-09-30 04:09:52'),(4,10,9,2020,'FTI/0001/Trio/IX/2020','2020-09-30 04:44:48','2020-09-30 04:44:48'),(5,2,9,2020,'ADJ/FTI/000001/IX/2020','2020-09-30 10:27:08','2020-09-30 10:27:08'),(6,2,9,2020,'ADJ/FTI/000002/IX/2020','2020-09-30 10:27:16','2020-09-30 10:27:16'),(7,2,9,2020,'ADJ/FTI/000003/IX/2020','2020-09-30 10:27:20','2020-09-30 10:27:20'),(8,2,9,2020,'ADJ/FTI/000004/IX/2020','2020-09-30 10:27:41','2020-09-30 10:27:41'),(9,2,9,2020,'ADJ/FTI/000005/IX/2020','2020-09-30 10:28:27','2020-09-30 10:28:27'),(10,2,9,2020,'ADJ/FTI/000006/IX/2020','2020-09-30 10:28:44','2020-09-30 10:28:44'),(11,2,9,2020,'ADJ/FTI/000007/IX/2020','2020-09-30 10:28:59','2020-09-30 10:28:59'),(12,7,9,2020,'PR/FTI/0002/Trio/IX/2020','2020-09-30 10:57:25','2020-09-30 10:57:25'),(13,8,9,2020,'PO/FTI/0002/Trio/IX/2020','2020-09-30 10:57:28','2020-09-30 10:57:28'),(14,11,9,2020,'RP/0002/FTI/IX/2020','2020-09-30 10:58:04','2020-09-30 10:58:04'),(15,10,9,2020,'FTI/0002/Trio/IX/2020','2020-09-30 10:58:36','2020-09-30 10:58:36'),(16,1,9,2020,'SO/FTI/0001/FTI-C-0000010/IX/2020','2020-09-30 11:06:11','2020-09-30 11:06:11'),(17,4,9,2020,'DO/0001/FTI/IX/2020','2020-09-30 11:06:51','2020-09-30 11:06:51'),(18,9,9,2020,'INV/FTI/0001/FTI-C-0000010/IX/2020','2020-09-30 11:07:28','2020-09-30 11:07:28'),(19,5,9,2020,'MR/FTI/0001/IX/2020','2020-09-30 11:10:47','2020-09-30 11:10:47'),(20,6,9,2020,'MO/FTI/0001/IX/2020','2020-09-30 11:10:57','2020-09-30 11:10:57'),(21,2,9,2020,'ADJ/FTI/000008/IX/2020','2020-09-30 12:01:13','2020-09-30 12:01:13'),(22,3,9,2020,'TG/FTI0001/IX/2020','2020-09-30 12:05:33','2020-09-30 12:05:33'),(23,3,9,2020,'TG/FTI0002/IX/2020','2020-09-30 12:05:40','2020-09-30 12:05:40'),(24,1,10,2020,'SO/FTI/0001/PT.PAS/X/2020','2020-10-05 15:36:29','2020-10-05 15:36:29'),(25,7,10,2020,'PR/FTI/0001/IMP/CHN/001/X/2020','2020-10-05 17:08:06','2020-10-05 17:08:06'),(26,8,10,2020,'PO/FTI/0003/IMP/CHN/001/X/2020','2020-10-05 17:08:41','2020-10-05 17:08:41'),(27,11,10,2020,'RP/0001/FTI/X/2020','2020-10-05 17:09:23','2020-10-05 17:09:23'),(28,11,10,2020,'RP/0002/FTI/X/2020','2020-10-05 17:09:33','2020-10-05 17:09:33'),(29,10,10,2020,'FTI/0003/IMP/CHN/001/X/2020','2020-10-05 17:12:39','2020-10-05 17:12:39'),(30,10,10,2020,'FTI/0004/IMP/CHN/001/X/2020','2020-10-05 17:13:18','2020-10-05 17:13:18'),(31,7,10,2020,'PR/FTI/0002/YOI/X/2020','2020-10-05 17:18:34','2020-10-05 17:18:34'),(32,8,10,2020,'PO/FTI/0004/YOI/X/2020','2020-10-05 17:18:52','2020-10-05 17:18:52'),(33,10,10,2020,'FTI/0005/IMP/CHN/001/X/2020','2020-10-05 17:19:56','2020-10-05 17:19:56'),(34,11,10,2020,'RP/0003/FTI/X/2020','2020-10-05 17:21:23','2020-10-05 17:21:23'),(35,2,10,2020,'ADJ/FTI/000001/X/2020','2020-10-05 18:54:47','2020-10-05 18:54:47'),(36,2,10,2020,'ADJ/FTI/000002/X/2020','2020-10-05 18:58:41','2020-10-05 18:58:41'),(37,1,10,2020,'SO/FTI/0002/DEDIBOGOR/X/2020','2020-10-10 16:19:55','2020-10-10 16:19:55'),(38,2,10,2020,'ADJ/FTI/000003/X/2020','2020-10-10 16:27:29','2020-10-10 16:27:29'),(39,4,10,2020,'DO/0001/FTI/X/2020','2020-10-10 16:28:26','2020-10-10 16:28:26'),(40,9,10,2020,'INV/FTI/0001/DEDIBOGOR/X/2020','2020-10-10 16:32:41','2020-10-10 16:32:41'),(41,1,10,2020,'SO/FTI/0003/HERICBR/X/2020','2020-10-10 16:46:45','2020-10-10 16:46:45'),(42,1,10,2020,'SO/FTI/0004/FTI-C-0000024/X/2020','2020-10-10 16:49:05','2020-10-10 16:49:05'),(43,1,10,2020,'SO/FTI/0005/FTI-C-0000024/X/2020','2020-10-10 16:50:40','2020-10-10 16:50:40'),(44,1,10,2020,'SO/FTI/0006/FTI-C-0000024/X/2020','2020-10-10 16:50:55','2020-10-10 16:50:55'),(45,2,10,2020,'ADJ/FTI/000004/X/2020','2020-10-10 17:11:24','2020-10-10 17:11:24'),(46,1,10,2020,'SO/FTI/0007/DEDIBOGOR/X/2020','2020-10-10 18:06:42','2020-10-10 18:06:42'),(47,9,10,2020,'INV/FTI/0002/BUDICVPJAYA/X/2020','2020-10-12 15:50:33','2020-10-12 15:50:33'),(48,4,10,2020,'DO/0002/FTI/X/2020','2020-10-13 16:41:58','2020-10-13 16:41:58'),(49,2,10,2020,'ADJ/FTI/000005/X/2020','2020-10-13 17:04:48','2020-10-13 17:04:48'),(50,2,10,2020,'ADJ/FTI/000006/X/2020','2020-10-13 17:05:42','2020-10-13 17:05:42'),(51,2,10,2020,'ADJ/FTI/000007/X/2020','2020-10-13 17:08:02','2020-10-13 17:08:02'),(52,2,10,2020,'ADJ/FTI/000008/X/2020','2020-10-13 17:13:12','2020-10-13 17:13:12'),(53,2,10,2020,'ADJ/FTI/000009/X/2020','2020-10-13 17:45:47','2020-10-13 17:45:47'),(54,2,10,2020,'ADJ/FTI/000010/X/2020','2020-10-14 11:50:03','2020-10-14 11:50:03'),(55,2,10,2020,'ADJ/FTI/000011/X/2020','2020-10-14 11:50:31','2020-10-14 11:50:31'),(56,2,10,2020,'ADJ/FTI/000012/X/2020','2020-10-14 11:50:59','2020-10-14 11:50:59'),(57,2,10,2020,'ADJ/FTI/000013/X/2020','2020-10-14 12:01:52','2020-10-14 12:01:52'),(58,2,10,2020,'ADJ/FTI/000014/X/2020','2020-10-14 12:05:56','2020-10-14 12:05:56'),(59,2,10,2020,'ADJ/FTI/000015/X/2020','2020-10-14 12:07:23','2020-10-14 12:07:23'),(60,2,10,2020,'ADJ/FTI/000016/X/2020','2020-10-14 12:24:13','2020-10-14 12:24:13'),(61,2,10,2020,'ADJ/FTI/000017/X/2020','2020-10-18 11:38:53','2020-10-18 11:38:53'),(62,2,10,2020,'ADJ/FTI/000018/X/2020','2020-10-18 11:50:45','2020-10-18 11:50:45'),(63,2,10,2020,'ADJ/FTI/000019/X/2020','2020-10-18 11:51:17','2020-10-18 11:51:17'),(64,2,10,2020,'ADJ/FTI/000020/X/2020','2020-10-18 11:52:53','2020-10-18 11:52:53'),(65,2,10,2020,'ADJ/FTI/000021/X/2020','2020-10-18 11:55:02','2020-10-18 11:55:02'),(66,2,10,2020,'ADJ/FTI/000022/X/2020','2020-10-18 11:56:59','2020-10-18 11:56:59'),(67,2,10,2020,'ADJ/FTI/000023/X/2020','2020-10-18 12:00:54','2020-10-18 12:00:54'),(68,2,10,2020,'ADJ/FTI/000024/X/2020','2020-10-18 12:03:42','2020-10-18 12:03:42'),(69,2,10,2020,'ADJ/FTI/000025/X/2020','2020-10-18 12:07:46','2020-10-18 12:07:46'),(70,2,10,2020,'ADJ/FTI/000026/X/2020','2020-10-18 12:10:44','2020-10-18 12:10:44'),(71,2,10,2020,'ADJ/FTI/000027/X/2020','2020-10-18 12:13:41','2020-10-18 12:13:41'),(72,2,10,2020,'ADJ/FTI/000028/X/2020','2020-10-18 12:14:33','2020-10-18 12:14:33'),(73,2,10,2020,'ADJ/FTI/000029/X/2020','2020-10-18 12:15:36','2020-10-18 12:15:36'),(74,2,10,2020,'ADJ/FTI/000030/X/2020','2020-10-18 12:18:39','2020-10-18 12:18:39'),(75,2,10,2020,'ADJ/FTI/000031/X/2020','2020-10-18 12:19:27','2020-10-18 12:19:27'),(76,2,10,2020,'ADJ/FTI/000032/X/2020','2020-10-18 12:23:05','2020-10-18 12:23:05'),(77,2,10,2020,'ADJ/FTI/000033/X/2020','2020-10-18 12:28:32','2020-10-18 12:28:32'),(78,2,10,2020,'ADJ/FTI/000034/X/2020','2020-10-18 12:29:15','2020-10-18 12:29:15'),(79,2,10,2020,'ADJ/FTI/000035/X/2020','2020-10-18 12:30:23','2020-10-18 12:30:23'),(80,2,10,2020,'ADJ/FTI/000036/X/2020','2020-10-18 12:31:33','2020-10-18 12:31:33'),(81,2,10,2020,'ADJ/FTI/000037/X/2020','2020-10-18 12:33:29','2020-10-18 12:33:29'),(82,2,10,2020,'ADJ/FTI/000038/X/2020','2020-10-18 12:34:20','2020-10-18 12:34:20'),(83,2,10,2020,'ADJ/FTI/000039/X/2020','2020-10-18 12:36:52','2020-10-18 12:36:52'),(84,2,10,2020,'ADJ/FTI/000040/X/2020','2020-10-18 12:37:23','2020-10-18 12:37:23'),(85,2,10,2020,'ADJ/FTI/000041/X/2020','2020-10-18 12:37:59','2020-10-18 12:37:59'),(86,2,10,2020,'ADJ/FTI/000042/X/2020','2020-10-18 12:43:40','2020-10-18 12:43:40'),(87,2,10,2020,'ADJ/FTI/000043/X/2020','2020-10-18 12:45:24','2020-10-18 12:45:24'),(88,2,10,2020,'ADJ/FTI/000044/X/2020','2020-10-18 12:51:42','2020-10-18 12:51:42'),(89,2,10,2020,'ADJ/FTI/000045/X/2020','2020-10-18 12:53:24','2020-10-18 12:53:24'),(90,2,10,2020,'ADJ/FTI/000046/X/2020','2020-10-18 12:58:00','2020-10-18 12:58:00'),(91,2,10,2020,'ADJ/FTI/000047/X/2020','2020-10-18 13:00:05','2020-10-18 13:00:05'),(92,2,10,2020,'ADJ/FTI/000048/X/2020','2020-10-18 13:01:36','2020-10-18 13:01:36'),(93,2,10,2020,'ADJ/FTI/000049/X/2020','2020-10-18 13:03:03','2020-10-18 13:03:03'),(94,2,10,2020,'ADJ/FTI/000050/X/2020','2020-10-18 13:10:34','2020-10-18 13:10:34'),(95,2,10,2020,'ADJ/FTI/000051/X/2020','2020-10-18 13:35:39','2020-10-18 13:35:39'),(96,2,10,2020,'ADJ/FTI/000052/X/2020','2020-10-18 13:35:56','2020-10-18 13:35:56'),(97,2,10,2020,'ADJ/FTI/000053/X/2020','2020-10-18 13:37:26','2020-10-18 13:37:26'),(98,2,10,2020,'ADJ/FTI/000054/X/2020','2020-10-18 13:40:57','2020-10-18 13:40:57'),(99,2,10,2020,'ADJ/FTI/000055/X/2020','2020-10-18 13:42:44','2020-10-18 13:42:44'),(100,2,10,2020,'ADJ/FTI/000056/X/2020','2020-10-18 13:43:28','2020-10-18 13:43:28'),(101,2,10,2020,'ADJ/FTI/000057/X/2020','2020-10-18 13:44:28','2020-10-18 13:44:28'),(102,2,10,2020,'ADJ/FTI/000058/X/2020','2020-10-18 13:45:28','2020-10-18 13:45:28'),(103,2,10,2020,'ADJ/FTI/000059/X/2020','2020-10-18 13:47:37','2020-10-18 13:47:37'),(104,2,10,2020,'ADJ/FTI/000060/X/2020','2020-10-18 13:49:46','2020-10-18 13:49:46'),(105,2,10,2020,'ADJ/FTI/000061/X/2020','2020-10-18 13:51:24','2020-10-18 13:51:24'),(106,2,10,2020,'ADJ/FTI/000062/X/2020','2020-10-18 13:52:45','2020-10-18 13:52:45'),(107,2,10,2020,'ADJ/FTI/000063/X/2020','2020-10-18 13:53:53','2020-10-18 13:53:53'),(108,2,10,2020,'ADJ/FTI/000064/X/2020','2020-10-18 13:55:46','2020-10-18 13:55:46'),(109,2,10,2020,'ADJ/FTI/000065/X/2020','2020-10-18 13:56:31','2020-10-18 13:56:31'),(110,2,10,2020,'ADJ/FTI/000066/X/2020','2020-10-18 13:57:23','2020-10-18 13:57:23'),(111,2,10,2020,'ADJ/FTI/000067/X/2020','2020-10-18 13:58:20','2020-10-18 13:58:20'),(112,2,10,2020,'ADJ/FTI/000068/X/2020','2020-10-18 13:59:12','2020-10-18 13:59:12'),(113,2,10,2020,'ADJ/FTI/000069/X/2020','2020-10-18 14:00:20','2020-10-18 14:00:20'),(114,2,10,2020,'ADJ/FTI/000070/X/2020','2020-10-18 14:01:32','2020-10-18 14:01:32'),(115,2,10,2020,'ADJ/FTI/000071/X/2020','2020-10-18 14:02:37','2020-10-18 14:02:37'),(116,2,10,2020,'ADJ/FTI/000072/X/2020','2020-10-18 14:02:39','2020-10-18 14:02:39'),(117,2,10,2020,'ADJ/FTI/000073/X/2020','2020-10-18 14:03:43','2020-10-18 14:03:43'),(118,2,10,2020,'ADJ/FTI/000074/X/2020','2020-10-18 14:04:43','2020-10-18 14:04:43'),(119,2,10,2020,'ADJ/FTI/000075/X/2020','2020-10-18 14:05:47','2020-10-18 14:05:47'),(120,2,10,2020,'ADJ/FTI/000076/X/2020','2020-10-18 14:06:32','2020-10-18 14:06:32'),(121,2,10,2020,'ADJ/FTI/000077/X/2020','2020-10-18 14:07:40','2020-10-18 14:07:40'),(122,2,10,2020,'ADJ/FTI/000078/X/2020','2020-10-18 14:09:32','2020-10-18 14:09:32'),(123,2,10,2020,'ADJ/FTI/000079/X/2020','2020-10-18 14:10:44','2020-10-18 14:10:44'),(124,2,10,2020,'ADJ/FTI/000080/X/2020','2020-10-18 14:12:24','2020-10-18 14:12:24'),(125,2,10,2020,'ADJ/FTI/000081/X/2020','2020-10-18 14:14:21','2020-10-18 14:14:21'),(126,2,10,2020,'ADJ/FTI/000082/X/2020','2020-10-18 14:17:53','2020-10-18 14:17:53'),(127,2,10,2020,'ADJ/FTI/000083/X/2020','2020-10-18 14:20:20','2020-10-18 14:20:20'),(128,2,10,2020,'ADJ/FTI/000084/X/2020','2020-10-18 14:22:36','2020-10-18 14:22:36'),(129,2,10,2020,'ADJ/FTI/000085/X/2020','2020-10-18 14:24:27','2020-10-18 14:24:27'),(130,2,10,2020,'ADJ/FTI/000086/X/2020','2020-10-18 14:26:30','2020-10-18 14:26:30'),(131,2,10,2020,'ADJ/FTI/000087/X/2020','2020-10-18 14:28:48','2020-10-18 14:28:48'),(132,2,10,2020,'ADJ/FTI/000088/X/2020','2020-10-18 14:31:04','2020-10-18 14:31:04'),(133,2,10,2020,'ADJ/FTI/000089/X/2020','2020-10-18 14:32:13','2020-10-18 14:32:13'),(134,2,10,2020,'ADJ/FTI/000090/X/2020','2020-10-18 14:33:01','2020-10-18 14:33:01'),(135,2,10,2020,'ADJ/FTI/000091/X/2020','2020-10-18 14:33:34','2020-10-18 14:33:34'),(136,2,10,2020,'ADJ/FTI/000092/X/2020','2020-10-18 14:34:15','2020-10-18 14:34:15'),(137,2,10,2020,'ADJ/FTI/000093/X/2020','2020-10-18 14:35:36','2020-10-18 14:35:36'),(138,2,10,2020,'ADJ/FTI/000094/X/2020','2020-10-18 14:36:17','2020-10-18 14:36:17'),(139,2,10,2020,'ADJ/FTI/000095/X/2020','2020-10-18 14:36:59','2020-10-18 14:36:59'),(140,2,10,2020,'ADJ/FTI/000096/X/2020','2020-10-18 14:37:53','2020-10-18 14:37:53'),(141,7,10,2020,'PR/FTI/0003/MS/X/2020','2020-10-18 14:38:25','2020-10-18 14:38:25'),(142,8,10,2020,'PO/FTI/0005/MS/X/2020','2020-10-18 14:38:29','2020-10-18 14:38:29'),(143,2,10,2020,'ADJ/FTI/000097/X/2020','2020-10-18 14:40:07','2020-10-18 14:40:07'),(144,2,10,2020,'ADJ/FTI/000098/X/2020','2020-10-18 14:42:24','2020-10-18 14:42:24'),(145,2,10,2020,'ADJ/FTI/000099/X/2020','2020-10-18 14:43:31','2020-10-18 14:43:31'),(146,1,10,2020,'SO/FTI/0008/YUSUP/X/2020','2020-10-18 14:44:21','2020-10-18 14:44:21'),(147,2,10,2020,'ADJ/FTI/000100/X/2020','2020-10-18 14:45:55','2020-10-18 14:45:55'),(148,2,10,2020,'ADJ/FTI/000101/X/2020','2020-10-18 14:47:04','2020-10-18 14:47:04'),(149,11,10,2020,'RP/0004/FTI/X/2020','2020-10-18 14:47:55','2020-10-18 14:47:55'),(150,2,10,2020,'ADJ/FTI/000102/X/2020','2020-10-18 14:49:23','2020-10-18 14:49:23'),(151,2,10,2020,'ADJ/FTI/000103/X/2020','2020-10-18 14:50:01','2020-10-18 14:50:01'),(152,1,10,2020,'SO/FTI/0009/PT.PMS/X/2020','2020-10-18 14:50:25','2020-10-18 14:50:25'),(153,2,10,2020,'ADJ/FTI/000104/X/2020','2020-10-18 14:50:39','2020-10-18 14:50:39'),(154,2,10,2020,'ADJ/FTI/000105/X/2020','2020-10-18 14:51:12','2020-10-18 14:51:12'),(155,1,10,2020,'SO/FTI/0010/PT.MDT/X/2020','2020-10-18 14:51:47','2020-10-18 14:51:47'),(156,2,10,2020,'ADJ/FTI/000106/X/2020','2020-10-18 14:51:53','2020-10-18 14:51:53'),(157,2,10,2020,'ADJ/FTI/000107/X/2020','2020-10-18 14:52:37','2020-10-18 14:52:37'),(158,2,10,2020,'ADJ/FTI/000108/X/2020','2020-10-18 14:53:22','2020-10-18 14:53:22'),(159,2,10,2020,'ADJ/FTI/000109/X/2020','2020-10-18 14:53:54','2020-10-18 14:53:54'),(160,2,10,2020,'ADJ/FTI/000110/X/2020','2020-10-18 14:54:34','2020-10-18 14:54:34'),(161,2,10,2020,'ADJ/FTI/000111/X/2020','2020-10-18 14:55:20','2020-10-18 14:55:20'),(162,2,10,2020,'ADJ/FTI/000112/X/2020','2020-10-18 14:56:39','2020-10-18 14:56:39'),(163,2,10,2020,'ADJ/FTI/000113/X/2020','2020-10-18 14:57:15','2020-10-18 14:57:15'),(164,2,10,2020,'ADJ/FTI/000114/X/2020','2020-10-18 14:59:38','2020-10-18 14:59:38'),(165,2,10,2020,'ADJ/FTI/000115/X/2020','2020-10-18 15:00:17','2020-10-18 15:00:17'),(166,2,10,2020,'ADJ/FTI/000116/X/2020','2020-10-18 15:00:46','2020-10-18 15:00:46'),(167,2,10,2020,'ADJ/FTI/000117/X/2020','2020-10-18 15:01:20','2020-10-18 15:01:20'),(168,2,10,2020,'ADJ/FTI/000118/X/2020','2020-10-18 15:01:20','2020-10-18 15:01:20'),(169,2,10,2020,'ADJ/FTI/000119/X/2020','2020-10-18 15:01:43','2020-10-18 15:01:43'),(170,2,10,2020,'ADJ/FTI/000120/X/2020','2020-10-18 15:02:16','2020-10-18 15:02:16'),(171,2,10,2020,'ADJ/FTI/000121/X/2020','2020-10-18 15:03:42','2020-10-18 15:03:42'),(172,2,10,2020,'ADJ/FTI/000122/X/2020','2020-10-18 15:04:14','2020-10-18 15:04:14'),(173,2,10,2020,'ADJ/FTI/000123/X/2020','2020-10-18 15:04:34','2020-10-18 15:04:34'),(174,2,10,2020,'ADJ/FTI/000124/X/2020','2020-10-18 15:05:13','2020-10-18 15:05:13'),(175,2,10,2020,'ADJ/FTI/000125/X/2020','2020-10-18 15:05:54','2020-10-18 15:05:54'),(176,2,10,2020,'ADJ/FTI/000126/X/2020','2020-10-18 15:06:12','2020-10-18 15:06:12'),(177,2,10,2020,'ADJ/FTI/000127/X/2020','2020-10-18 15:06:27','2020-10-18 15:06:27'),(178,2,10,2020,'ADJ/FTI/000128/X/2020','2020-10-18 15:06:58','2020-10-18 15:06:58'),(179,2,10,2020,'ADJ/FTI/000129/X/2020','2020-10-18 15:07:34','2020-10-18 15:07:34'),(180,2,10,2020,'ADJ/FTI/000130/X/2020','2020-10-18 15:07:53','2020-10-18 15:07:53'),(181,2,10,2020,'ADJ/FTI/000131/X/2020','2020-10-18 15:08:17','2020-10-18 15:08:17'),(182,2,10,2020,'ADJ/FTI/000132/X/2020','2020-10-18 15:08:56','2020-10-18 15:08:56'),(183,2,10,2020,'ADJ/FTI/000133/X/2020','2020-10-18 15:09:32','2020-10-18 15:09:32'),(184,2,10,2020,'ADJ/FTI/000134/X/2020','2020-10-18 15:09:42','2020-10-18 15:09:42'),(185,2,10,2020,'ADJ/FTI/000135/X/2020','2020-10-18 15:10:02','2020-10-18 15:10:02'),(186,2,10,2020,'ADJ/FTI/000136/X/2020','2020-10-18 15:10:54','2020-10-18 15:10:54'),(187,2,10,2020,'ADJ/FTI/000137/X/2020','2020-10-18 15:11:25','2020-10-18 15:11:25'),(188,2,10,2020,'ADJ/FTI/000138/X/2020','2020-10-18 15:11:30','2020-10-18 15:11:30'),(189,2,10,2020,'ADJ/FTI/000139/X/2020','2020-10-18 15:12:01','2020-10-18 15:12:01'),(190,2,10,2020,'ADJ/FTI/000140/X/2020','2020-10-18 15:12:35','2020-10-18 15:12:35'),(191,2,10,2020,'ADJ/FTI/000141/X/2020','2020-10-18 15:13:09','2020-10-18 15:13:09'),(192,2,10,2020,'ADJ/FTI/000142/X/2020','2020-10-18 15:14:03','2020-10-18 15:14:03'),(193,2,10,2020,'ADJ/FTI/000143/X/2020','2020-10-18 15:14:50','2020-10-18 15:14:50'),(194,2,10,2020,'ADJ/FTI/000144/X/2020','2020-10-18 15:16:19','2020-10-18 15:16:19'),(195,2,10,2020,'ADJ/FTI/000145/X/2020','2020-10-18 15:17:46','2020-10-18 15:17:46'),(196,2,10,2020,'ADJ/FTI/000146/X/2020','2020-10-18 15:17:52','2020-10-18 15:17:52'),(197,2,10,2020,'ADJ/FTI/000147/X/2020','2020-10-18 15:19:07','2020-10-18 15:19:07'),(198,2,10,2020,'ADJ/FTI/000148/X/2020','2020-10-18 15:20:17','2020-10-18 15:20:17'),(199,2,10,2020,'ADJ/FTI/000149/X/2020','2020-10-18 15:20:55','2020-10-18 15:20:55'),(200,2,10,2020,'ADJ/FTI/000150/X/2020','2020-10-18 15:21:03','2020-10-18 15:21:03'),(201,2,10,2020,'ADJ/FTI/000151/X/2020','2020-10-18 15:22:31','2020-10-18 15:22:31'),(202,2,10,2020,'ADJ/FTI/000152/X/2020','2020-10-18 15:23:52','2020-10-18 15:23:52'),(203,2,10,2020,'ADJ/FTI/000153/X/2020','2020-10-18 15:25:19','2020-10-18 15:25:19'),(204,2,10,2020,'ADJ/FTI/000154/X/2020','2020-10-18 15:26:53','2020-10-18 15:26:53'),(205,5,10,2020,'MR/FTI/0002/X/2020','2020-10-18 15:31:03','2020-10-18 15:31:03'),(206,6,10,2020,'MO/FTI/0002/X/2020','2020-10-18 15:31:23','2020-10-18 15:31:23'),(207,1,10,2020,'SO/FTI/0011/DESWINFIRMANTO/X/2020','2020-10-18 15:38:22','2020-10-18 15:38:22'),(208,4,10,2020,'DO/0003/FTI/X/2020','2020-10-18 15:39:21','2020-10-18 15:39:21'),(209,4,10,2020,'DO/0004/FTI/X/2020','2020-10-18 15:39:36','2020-10-18 15:39:36'),(210,9,10,2020,'INV/FTI/0003/DESWINFIRMANTO/X/2020','2020-10-18 15:42:34','2020-10-18 15:42:34'),(211,9,10,2020,'INV/FTI/0004/DESWINFIRMANTO/X/2020','2020-10-18 15:42:45','2020-10-18 15:42:45'),(212,9,10,2020,'INV/FTI/0005/DESWINFIRMANTO/X/2020','2020-10-18 15:43:19','2020-10-18 15:43:19'),(213,1,10,2020,'SO/FTI/0012/RAFACOM/X/2020','2020-10-18 16:08:01','2020-10-18 16:08:01'),(214,1,10,2020,'SO/FTI/0013/RAFACOM/X/2020','2020-10-18 16:09:22','2020-10-18 16:09:22'),(215,4,10,2020,'DO/0005/FTI/X/2020','2020-10-18 16:14:39','2020-10-18 16:14:39'),(216,4,10,2020,'DO/0006/FTI/X/2020','2020-10-18 16:14:49','2020-10-18 16:14:49'),(217,1,10,2020,'SO/FTI/0014/EMMA/X/2020','2020-10-18 16:21:32','2020-10-18 16:21:32'),(218,4,10,2020,'DO/0007/FTI/X/2020','2020-10-18 16:22:33','2020-10-18 16:22:33'),(219,9,10,2020,'INV/FTI/0006/EMMA/X/2020','2020-10-18 16:24:04','2020-10-18 16:24:04'),(220,9,10,2020,'INV/FTI/0007/EMMA/X/2020','2020-10-18 16:52:22','2020-10-18 16:52:22'),(221,5,10,2020,'MR/FTI/0003/X/2020','2020-10-18 17:03:31','2020-10-18 17:03:31'),(222,5,10,2020,'MR/FTI/0004/X/2020','2020-10-18 17:08:39','2020-10-18 17:08:39'),(223,2,10,2020,'ADJ/FTI/000155/X/2020','2020-10-18 17:14:14','2020-10-18 17:14:14'),(224,2,10,2020,'ADJ/FTI/000156/X/2020','2020-10-18 17:14:50','2020-10-18 17:14:50'),(225,9,10,2020,'INV/FTI/0008/EMMA/X/2020','2020-10-18 17:14:53','2020-10-18 17:14:53'),(226,2,10,2020,'ADJ/FTI/000157/X/2020','2020-10-18 17:15:39','2020-10-18 17:15:39'),(227,2,10,2020,'ADJ/FTI/000158/X/2020','2020-10-18 17:16:04','2020-10-18 17:16:04'),(228,2,10,2020,'ADJ/FTI/000159/X/2020','2020-10-18 17:19:04','2020-10-18 17:19:04'),(229,5,10,2020,'MR/FTI/0005/X/2020','2020-10-18 17:21:23','2020-10-18 17:21:23'),(230,7,10,2020,'PR/FTI/0004/MS/X/2020','2020-10-19 15:51:24','2020-10-19 15:51:24'),(231,8,10,2020,'PO/FTI/0006/MS/X/2020','2020-10-19 15:51:38','2020-10-19 15:51:38'),(232,5,10,2020,'MR/FTI/0006/X/2020','2020-10-23 16:35:24','2020-10-23 16:35:24'),(233,7,10,2020,'PR/FTI/0005/NOARK/X/2020','2020-10-31 16:22:32','2020-10-31 16:22:32'),(234,1,11,2020,'SO/FTI/0001/ENGKIRAHMAT/XI/2020','2020-11-09 14:33:36','2020-11-09 14:33:36'),(235,7,11,2020,'PR/FTI/0001/YOFCHQ/XI/2020','2020-11-09 14:35:36','2020-11-09 14:35:36'),(236,8,11,2020,'PO/FTI/0007/YOFCHQ/XI/2020','2020-11-09 14:36:09','2020-11-09 14:36:09'),(237,11,11,2020,'RP/0001/FTI/XI/2020','2020-11-09 14:37:56','2020-11-09 14:37:56'),(238,10,11,2020,'FTI/0006/YOFCHQ/XI/2020','2020-11-09 14:39:53','2020-11-09 14:39:53'),(239,4,11,2020,'DO/0001/FTI/XI/2020','2020-11-09 14:41:48','2020-11-09 14:41:48'),(240,9,11,2020,'INV/FTI/0001/ENGKIRAHMAT/XI/2020','2020-11-09 14:42:42','2020-11-09 14:42:42'),(241,1,11,2020,'SO/FTI/0002/JOSEPH/XI/2020','2020-11-09 15:58:05','2020-11-09 15:58:05'),(242,4,11,2020,'DO/0002/FTI/XI/2020','2020-11-09 16:00:43','2020-11-09 16:00:43'),(243,9,11,2020,'INV/FTI/0002/JOSEPH/XI/2020','2020-11-09 16:01:32','2020-11-09 16:01:32');
/*!40000 ALTER TABLE `references` ENABLE KEYS */;
UNLOCK TABLES;

--
-- Table structure for table `retur_items`
--

DROP TABLE IF EXISTS `retur_items`;
/*!40101 SET @saved_cs_client     = @@character_set_client */;
/*!40101 SET character_set_client = utf8 */;
CREATE TABLE `retur_items` (
  `id` bigint(20) unsigned NOT NULL AUTO_INCREMENT,
  `retur_id` char(36) COLLATE utf8mb4_unicode_ci NOT NULL,
  `product_name` varchar(255) COLLATE utf8mb4_unicode_ci NOT NULL,
  `sales_qty` decimal(50,2) NOT NULL,
  `retur_qty` decimal(50,2) NOT NULL,
  `retur_reason` int(11) NOT NULL,
  `notes` text COLLATE utf8mb4_unicode_ci,
  `created_at` timestamp NULL DEFAULT NULL,
  `updated_at` timestamp NULL DEFAULT NULL,
  PRIMARY KEY (`id`),
  KEY `retur_items_retur_id_foreign` (`retur_id`),
  CONSTRAINT `retur_items_retur_id_foreign` FOREIGN KEY (`retur_id`) REFERENCES `returs` (`id`) ON DELETE CASCADE ON UPDATE CASCADE
) ENGINE=InnoDB DEFAULT CHARSET=utf8mb4 COLLATE=utf8mb4_unicode_ci;
/*!40101 SET character_set_client = @saved_cs_client */;

--
-- Dumping data for table `retur_items`
--

LOCK TABLES `retur_items` WRITE;
/*!40000 ALTER TABLE `retur_items` DISABLE KEYS */;
/*!40000 ALTER TABLE `retur_items` ENABLE KEYS */;
UNLOCK TABLES;

--
-- Table structure for table `retur_reasons`
--

DROP TABLE IF EXISTS `retur_reasons`;
/*!40101 SET @saved_cs_client     = @@character_set_client */;
/*!40101 SET character_set_client = utf8 */;
CREATE TABLE `retur_reasons` (
  `id` bigint(20) unsigned NOT NULL AUTO_INCREMENT,
  `name` varchar(255) COLLATE utf8mb4_unicode_ci NOT NULL,
  `created_at` timestamp NULL DEFAULT NULL,
  `updated_at` timestamp NULL DEFAULT NULL,
  PRIMARY KEY (`id`)
) ENGINE=InnoDB AUTO_INCREMENT=9 DEFAULT CHARSET=utf8mb4 COLLATE=utf8mb4_unicode_ci;
/*!40101 SET character_set_client = @saved_cs_client */;

--
-- Dumping data for table `retur_reasons`
--

LOCK TABLES `retur_reasons` WRITE;
/*!40000 ALTER TABLE `retur_reasons` DISABLE KEYS */;
INSERT INTO `retur_reasons` VALUES (1,'Barang Rusak','2020-01-22 19:25:56','2020-01-22 19:25:56'),(2,'Tidak Sesuai Spesifikasi','2020-01-22 19:25:56','2020-01-22 19:25:56'),(3,'Warna Salah','2020-01-22 19:25:56','2020-01-22 19:25:56'),(4,'Barang Tidak Lengkap','2020-01-22 19:25:56','2020-01-22 19:25:56'),(5,'Kemasan Barang Rusak','2020-01-22 19:25:56','2020-01-22 19:25:56'),(6,'Ingin Tukar Barang','2020-01-22 19:25:56','2020-01-22 19:25:56'),(7,'Barang Salah Kirim','2020-01-22 19:25:56','2020-01-22 19:25:56'),(8,'Barang Kelebihan Kirim','2020-01-22 19:25:57','2020-01-22 19:25:57');
/*!40000 ALTER TABLE `retur_reasons` ENABLE KEYS */;
UNLOCK TABLES;

--
-- Table structure for table `returs`
--

DROP TABLE IF EXISTS `returs`;
/*!40101 SET @saved_cs_client     = @@character_set_client */;
/*!40101 SET character_set_client = utf8 */;
CREATE TABLE `returs` (
  `id` char(36) COLLATE utf8mb4_unicode_ci NOT NULL,
  `sales_order` varchar(255) COLLATE utf8mb4_unicode_ci NOT NULL,
  `delivery_order` varchar(255) COLLATE utf8mb4_unicode_ci DEFAULT NULL,
  `status_id` char(36) COLLATE utf8mb4_unicode_ci NOT NULL,
  `created_at` timestamp NULL DEFAULT NULL,
  `updated_at` timestamp NULL DEFAULT NULL,
  `created_by` varchar(255) COLLATE utf8mb4_unicode_ci NOT NULL,
  `approve_by` varchar(255) COLLATE utf8mb4_unicode_ci DEFAULT NULL,
  PRIMARY KEY (`id`)
) ENGINE=InnoDB DEFAULT CHARSET=utf8mb4 COLLATE=utf8mb4_unicode_ci;
/*!40101 SET character_set_client = @saved_cs_client */;

--
-- Dumping data for table `returs`
--

LOCK TABLES `returs` WRITE;
/*!40000 ALTER TABLE `returs` DISABLE KEYS */;
/*!40000 ALTER TABLE `returs` ENABLE KEYS */;
UNLOCK TABLES;

--
-- Table structure for table `role_has_permissions`
--

DROP TABLE IF EXISTS `role_has_permissions`;
/*!40101 SET @saved_cs_client     = @@character_set_client */;
/*!40101 SET character_set_client = utf8 */;
CREATE TABLE `role_has_permissions` (
  `permission_id` int(10) unsigned NOT NULL,
  `role_id` int(10) unsigned NOT NULL,
  PRIMARY KEY (`permission_id`,`role_id`),
  KEY `role_has_permissions_role_id_foreign` (`role_id`),
  CONSTRAINT `role_has_permissions_permission_id_foreign` FOREIGN KEY (`permission_id`) REFERENCES `permissions` (`id`) ON DELETE CASCADE,
  CONSTRAINT `role_has_permissions_role_id_foreign` FOREIGN KEY (`role_id`) REFERENCES `roles` (`id`) ON DELETE CASCADE
) ENGINE=InnoDB DEFAULT CHARSET=utf8mb4 COLLATE=utf8mb4_unicode_ci;
/*!40101 SET character_set_client = @saved_cs_client */;

--
-- Dumping data for table `role_has_permissions`
--

LOCK TABLES `role_has_permissions` WRITE;
/*!40000 ALTER TABLE `role_has_permissions` DISABLE KEYS */;
INSERT INTO `role_has_permissions` VALUES (1,1),(2,1),(3,1),(4,1),(5,1),(6,1),(7,1),(8,1),(15,1),(17,1),(18,1),(19,1),(20,1),(21,1),(22,1),(23,1),(24,1),(25,1),(26,1),(27,1),(28,1),(29,1),(30,1),(31,1),(32,1),(33,1),(34,1),(35,1),(36,1),(37,1),(38,1),(39,1),(40,1),(41,1),(42,1),(43,1),(44,1),(45,1),(46,1),(47,1),(48,1),(49,1),(50,1),(3,2),(6,2),(9,2),(10,2),(11,2),(13,2),(4,3),(5,3),(6,3),(7,3),(27,3),(28,3),(29,3),(30,3),(31,3),(32,3),(33,3),(34,3),(35,3),(36,3),(37,3),(38,3),(39,3),(40,3),(41,3),(3,4),(4,4),(5,4),(6,4),(7,4),(15,4),(23,4),(24,4),(27,4),(38,4),(45,4),(46,4),(1,5),(3,5),(4,5),(5,5),(6,5),(7,5),(8,5),(15,5),(17,5),(18,5),(27,5),(28,5),(29,5),(30,5),(34,5),(42,5),(43,5),(45,5),(46,5),(3,6),(4,6),(5,6),(6,6),(7,6),(8,6),(15,6),(42,6),(43,6),(44,6),(45,6),(46,6),(48,6),(49,6),(3,7),(4,7),(5,7),(6,7),(7,7),(15,7),(27,7),(31,7),(32,7),(34,7),(35,7),(36,7),(37,7),(38,7),(39,7),(40,7),(41,7),(45,7),(46,7),(48,7),(3,8),(4,8),(5,8),(6,8),(7,8),(15,8),(27,8),(28,8),(31,8),(32,8),(34,8),(35,8),(36,8),(37,8),(45,8),(46,8),(50,8),(1,9),(2,9),(3,9),(4,9),(5,9),(6,9),(7,9),(8,9),(15,9),(17,9),(18,9),(19,9),(20,9),(21,9),(22,9),(23,9),(24,9),(25,9),(26,9),(27,9),(28,9),(29,9),(30,9),(31,9),(32,9),(33,9),(34,9),(35,9),(36,9),(37,9),(38,9),(39,9),(40,9),(41,9),(42,9),(43,9),(44,9),(45,9),(46,9),(47,9),(48,9),(49,9),(50,9),(3,10),(4,10),(5,10),(6,10),(7,10),(15,10),(27,10),(30,10),(34,10),(37,10),(38,10),(45,10),(46,10),(3,11),(4,11),(5,11),(6,11),(7,11),(8,11),(15,11),(23,11),(24,11),(25,11),(26,11),(42,11),(43,11),(44,11),(45,11),(46,11),(48,11),(49,11),(3,12),(4,12),(5,12),(6,12),(7,12),(8,12),(15,12),(23,12),(24,12),(25,12),(26,12),(31,12),(32,12),(42,12),(43,12),(44,12),(45,12),(46,12),(47,12),(48,12);
/*!40000 ALTER TABLE `role_has_permissions` ENABLE KEYS */;
UNLOCK TABLES;

--
-- Table structure for table `roles`
--

DROP TABLE IF EXISTS `roles`;
/*!40101 SET @saved_cs_client     = @@character_set_client */;
/*!40101 SET character_set_client = utf8 */;
CREATE TABLE `roles` (
  `id` int(10) unsigned NOT NULL AUTO_INCREMENT,
  `name` varchar(255) COLLATE utf8mb4_unicode_ci NOT NULL,
  `guard_name` varchar(255) COLLATE utf8mb4_unicode_ci NOT NULL,
  `created_at` timestamp NULL DEFAULT NULL,
  `updated_at` timestamp NULL DEFAULT NULL,
  PRIMARY KEY (`id`)
) ENGINE=InnoDB AUTO_INCREMENT=13 DEFAULT CHARSET=utf8mb4 COLLATE=utf8mb4_unicode_ci;
/*!40101 SET character_set_client = @saved_cs_client */;

--
-- Dumping data for table `roles`
--

LOCK TABLES `roles` WRITE;
/*!40000 ALTER TABLE `roles` DISABLE KEYS */;
INSERT INTO `roles` VALUES (1,'Administrator','web','2019-09-04 14:23:40','2019-09-04 14:23:40'),(2,'Sales','web','2019-09-15 01:07:52','2019-09-15 01:07:52'),(3,'PPIC','web','2020-01-06 17:45:28','2020-01-06 17:45:28'),(4,'Sales-FTI','web','2020-01-08 13:40:45','2020-01-08 13:40:45'),(5,'Pembelian','web','2020-01-08 13:41:30','2020-01-08 13:41:30'),(6,'Finance','web','2020-01-09 13:06:46','2020-01-09 13:06:46'),(7,'Produksi/Manufaktur','web','2020-01-10 14:21:32','2020-01-10 14:21:32'),(8,'Gudang','web','2020-01-10 19:02:59','2020-01-10 19:02:59'),(9,'Sysadmin','web','2020-01-11 19:26:34','2020-01-11 19:26:34'),(10,'Logistik','web','2020-01-13 15:47:06','2020-01-13 15:47:06'),(11,'Finance Approval','web','2020-06-18 12:24:00','2020-06-18 12:24:00'),(12,'Admin Sales-Invoice','web','2020-10-10 14:51:53','2020-10-10 14:51:53');
/*!40000 ALTER TABLE `roles` ENABLE KEYS */;
UNLOCK TABLES;

--
-- Table structure for table `sale_items`
--

DROP TABLE IF EXISTS `sale_items`;
/*!40101 SET @saved_cs_client     = @@character_set_client */;
/*!40101 SET character_set_client = utf8 */;
CREATE TABLE `sale_items` (
  `id` bigint(20) unsigned NOT NULL AUTO_INCREMENT,
  `sales_id` char(36) COLLATE utf8mb4_unicode_ci NOT NULL,
  `product_id` char(36) COLLATE utf8mb4_unicode_ci DEFAULT NULL,
  `product_name` varchar(255) COLLATE utf8mb4_unicode_ci DEFAULT NULL,
  `quantity` decimal(50,2) DEFAULT NULL,
  `remain` decimal(50,2) DEFAULT NULL,
  `uom_id` char(36) COLLATE utf8mb4_unicode_ci DEFAULT NULL,
  `discount` decimal(50,2) DEFAULT NULL,
  `sale_price` decimal(50,2) DEFAULT NULL,
  `sub_total` decimal(50,2) DEFAULT NULL,
  `shipping` decimal(50,2) DEFAULT NULL,
  `created_at` timestamp NULL DEFAULT NULL,
  `updated_at` timestamp NULL DEFAULT NULL,
  PRIMARY KEY (`id`),
  KEY `sale_items_sales_id_foreign` (`sales_id`),
  CONSTRAINT `sale_items_sales_id_foreign` FOREIGN KEY (`sales_id`) REFERENCES `sales` (`id`) ON DELETE CASCADE ON UPDATE CASCADE
) ENGINE=InnoDB AUTO_INCREMENT=69 DEFAULT CHARSET=utf8mb4 COLLATE=utf8mb4_unicode_ci;
/*!40101 SET character_set_client = @saved_cs_client */;

--
-- Dumping data for table `sale_items`
--

LOCK TABLES `sale_items` WRITE;
/*!40000 ALTER TABLE `sale_items` DISABLE KEYS */;
INSERT INTO `sale_items` VALUES (1,'799853ac-16b8-4c78-af59-faa68c330137','5d9ab536-33c0-11ea-aec2-2e728ce88125','Adapter Dustcaps Black',150.00,0.00,'1',0.00,2500.00,375000.00,150.00,'2020-09-30 11:06:11','2020-09-30 11:06:51'),(3,'88c364d6-5987-4b3e-a094-3d0378a1bd53','dae85cab-739f-4670-b04a-da850053ebab','Kabel AERIAL/ KU FO 12Core SCPT (Y)',4000.00,NULL,'1',0.00,10000.00,40000000.00,NULL,'2020-10-05 16:28:14','2020-10-05 16:28:14'),(5,'2fe804d2-c5da-4747-82cd-4acb3d17de14','f2689346-97ea-4aa4-a127-584dfd69aa85','ODP 18',150.00,0.00,'1',0.00,250000.00,37500000.00,150.00,'2020-10-10 16:22:11','2020-10-10 16:28:26'),(6,'99764d58-6d42-4503-b897-2f19f7a23281','8bb1454c-9626-444f-bdfb-ee25fd4690bc','Precon 1 Core SC/APC-SC/APC 100M',250.00,0.00,'1',0.00,57000.00,14250000.00,250.00,'2020-10-10 16:46:45','2020-10-13 16:41:58'),(7,'99764d58-6d42-4503-b897-2f19f7a23281','4f964b43-2859-4137-9043-3d725e9e6ff4','Precon 1 Core SC/APC-SC/UPC 200M',300.00,300.00,'1',0.00,77000.00,0.00,0.00,'2020-10-10 16:46:45','2020-10-13 16:41:58'),(8,'c0fd8099-68b8-4fe6-a443-40bae4479ecb','5d9ee94e-33c0-11ea-aec2-2e728ce88125','Patchcord MM OM1 DX (3,0mm) SC/PC-ST/PC 3m',10.00,NULL,'1',0.00,25000.00,250000.00,NULL,'2020-10-10 16:50:55','2020-10-10 16:50:55'),(9,'dd8ac921-0048-40b3-94ac-5984366bab80','5d9ee94e-33c0-11ea-aec2-2e728ce88125','Patchcord MM OM1 DX (3,0mm) SC/PC-ST/PC 3m',150.00,NULL,'1',0.00,15000.00,2250000.00,NULL,'2020-10-10 18:06:42','2020-10-10 18:06:42'),(10,'dd0655b6-2f1e-4431-a4d5-0507008bf782','3fd87551-f61c-4b63-9e35-a2ee90cf601d','Patchcord SM DX (2,0mm) SC/UPC-SC/UPC 25m',1.00,NULL,'1',0.00,19000.00,19000.00,NULL,'2020-10-18 14:44:21','2020-10-18 14:44:21'),(11,'dd0655b6-2f1e-4431-a4d5-0507008bf782','0f8acf9f-ab7c-4187-9060-497c3f6702a0','Patchcord SM DX (2,0mm) SC/UPC-SC/UPC 20m',1.00,NULL,NULL,0.00,19000.00,19000.00,NULL,'2020-10-18 14:44:21','2020-10-18 14:44:21'),(13,'b8c13145-f640-4f86-b07d-70064d845093','3fd87551-f61c-4b63-9e35-a2ee90cf601d','Patchcord SM DX (2,0mm) SC/UPC-SC/UPC 25m',2.00,NULL,'1',0.00,19000.00,38000.00,NULL,'2020-10-18 14:51:07','2020-10-18 14:51:07'),(15,'8f0f555e-fbb2-4ccc-81cf-e1def6ff2a12','5d9db664-33c0-11ea-aec2-2e728ce88125','Dropcable 1 Core, GJYXFCH, LSZH, 1000M FTI',5.00,0.00,'4',0.00,675000.00,3375000.00,5.00,'2020-10-18 15:38:22','2020-10-18 15:39:36'),(39,'7b0f5361-2c3c-4e0d-a9a6-c640cc23a901','9610371c-192b-4141-a2fb-341a4a7c7398','Precon 1 Core SC/APC-SC/APC 120M',20.00,NULL,'1',0.00,3000.00,60000.00,NULL,'2020-10-18 16:12:32','2020-10-18 16:12:32'),(40,'7b0f5361-2c3c-4e0d-a9a6-c640cc23a901','8bb1454c-9626-444f-bdfb-ee25fd4690bc','Precon 1 Core SC/APC-SC/APC 100M',10.00,NULL,'1',0.00,1000.00,10000.00,NULL,'2020-10-18 16:12:33','2020-10-18 16:12:33'),(41,'7b0f5361-2c3c-4e0d-a9a6-c640cc23a901','5d9ee80e-33c0-11ea-aec2-2e728ce88125','Patchcord MM OM1 DX (2,0mm) LC/PC-LC/PC 3m',10.00,0.00,'1',0.00,2000.00,50000.00,10.00,'2020-10-18 16:12:33','2020-10-18 16:14:50'),(42,'7b0f5361-2c3c-4e0d-a9a6-c640cc23a901','5d9db664-33c0-11ea-aec2-2e728ce88125','Dropcable 1 Core, GJYXFCH, LSZH, 1000M FTI',5.00,0.00,'1',0.00,4000.00,9000.00,3.00,'2020-10-18 16:12:33','2020-10-18 16:14:50'),(43,'7b0f5361-2c3c-4e0d-a9a6-c640cc23a901','5d9db664-33c0-11ea-aec2-2e728ce88125','Dropcable 1 Core, GJYXFCH, LSZH, 1000M FTI',3.00,0.00,'1',0.00,3000.00,9000.00,3.00,'2020-10-18 16:12:33','2020-10-18 16:14:50'),(44,'7b0f5361-2c3c-4e0d-a9a6-c640cc23a901','5d9ee142-33c0-11ea-aec2-2e728ce88125','Patchcord MM DX Out Door SC/UPC-LC/UPC 10m Heat Shrink Kuning',10.00,0.00,'1',0.00,2000.00,40000.00,20.00,'2020-10-18 16:12:33','2020-10-18 16:14:50'),(45,'7b0f5361-2c3c-4e0d-a9a6-c640cc23a901','5d9eea84-33c0-11ea-aec2-2e728ce88125','Patchcord MM OM1 SX (2,0mm) FC/UPC-LC/UPC 10m',10.00,NULL,'1',0.00,2500.00,25000.00,NULL,'2020-10-18 16:12:33','2020-10-18 16:12:33'),(46,'7b0f5361-2c3c-4e0d-a9a6-c640cc23a901','5d9ee80e-33c0-11ea-aec2-2e728ce88125','Patchcord MM OM1 DX (2,0mm) LC/PC-LC/PC 3m',15.00,0.00,'1',0.00,1700.00,50000.00,10.00,'2020-10-18 16:12:33','2020-10-18 16:14:50'),(47,'7b0f5361-2c3c-4e0d-a9a6-c640cc23a901','5d9ee142-33c0-11ea-aec2-2e728ce88125','Patchcord MM DX Out Door SC/UPC-LC/UPC 10m Heat Shrink Kuning',20.00,0.00,'1',0.00,2000.00,40000.00,20.00,'2020-10-18 16:12:33','2020-10-18 16:14:50'),(48,'7b0f5361-2c3c-4e0d-a9a6-c640cc23a901','5d9ee80e-33c0-11ea-aec2-2e728ce88125','Patchcord MM OM1 DX (2,0mm) LC/PC-LC/PC 3m',10.00,0.00,'1',0.00,5000.00,50000.00,10.00,'2020-10-18 16:12:33','2020-10-18 16:14:50'),(49,'7b0f5361-2c3c-4e0d-a9a6-c640cc23a901','5d9ee94e-33c0-11ea-aec2-2e728ce88125','Patchcord MM OM1 DX (3,0mm) SC/PC-ST/PC 3m',15.00,NULL,'1',0.00,7000.00,105000.00,NULL,'2020-10-18 16:12:33','2020-10-18 16:12:33'),(50,'7b0f5361-2c3c-4e0d-a9a6-c640cc23a901','6e5d9fb4-5d0a-4d4d-afb0-17d0c5700b9f','Precon 1 Core SC/APC-SC/APC 75M',10.00,NULL,'1',0.00,5000.00,50000.00,NULL,'2020-10-18 16:12:33','2020-10-18 16:12:33'),(51,'a77e291e-05f2-439f-a5f9-2e516abe7e84','8bb1454c-9626-444f-bdfb-ee25fd4690bc','Precon 1 Core SC/APC-SC/APC 100M',10.00,NULL,'1',0.00,2000.00,20000.00,NULL,'2020-10-18 16:16:54','2020-10-18 16:16:54'),(52,'a77e291e-05f2-439f-a5f9-2e516abe7e84','9610371c-192b-4141-a2fb-341a4a7c7398','Precon 1 Core SC/APC-SC/APC 120M',20.00,NULL,'1',0.00,3000.00,60000.00,NULL,'2020-10-18 16:16:54','2020-10-18 16:16:54'),(53,'a77e291e-05f2-439f-a5f9-2e516abe7e84','b28247d0-1c3f-421c-88f6-daf81b7b4197','Precon 1 Core SC/APC-SC/APC 200M',15.00,NULL,'1',0.00,2200.00,33000.00,NULL,'2020-10-18 16:16:54','2020-10-18 16:16:54'),(54,'a77e291e-05f2-439f-a5f9-2e516abe7e84','66a074a0-c9cb-422e-a8ea-fca5fd93fb30','Precon 1 Core SC/APC-SC/APC 50M',25.00,NULL,'1',0.00,1000.00,25000.00,NULL,'2020-10-18 16:16:54','2020-10-18 16:16:54'),(55,'a77e291e-05f2-439f-a5f9-2e516abe7e84','5d9f3a5c-33c0-11ea-aec2-2e728ce88125','Patchcord SM DX (2,0mm) FC/UPC-FC/UPC 3m',150.00,NULL,'1',0.00,5000.00,750000.00,NULL,'2020-10-18 16:16:54','2020-10-18 16:16:54'),(56,'a77e291e-05f2-439f-a5f9-2e516abe7e84','5d9f3b9c-33c0-11ea-aec2-2e728ce88125','Patchcord SM DX (2,0mm) FC/UPC-LC/UPC 10m',100.00,NULL,'1',0.00,2500.00,250000.00,NULL,'2020-10-18 16:16:54','2020-10-18 16:16:54'),(57,'a77e291e-05f2-439f-a5f9-2e516abe7e84','5d9f3cd2-33c0-11ea-aec2-2e728ce88125','Patchcord SM DX (2,0mm) FC/UPC-LC/UPC 15m',70.00,NULL,'1',0.00,2000.00,140000.00,NULL,'2020-10-18 16:16:54','2020-10-18 16:16:54'),(58,'a77e291e-05f2-439f-a5f9-2e516abe7e84','e5081045-c074-47e5-b528-4458f6e055c5','Patchcord SM DX (2,0mm) SC/APC-SC/APC 10m',15.00,NULL,'1',0.00,1500.00,22500.00,NULL,'2020-10-18 16:16:54','2020-10-18 16:16:54'),(59,'7d2e944a-ec2f-42e8-a5d2-7d985eb05f4f','8bb1454c-9626-444f-bdfb-ee25fd4690bc','Precon 1 Core SC/APC-SC/APC 100M',1.00,0.00,'1',0.00,1000.00,2000.00,1.00,'2020-10-18 16:21:32','2020-10-18 16:22:34'),(60,'7d2e944a-ec2f-42e8-a5d2-7d985eb05f4f','5d9ee142-33c0-11ea-aec2-2e728ce88125','Patchcord MM DX Out Door SC/UPC-LC/UPC 10m Heat Shrink Kuning',1.00,0.00,'1',0.00,1000.00,1000.00,1.00,'2020-10-18 16:21:32','2020-10-18 16:22:33'),(61,'7d2e944a-ec2f-42e8-a5d2-7d985eb05f4f','5d9ee282-33c0-11ea-aec2-2e728ce88125','Patchcord MM DX Out Door SC/UPC-LC/UPC 5m Heat Shrink Hitam PAZ',1.00,0.00,'1',0.00,1000.00,1000.00,1.00,'2020-10-18 16:21:32','2020-10-18 16:22:33'),(62,'7d2e944a-ec2f-42e8-a5d2-7d985eb05f4f','5d9ee282-33c0-11ea-aec2-2e728ce88125','Patchcord MM DX Out Door SC/UPC-LC/UPC 5m Heat Shrink Hitam PAZ',1.00,0.00,'1',0.00,1000.00,1000.00,1.00,'2020-10-18 16:21:32','2020-10-18 16:22:33'),(63,'7d2e944a-ec2f-42e8-a5d2-7d985eb05f4f','5d9ee3c2-33c0-11ea-aec2-2e728ce88125','Patchcord MM DX Out Door SC/UPC-SC/UPC 5m Heat Shrink Hitam',1.00,0.00,'1',0.00,1000.00,1000.00,1.00,'2020-10-18 16:21:32','2020-10-18 16:22:33'),(64,'7d2e944a-ec2f-42e8-a5d2-7d985eb05f4f','8bb1454c-9626-444f-bdfb-ee25fd4690bc','Precon 1 Core SC/APC-SC/APC 100M',1.00,0.00,'1',0.00,2000.00,2000.00,1.00,'2020-10-18 16:21:32','2020-10-18 16:22:34'),(65,'7d2e944a-ec2f-42e8-a5d2-7d985eb05f4f','8bb1454c-9626-444f-bdfb-ee25fd4690bc','Precon 1 Core SC/APC-SC/APC 100M',1.00,0.00,'1',0.00,2000.00,2000.00,1.00,'2020-10-18 16:21:33','2020-10-18 16:22:34'),(66,'7d2e944a-ec2f-42e8-a5d2-7d985eb05f4f','9610371c-192b-4141-a2fb-341a4a7c7398','Precon 1 Core SC/APC-SC/APC 120M',1.00,0.00,'1',0.00,2000.00,2000.00,1.00,'2020-10-18 16:21:33','2020-10-18 16:22:34'),(67,'ada0a29d-6878-4e6e-9e54-ca683b4aeb77','a0a81a82-ba7c-4492-bad7-2c02325ca65f','Pigtail MM OM2 DX (3,0mm) ST/PC 3m',10.00,0.00,'1',0.00,37500.00,375000.00,10.00,'2020-11-09 14:33:36','2020-11-09 14:41:49'),(68,'35efa204-965a-46b3-adba-b2947ec1aeb5','0c8f8e6a-5ed6-4813-ac25-1c76a48a39a3','Patchcord SM SX (3,0mm) SC/UPC-SC/APC 20m',70.00,70.00,'1',0.00,45000.00,0.00,0.00,'2020-11-09 15:58:05','2020-11-09 16:00:43');
/*!40000 ALTER TABLE `sale_items` ENABLE KEYS */;
UNLOCK TABLES;

--
-- Table structure for table `sales`
--

DROP TABLE IF EXISTS `sales`;
/*!40101 SET @saved_cs_client     = @@character_set_client */;
/*!40101 SET character_set_client = utf8 */;
CREATE TABLE `sales` (
  `id` char(36) COLLATE utf8mb4_unicode_ci NOT NULL,
  `order_ref` varchar(255) COLLATE utf8mb4_unicode_ci NOT NULL,
  `client_id` char(36) COLLATE utf8mb4_unicode_ci NOT NULL,
  `client_code` varchar(255) COLLATE utf8mb4_unicode_ci NOT NULL,
  `billing_address` text COLLATE utf8mb4_unicode_ci NOT NULL,
  `shipping_address` text COLLATE utf8mb4_unicode_ci NOT NULL,
  `delivery_date` date NOT NULL,
  `quantity` decimal(50,2) DEFAULT NULL,
  `tax` decimal(50,2) DEFAULT NULL,
  `discount` decimal(50,2) DEFAULT NULL,
  `total` decimal(50,2) DEFAULT NULL,
  `status_id` char(36) COLLATE utf8mb4_unicode_ci NOT NULL DEFAULT '8083f49e-f0aa-4094-894f-f64cd2e9e4e9',
  `created_by` varchar(255) COLLATE utf8mb4_unicode_ci NOT NULL,
  `updated_by` varchar(255) COLLATE utf8mb4_unicode_ci DEFAULT NULL,
  `closing_date` datetime DEFAULT NULL,
  `created_at` timestamp NULL DEFAULT NULL,
  `updated_at` timestamp NULL DEFAULT NULL,
  PRIMARY KEY (`id`)
) ENGINE=InnoDB DEFAULT CHARSET=utf8mb4 COLLATE=utf8mb4_unicode_ci;
/*!40101 SET character_set_client = @saved_cs_client */;

--
-- Dumping data for table `sales`
--

LOCK TABLES `sales` WRITE;
/*!40000 ALTER TABLE `sales` DISABLE KEYS */;
INSERT INTO `sales` VALUES ('2fe804d2-c5da-4747-82cd-4acb3d17de14','SO/FTI/0002/DEDIBOGOR/X/2020','3fb31237-4421-416c-b5ea-b160c48234b3','DEDIBOGOR','Bogor','Bogor','2020-10-12',150.00,NULL,NULL,37500000.00,'6d32841b-2606-43a5-8cf7-b77291ddbfbb','adminsales2','adminsales2','2020-10-10 16:38:30','2020-10-10 16:19:55','2020-10-10 16:38:30'),('35efa204-965a-46b3-adba-b2947ec1aeb5','SO/FTI/0002/JOSEPH/XI/2020','2d563a3d-b66a-41c9-95e9-62b8f93876c3','JOSEPH','JL. BARU','JL. BARU','2020-11-11',70.00,NULL,NULL,3150000.00,'c2fdba02-e765-4ee8-8c8c-3073209ddd26','Finmgr','Finmgr',NULL,'2020-11-09 15:58:05','2020-11-09 16:00:43'),('799853ac-16b8-4c78-af59-faa68c330137','SO/FTI/0001/FTI-C-0000010/IX/2020','008a1051-7b08-4ba8-8677-24911558245e','FTI-C-0000010','JL. JAKARTA 20-22, KOTA KEMBANG -BANDUNG','JL. JAKARTA 20-22, KOTA KEMBANG -BANDUNG','2020-09-30',150.00,NULL,NULL,375000.00,'6d32841b-2606-43a5-8cf7-b77291ddbfbb','Mirza Rizaldy','Mirza Rizaldy','2020-10-02 01:57:21','2020-09-30 11:06:11','2020-10-01 18:57:21'),('7b0f5361-2c3c-4e0d-a9a6-c640cc23a901','SO/FTI/0013/RAFACOM/X/2020','8283d753-a886-4980-960a-4c2e5e631ba6','RAFACOM','Jl Centex Raya Gg.Sopan\r\nRt003/RW.010 No.19 Ciracas\r\nJakarta Timur 13740','Jl Centex Raya Gg.Sopan\r\nRt003/RW.010 No.19 Ciracas\r\nJakarta Timur 13740','2020-10-19',138.00,NULL,NULL,434500.00,'8447cd63-c7e7-4b26-81fc-d2eb3aceec97','adminsales2','adminsales2',NULL,'2020-10-18 16:09:22','2020-10-18 16:17:09'),('7d2e944a-ec2f-42e8-a5d2-7d985eb05f4f','SO/FTI/0014/EMMA/X/2020','0250fb47-35bc-4c44-b164-9049ea221e97','EMMA','Rukan Artha gading niaga blok E 11-12, kelapa gading Jakarta Utara','Rukan Artha gading niaga blok E 11-12, kelapa gading Jakarta Utara','2020-10-19',8.00,NULL,NULL,11000.00,'c2fdba02-e765-4ee8-8c8c-3073209ddd26','adminsales2','adminsales2',NULL,'2020-10-18 16:21:32','2020-10-18 16:22:34'),('88c364d6-5987-4b3e-a094-3d0378a1bd53','SO/FTI/0001/PT.PAS/X/2020','47425ace-60ef-4038-abe9-e024d9443d3d','PT.PAS','Jl. Danau Sunter Utara Perkantoran Sunter Permai Blok D No. 18','Jl. Danau Sunter Utara Perkantoran Sunter Permai Blok D No. 18','2020-09-01',4000.00,4000000.00,NULL,44000000.00,'8083f49e-f0aa-4094-894f-f64cd2e9e4e9','Mirza Rizaldy',NULL,NULL,'2020-10-05 15:36:29','2020-10-05 15:36:29'),('8f0f555e-fbb2-4ccc-81cf-e1def6ff2a12','SO/FTI/0011/DESWINFIRMANTO/X/2020','d301d38f-3eac-4420-b193-1f17e3e05856','DESWINFIRMANTO','Kp. Rawa Bambu RT.003/RW.016. Harapan Jaya . Bekasi Utara. Kota Bekasi. Jawa Barat','Kp. Rawa Bambu RT.003/RW.016. Harapan Jaya . Bekasi Utara. Kota Bekasi. Jawa Barat','2020-10-19',5.00,NULL,NULL,3375000.00,'8447cd63-c7e7-4b26-81fc-d2eb3aceec97','adminsales2','adminsales2',NULL,'2020-10-18 15:38:22','2020-10-18 15:49:37'),('99764d58-6d42-4503-b897-2f19f7a23281','SO/FTI/0003/HERICBR/X/2020','30de5d04-9539-41fa-8d45-6fca5116f3b7','HERICBR','GUNUNG PUTRI , CIANGSANA, CIBONONG','GUNUNG PUTRI , CIANGSANA, CIBONONG','2020-10-12',550.00,NULL,NULL,37350000.00,'e3f73f52-00f7-47a6-9831-3a81b36f65e8','adminsales2','adminsales2',NULL,'2020-10-10 16:46:45','2020-10-13 16:43:26'),('a77e291e-05f2-439f-a5f9-2e516abe7e84','SO/FTI/0012/RAFACOM/X/2020','8283d753-a886-4980-960a-4c2e5e631ba6','RAFACOM','Jl Centex Raya Gg.Sopan\r\nRt003/RW.010 No.19 Ciracas\r\nJakarta Timur 13740','Jl Centex Raya Gg.Sopan\r\nRt003/RW.010 No.19 Ciracas\r\nJakarta Timur 13740','2020-10-19',405.00,NULL,NULL,1300500.00,'458410e7-384d-47bc-bdbe-02115adc4449','adminsales2','adminsales2',NULL,'2020-10-18 16:08:01','2020-10-18 16:17:02'),('ada0a29d-6878-4e6e-9e54-ca683b4aeb77','SO/FTI/0001/ENGKIRAHMAT/XI/2020','11df0e58-376e-45da-9cd7-663bfb822ee5','ENGKIRAHMAT','Perumahan Graha indah. Jln srikaya No.D7/12 RT.007 RW 010. Kelurahan Jaka Mulya, Kecamatan Bekasi Selatan, Kota Bekasi','Perumahan Graha indah. Jln srikaya No.D7/12 RT.007 RW 010. Kelurahan Jaka Mulya, Kecamatan Bekasi Selatan, Kota Bekasi','2020-11-10',10.00,NULL,NULL,375000.00,'eca81b8f-bfb9-48b9-8e8d-86f4517bc129','Finmgr','Finmgr',NULL,'2020-11-09 14:33:36','2020-11-09 14:50:25'),('b8c13145-f640-4f86-b07d-70064d845093','SO/FTI/0009/PT.PMS/X/2020','42ba8249-4513-472a-82c7-3f953cb1e7e0','PT.PMS','Komp. Geen Ville Blok No.26 Jakarta Barat 11510 Indonesia','Komp. Geen Ville Blok No.26 Jakarta Barat 11510 Indonesia','2020-10-20',2.00,3800.00,NULL,41800.00,'458410e7-384d-47bc-bdbe-02115adc4449','Nining S. (Sales Adm)','adminsales2',NULL,'2020-10-18 14:50:25','2020-10-18 14:59:09'),('c0fd8099-68b8-4fe6-a443-40bae4479ecb','SO/FTI/0006/FTI-C-0000024/X/2020','621538da-23fd-4098-97cd-d56fad695246','FTI-C-0000024','000000','000000','2020-10-15',10.00,NULL,NULL,250000.00,'458410e7-384d-47bc-bdbe-02115adc4449','adminsales2','adminsales2',NULL,'2020-10-10 16:50:55','2020-10-10 16:51:19'),('d6362878-6053-473e-b09b-ef793791e795','SO/FTI/0010/PT.MDT/X/2020','f8d6c407-bf02-49e5-a548-5ae20913ea67','PT.MDT','JL. Raya Tenjo Singabangsa KM18 . Kp. Tegal Pondoh Rt.002/003. Kel. Singabangsa Kec. Tenjo  Kab. Bogor','JL. Raya Tenjo Singabangsa KM18 . Kp. Tegal Pondoh Rt.002/003. Kel. Singabangsa Kec. Tenjo  Kab. Bogor','2020-10-19',0.00,NULL,NULL,0.00,'af0e1bc3-7acd-41b0-b926-5f54d2b6c8e8','Sales Manager (Rian)','adminsales2',NULL,'2020-10-18 14:51:47','2020-10-18 14:57:39'),('dd0655b6-2f1e-4431-a4d5-0507008bf782','SO/FTI/0008/YUSUP/X/2020','1b4b5e98-b657-44e2-b139-d64b9d28b41d','YUSUP','JL. Srikaya Ujung No.10 Utan Kayu. Jakarta timur','JL. Srikaya Ujung No.10 Utan Kayu. Jakarta timur','2020-10-17',2.00,NULL,NULL,38000.00,'8083f49e-f0aa-4094-894f-f64cd2e9e4e9','Nining S. (Sales Adm)',NULL,NULL,'2020-10-18 14:44:21','2020-10-18 14:44:21'),('dd8ac921-0048-40b3-94ac-5984366bab80','SO/FTI/0007/DEDIBOGOR/X/2020','3fb31237-4421-416c-b5ea-b160c48234b3','DEDIBOGOR','Bogor','Bogor','2020-10-12',150.00,NULL,NULL,2250000.00,'458410e7-384d-47bc-bdbe-02115adc4449','adminsales2','adminsales2',NULL,'2020-10-10 18:06:42','2020-10-10 18:06:55');
/*!40000 ALTER TABLE `sales` ENABLE KEYS */;
UNLOCK TABLES;

--
-- Table structure for table `statuses`
--

DROP TABLE IF EXISTS `statuses`;
/*!40101 SET @saved_cs_client     = @@character_set_client */;
/*!40101 SET character_set_client = utf8 */;
CREATE TABLE `statuses` (
  `id` char(36) COLLATE utf8mb4_unicode_ci NOT NULL,
  `name` varchar(255) COLLATE utf8mb4_unicode_ci NOT NULL,
  `created_at` timestamp NULL DEFAULT NULL,
  `updated_at` timestamp NULL DEFAULT NULL,
  PRIMARY KEY (`id`)
) ENGINE=InnoDB DEFAULT CHARSET=utf8mb4 COLLATE=utf8mb4_unicode_ci;
/*!40101 SET character_set_client = @saved_cs_client */;

--
-- Dumping data for table `statuses`
--

LOCK TABLES `statuses` WRITE;
/*!40000 ALTER TABLE `statuses` DISABLE KEYS */;
INSERT INTO `statuses` VALUES ('00c4df56-a91b-45c6-a59c-e02577442072','Full Payment','2020-01-18 04:37:05','2020-01-18 04:37:05'),('0fb7f4e6-e293-429d-8761-f978dc850a97','Complete Process','2019-09-20 15:37:41','2019-09-20 15:37:41'),('106da5a6-2c71-4a08-9342-db3fd8ebf71e','Receipt Created','2020-01-12 22:21:22','2020-01-12 22:21:22'),('2b643e21-a94c-4713-93f1-f1cbde6ad633','Active','2019-09-04 07:11:54','2019-09-04 07:11:54'),('314f31d1-4e50-4ad9-ae8c-65f0f7ebfc43','Received','2019-09-11 05:20:52','2019-09-11 05:20:52'),('3da32f6e-494f-4b61-b010-7ccc0e006fb3','Invoice Created','2019-10-02 16:05:13','2019-10-02 16:05:13'),('458410e7-384d-47bc-bdbe-02115adc4449','Approve','2019-09-10 13:07:06','2019-09-10 13:07:06'),('45e139a2-a423-46ef-8901-d07b25b461a3','Pending Process','2019-09-20 15:37:41','2019-09-20 15:37:41'),('533806c2-19dc-4b24-886f-d783a8b448b7','Normal Stock','2019-09-04 07:11:54','2019-09-04 07:11:54'),('596ae55c-c0fb-4880-8e06-56725b21f6dc','Purchase Close','2020-01-17 18:27:39','2020-01-17 18:27:39'),('5af2f030-efe0-426e-819d-6df5f6fb8cc5','Pending - Transfer Stock','2020-09-05 16:04:46','2020-09-05 16:04:46'),('5bc79891-e396-4792-a0f3-617ece2a00ce','Requested','2019-09-20 16:14:02','2019-09-20 16:14:02'),('5f548276-3979-4308-94ec-7b5b59841688','Retur Stored','2020-01-22 18:28:02','2020-01-22 18:28:02'),('6d32841b-2606-43a5-8cf7-b77291ddbfbb','Sales Close','2020-01-16 19:59:06','2020-01-16 19:59:06'),('72ceba35-758d-4bc2-9295-fd9f9f393c56','Empty Stock','2019-09-04 07:11:54','2019-09-04 07:11:54'),('805ec360-ebe1-4872-9798-a69dbac86a29','Payment Complete','2020-09-21 20:25:09','2020-09-21 20:25:09'),('8083f49e-f0aa-4094-894f-f64cd2e9e4e9','Submit','2019-09-04 07:11:54','2019-09-04 07:11:54'),('82e9ec8c-5a82-4009-ba2f-ab620eeaa71a','Suspended','2019-09-04 07:11:54','2019-09-04 07:11:54'),('8447cd63-c7e7-4b26-81fc-d2eb3aceec97','Delivery Cancel','2020-01-16 20:50:42','2020-01-16 20:50:42'),('ad5335ed-fc6e-42a1-a0e4-8b802acd6caa','Sales Suspend','2020-01-16 19:59:06','2020-01-16 19:59:06'),('af0e1bc3-7acd-41b0-b926-5f54d2b6c8e8','Rejected','2019-09-10 16:28:27','2019-09-10 16:28:27'),('c2fdba02-e765-4ee8-8c8c-3073209ddd26','On Process','2019-09-04 07:11:54','2019-09-04 07:11:54'),('c51d7be2-7c72-41a8-93ff-03f780ece42a','Unpaid','2019-09-04 07:11:54','2019-09-04 07:11:54'),('cc040768-2b4f-48df-867f-7da18b749e61','Partial Payment','2020-01-18 04:37:05','2020-01-18 04:37:05'),('d4f7f9f3-4f5f-4063-b6ab-dc03f89ec87e','Ready - Stock Transferred','2020-09-22 19:34:57','2020-09-22 19:34:57'),('d6c23804-3b9b-40ca-b050-146af5594f5d','Payment Made','2020-01-12 22:21:22','2020-01-12 22:21:22'),('e3f73f52-00f7-47a6-9831-3a81b36f65e8','Delivery - Partial','2020-08-26 20:19:09','2020-08-26 20:19:09'),('e7b1f161-fa81-447c-a9bc-f13a220ce534','Cancel Delivery','2020-01-20 19:08:31','2020-01-20 19:08:31'),('e9395add-e815-4374-8ed3-c0d5f4481ab8','Delivered','2019-09-04 07:11:54','2019-09-04 07:11:54'),('e9f870d8-ebe8-462e-a6b6-c03f4f5bd8eb','Retur Received','2019-10-12 16:26:16','2019-10-12 16:26:16'),('eca81b8f-bfb9-48b9-8e8d-86f4517bc129','Payment Received','2019-10-02 16:00:59','2019-10-02 16:00:59'),('f8b26119-fb0c-40ff-85c0-8fb85696f220','Low on Stock','2019-09-04 07:11:54','2019-09-04 07:11:54'),('ffa20f52-a023-4333-b945-a46d04de961c','Transfered','2019-09-22 15:04:09','2019-09-22 15:04:09');
/*!40000 ALTER TABLE `statuses` ENABLE KEYS */;
UNLOCK TABLES;

--
-- Table structure for table `uom_categories`
--

DROP TABLE IF EXISTS `uom_categories`;
/*!40101 SET @saved_cs_client     = @@character_set_client */;
/*!40101 SET character_set_client = utf8 */;
CREATE TABLE `uom_categories` (
  `id` int(10) unsigned NOT NULL AUTO_INCREMENT,
  `name` varchar(255) COLLATE utf8mb4_unicode_ci NOT NULL,
  `created_by` varchar(255) COLLATE utf8mb4_unicode_ci NOT NULL,
  `updated_by` varchar(255) COLLATE utf8mb4_unicode_ci DEFAULT NULL,
  `created_at` timestamp NULL DEFAULT NULL,
  `updated_at` timestamp NULL DEFAULT NULL,
  PRIMARY KEY (`id`)
) ENGINE=InnoDB AUTO_INCREMENT=3 DEFAULT CHARSET=utf8mb4 COLLATE=utf8mb4_unicode_ci;
/*!40101 SET character_set_client = @saved_cs_client */;

--
-- Dumping data for table `uom_categories`
--

LOCK TABLES `uom_categories` WRITE;
/*!40000 ALTER TABLE `uom_categories` DISABLE KEYS */;
INSERT INTO `uom_categories` VALUES (1,'Satuan','eko',NULL,'2019-09-07 14:12:48','2019-09-07 14:12:48'),(2,'Panjang','eko',NULL,'2019-09-08 14:36:12','2019-09-08 14:36:12');
/*!40000 ALTER TABLE `uom_categories` ENABLE KEYS */;
UNLOCK TABLES;

--
-- Table structure for table `uom_values`
--

DROP TABLE IF EXISTS `uom_values`;
/*!40101 SET @saved_cs_client     = @@character_set_client */;
/*!40101 SET character_set_client = utf8 */;
CREATE TABLE `uom_values` (
  `id` int(10) unsigned NOT NULL AUTO_INCREMENT,
  `type_id` int(11) NOT NULL,
  `is_parent` tinyint(1) DEFAULT NULL,
  `parent_id` int(11) DEFAULT NULL,
  `name` varchar(255) COLLATE utf8mb4_unicode_ci NOT NULL,
  `value` decimal(10,2) NOT NULL,
  `created_by` varchar(255) COLLATE utf8mb4_unicode_ci NOT NULL,
  `updated_by` varchar(255) COLLATE utf8mb4_unicode_ci DEFAULT NULL,
  `created_at` timestamp NULL DEFAULT NULL,
  `updated_at` timestamp NULL DEFAULT NULL,
  PRIMARY KEY (`id`)
) ENGINE=InnoDB AUTO_INCREMENT=7 DEFAULT CHARSET=utf8mb4 COLLATE=utf8mb4_unicode_ci;
/*!40101 SET character_set_client = @saved_cs_client */;

--
-- Dumping data for table `uom_values`
--

LOCK TABLES `uom_values` WRITE;
/*!40000 ALTER TABLE `uom_values` DISABLE KEYS */;
INSERT INTO `uom_values` VALUES (1,1,1,NULL,'Pieces',1.00,'eko',NULL,'2019-09-14 17:25:41','2019-09-14 17:25:41'),(2,2,1,NULL,'Meter',1.00,'eko',NULL,'2019-09-14 17:25:52','2019-09-14 17:25:52'),(3,1,NULL,1,'Lusin',12.00,'eko',NULL,'2019-09-14 17:26:00','2019-09-14 17:26:00'),(4,2,NULL,2,'Haspel',1000.00,'eko',NULL,'2019-09-21 17:51:54','2019-09-21 17:51:54'),(5,1,1,1,'Set',1.00,'Mirza Rizaldy',NULL,'2020-02-24 17:13:21','2020-02-24 17:13:21'),(6,1,NULL,NULL,'rol',1.00,'Dina',NULL,'2020-05-18 07:55:15','2020-05-18 07:55:15');
/*!40000 ALTER TABLE `uom_values` ENABLE KEYS */;
UNLOCK TABLES;

--
-- Table structure for table `user_warehouses`
--

DROP TABLE IF EXISTS `user_warehouses`;
/*!40101 SET @saved_cs_client     = @@character_set_client */;
/*!40101 SET character_set_client = utf8 */;
CREATE TABLE `user_warehouses` (
  `id` int(10) unsigned NOT NULL AUTO_INCREMENT,
  `user_id` char(36) COLLATE utf8mb4_unicode_ci NOT NULL,
  `warehouse_name` varchar(255) COLLATE utf8mb4_unicode_ci NOT NULL,
  `created_at` timestamp NULL DEFAULT NULL,
  `updated_at` timestamp NULL DEFAULT NULL,
  PRIMARY KEY (`id`),
  KEY `user_warehouses_user_id_foreign` (`user_id`),
  CONSTRAINT `user_warehouses_user_id_foreign` FOREIGN KEY (`user_id`) REFERENCES `users` (`id`) ON DELETE CASCADE ON UPDATE CASCADE
) ENGINE=InnoDB AUTO_INCREMENT=61 DEFAULT CHARSET=utf8mb4 COLLATE=utf8mb4_unicode_ci;
/*!40101 SET character_set_client = @saved_cs_client */;

--
-- Dumping data for table `user_warehouses`
--

LOCK TABLES `user_warehouses` WRITE;
/*!40000 ALTER TABLE `user_warehouses` DISABLE KEYS */;
INSERT INTO `user_warehouses` VALUES (16,'bb536994-ada3-4caa-b97b-e412dc2cc882','Gudang Utama',NULL,NULL),(17,'bb536994-ada3-4caa-b97b-e412dc2cc882','Gudang Produksi',NULL,NULL),(18,'bb536994-ada3-4caa-b97b-e412dc2cc882','Gudang Pengiriman',NULL,NULL),(19,'bb536994-ada3-4caa-b97b-e412dc2cc882','Gudang Scrap',NULL,NULL),(20,'bb536994-ada3-4caa-b97b-e412dc2cc882','Gudang Retur',NULL,NULL),(21,'c7e50632-3efc-4cff-99fd-2a39dee275b2','Gudang Scrap','2020-01-06 17:46:22','2020-01-10 17:05:01'),(22,'071ea324-a8d2-4f79-8f8a-23c90bc191ff','Gudang Utama','2020-01-08 11:18:02','2020-01-08 11:18:02'),(23,'071ea324-a8d2-4f79-8f8a-23c90bc191ff','Gudang Produksi','2020-01-08 11:18:02','2020-01-08 11:18:02'),(24,'071ea324-a8d2-4f79-8f8a-23c90bc191ff','Gudang Scrap','2020-01-08 11:18:02','2020-01-08 11:18:02'),(25,'a7acf627-9108-44c0-a028-2d9bf7829108','Gudang Utama','2020-01-08 11:21:49','2020-01-08 11:21:49'),(26,'a7acf627-9108-44c0-a028-2d9bf7829108','Gudang Produksi','2020-01-08 11:21:49','2020-01-08 11:21:49'),(27,'a7acf627-9108-44c0-a028-2d9bf7829108','Gudang Scrap','2020-01-08 11:21:49','2020-01-08 11:21:49'),(28,'74718047-dc5d-4f47-87fc-8db9e4fdb527','Gudang Utama','2020-01-08 13:42:19','2020-01-08 13:42:19'),(29,'74718047-dc5d-4f47-87fc-8db9e4fdb527','Gudang Produksi','2020-01-08 13:42:19','2020-01-08 13:42:19'),(30,'74718047-dc5d-4f47-87fc-8db9e4fdb527','Gudang Scrap','2020-01-08 13:42:19','2020-01-08 13:42:19'),(31,'cb512697-44d9-4683-9bae-0a8e28a3252b','Gudang Utama','2020-01-08 13:42:59','2020-01-08 13:42:59'),(32,'cb512697-44d9-4683-9bae-0a8e28a3252b','Gudang Produksi','2020-01-08 13:42:59','2020-01-08 13:42:59'),(33,'cb512697-44d9-4683-9bae-0a8e28a3252b','Gudang Scrap','2020-01-08 13:42:59','2020-01-08 13:42:59'),(34,'994a52f5-285e-4401-95b2-166cc353bb65','Gudang Utama','2020-01-09 13:07:34','2020-01-09 13:07:34'),(35,'994a52f5-285e-4401-95b2-166cc353bb65','Gudang Produksi','2020-01-09 13:07:34','2020-01-09 13:07:34'),(36,'994a52f5-285e-4401-95b2-166cc353bb65','Gudang Scrap','2020-01-09 13:07:34','2020-01-09 13:07:34'),(37,'c7e50632-3efc-4cff-99fd-2a39dee275b2','Gudang Utama','2020-01-10 17:05:41','2020-01-10 17:05:41'),(38,'c7e50632-3efc-4cff-99fd-2a39dee275b2','Gudang Produksi','2020-01-10 17:05:41','2020-01-10 17:05:41'),(39,'24d21373-b462-4888-8d27-d365c33fbf6a','Gudang Utama','2020-01-11 17:52:23','2020-01-11 17:52:23'),(40,'24d21373-b462-4888-8d27-d365c33fbf6a','Gudang Produksi','2020-01-11 17:52:23','2020-01-11 17:52:23'),(41,'24d21373-b462-4888-8d27-d365c33fbf6a','Gudang Scrap','2020-01-11 17:52:23','2020-01-11 17:52:23'),(42,'f68f2a18-623f-4c1a-bfde-7f029c603a17','Gudang Utama','2020-01-11 18:09:34','2020-01-11 18:09:34'),(43,'f68f2a18-623f-4c1a-bfde-7f029c603a17','Gudang Produksi','2020-01-11 18:09:34','2020-01-11 18:09:34'),(44,'f68f2a18-623f-4c1a-bfde-7f029c603a17','Gudang Scrap','2020-01-11 18:09:34','2020-01-11 18:09:34'),(45,'45e3cf2e-1b27-43ff-b3e8-32d3695b6434','Gudang Utama','2020-01-11 19:25:36','2020-01-11 19:25:36'),(46,'45e3cf2e-1b27-43ff-b3e8-32d3695b6434','Gudang Produksi','2020-01-11 19:25:36','2020-01-11 19:25:36'),(47,'45e3cf2e-1b27-43ff-b3e8-32d3695b6434','Gudang Scrap','2020-01-11 19:25:36','2020-01-11 19:25:36'),(48,'45e3cf2e-1b27-43ff-b3e8-32d3695b6434','Gudang Produksi','2020-01-11 19:26:54','2020-01-11 19:26:54'),(49,'820cbe25-baf5-4d2b-b877-9ce7fdffdc21','Gudang Utama','2020-01-12 18:56:45','2020-01-12 18:56:45'),(50,'820cbe25-baf5-4d2b-b877-9ce7fdffdc21','Gudang Pengiriman','2020-01-12 18:56:45','2020-01-12 18:56:45'),(51,'820cbe25-baf5-4d2b-b877-9ce7fdffdc21','Gudang Produksi','2020-01-12 18:56:45','2020-01-12 18:56:45'),(52,'820cbe25-baf5-4d2b-b877-9ce7fdffdc21','Gudang Scrap','2020-01-12 18:56:45','2020-01-12 18:56:45'),(53,'820cbe25-baf5-4d2b-b877-9ce7fdffdc21','Gudang Retur','2020-01-12 18:56:45','2020-01-12 18:56:45'),(54,'25b76385-8f8d-4422-a62e-21c671bfcaec','Gudang Utama','2020-01-13 15:46:00','2020-01-13 15:46:00'),(55,'25b76385-8f8d-4422-a62e-21c671bfcaec','Gudang Produksi','2020-01-13 15:46:00','2020-01-13 15:46:00'),(56,'25b76385-8f8d-4422-a62e-21c671bfcaec','Gudang Scrap','2020-01-13 15:46:00','2020-01-13 15:46:00'),(57,'071ea324-a8d2-4f79-8f8a-23c90bc191ff','Gudang Pengiriman','2020-06-17 04:44:11','2020-06-17 04:44:11'),(58,'071ea324-a8d2-4f79-8f8a-23c90bc191ff','Gudang Retur','2020-06-17 04:44:11','2020-06-17 04:44:11'),(59,'24d21373-b462-4888-8d27-d365c33fbf6a','Gudang Pengiriman','2020-06-18 09:44:09','2020-06-18 09:44:09'),(60,'24d21373-b462-4888-8d27-d365c33fbf6a','Gudang Retur','2020-06-18 09:44:09','2020-06-18 09:44:09');
/*!40000 ALTER TABLE `user_warehouses` ENABLE KEYS */;
UNLOCK TABLES;

--
-- Table structure for table `users`
--

DROP TABLE IF EXISTS `users`;
/*!40101 SET @saved_cs_client     = @@character_set_client */;
/*!40101 SET character_set_client = utf8 */;
CREATE TABLE `users` (
  `id` char(36) COLLATE utf8mb4_unicode_ci NOT NULL,
  `name` varchar(255) COLLATE utf8mb4_unicode_ci NOT NULL,
  `email` varchar(255) COLLATE utf8mb4_unicode_ci NOT NULL,
  `email_verified_at` timestamp NULL DEFAULT NULL,
  `password` varchar(255) COLLATE utf8mb4_unicode_ci NOT NULL,
  `avatar` varchar(255) COLLATE utf8mb4_unicode_ci NOT NULL DEFAULT 'user.jpg',
  `division_id` char(36) COLLATE utf8mb4_unicode_ci DEFAULT NULL,
  `status_id` char(36) COLLATE utf8mb4_unicode_ci NOT NULL DEFAULT '2b643e21-a94c-4713-93f1-f1cbde6ad633',
  `last_login_at` datetime DEFAULT NULL,
  `last_login_from` varchar(255) COLLATE utf8mb4_unicode_ci DEFAULT NULL,
  `lockout_time` int(11) NOT NULL DEFAULT '30',
  `session_id` varchar(255) COLLATE utf8mb4_unicode_ci NOT NULL,
  `remember_token` varchar(100) COLLATE utf8mb4_unicode_ci DEFAULT NULL,
  `created_at` timestamp NULL DEFAULT NULL,
  `updated_at` timestamp NULL DEFAULT NULL,
  PRIMARY KEY (`id`),
  UNIQUE KEY `users_email_unique` (`email`)
) ENGINE=InnoDB DEFAULT CHARSET=utf8mb4 COLLATE=utf8mb4_unicode_ci;
/*!40101 SET character_set_client = @saved_cs_client */;

--
-- Dumping data for table `users`
--

LOCK TABLES `users` WRITE;
/*!40000 ALTER TABLE `users` DISABLE KEYS */;
INSERT INTO `users` VALUES ('071ea324-a8d2-4f79-8f8a-23c90bc191ff','Admin Gudang (Katerine)','admingudang@local.com',NULL,'$2y$10$kpsngr6Osxkut0tFa.S7M..d/V2LrWTmUVHdqhfUur.KJzDQkRmda','user.jpg','9f94e00b-5fdc-4dc9-8057-fd21ded69869','2b643e21-a94c-4713-93f1-f1cbde6ad633','2020-10-18 11:38:08','192.168.0.1',0,'ZFjivv6a1YDpbd9UHcsBZU8RiHwxwGURQJiCdOyg',NULL,'2020-01-08 11:18:02','2020-10-18 11:38:08'),('24d21373-b462-4888-8d27-d365c33fbf6a','manajemen','mgt@local.com',NULL,'$2y$10$ZzOLNVg0oUfmACCApcvp9eewkbjiA85ffuX4Fnp1vwqyRLg/llqdS','user.jpg','413ec199-f1dd-42a7-a346-67a74fb807b0','2b643e21-a94c-4713-93f1-f1cbde6ad633','2020-10-19 15:56:01','192.168.0.1',0,'zY5FpasjTsMjJss4mlPqZsoC0enxGbVyyNZqS4La',NULL,'2020-01-11 17:52:23','2020-10-19 15:56:01'),('25b76385-8f8d-4422-a62e-21c671bfcaec','Fenilia (Finance Adm)','finance@local.com',NULL,'$2y$10$kpn3XU.WVnMKzDsl7SYDwekqH2F2qZ6.uM68DuCy9Vq0xxr.pp7pq','user.jpg','1886a2b3-2fb7-4f40-b577-dad076a5d3b1','2b643e21-a94c-4713-93f1-f1cbde6ad633','2020-10-18 15:51:52','192.168.0.1',0,'6Q7N3iR3m9dJMcOYlkIRY42QxKg21pf2zbxN6pD6',NULL,'2020-01-13 15:46:00','2020-10-18 15:51:52'),('45e3cf2e-1b27-43ff-b3e8-32d3695b6434','Dimas','sysadmin@local.com',NULL,'$2y$10$pOl0ms4YxHFgEnV53HNCyujpumd8an2.ptYgjbWYYUZQxCsVZXMxS','user.jpg','413ec199-f1dd-42a7-a346-67a74fb807b0','2b643e21-a94c-4713-93f1-f1cbde6ad633','2020-10-18 14:49:35','192.168.0.1',0,'r9r8ufcah9GxZTCvH4Mwit5Uh28SPNRscq01Cijy',NULL,'2020-01-11 19:25:36','2020-10-18 14:49:35'),('74718047-dc5d-4f47-87fc-8db9e4fdb527','Nining S. (Sales Adm)','niningsupriyatin79@gmail.com',NULL,'$2y$10$ULVIV5REI0MsVv.Uf.WUo.8m1PKIm6P7BP1luEstjvHf47kPtYyui','user.jpg','784f06d5-0e19-490f-91d4-60ea243eae53','2b643e21-a94c-4713-93f1-f1cbde6ad633','2020-10-18 14:39:58','192.168.0.1',0,'BI4KO2YJZENcopD0MT9QtOuVNUBKxGz6kYUuHU1Q',NULL,'2020-01-08 13:42:19','2020-10-18 14:39:58'),('820cbe25-baf5-4d2b-b877-9ce7fdffdc21','Finmgr','finmgr@local.com',NULL,'$2y$10$30hWy2zHlqXLZw6K/O9NTOz9/aiUEOT4J8hAMhQDjqE51UubJ66rO','user.jpg','1886a2b3-2fb7-4f40-b577-dad076a5d3b1','2b643e21-a94c-4713-93f1-f1cbde6ad633','2020-11-13 13:23:13','192.168.0.1',0,'gPqw1Q6HNDKvpaeytoG7YMdBSJ7rGyo6pBlhlcbY',NULL,'2020-01-12 18:56:45','2020-11-13 13:23:13'),('994a52f5-285e-4401-95b2-166cc353bb65','Sales Manager (Rian)','salesmanager@local.com',NULL,'$2y$10$16XB3/olutIRwmJd2eIEoOdrr6b4N5zLv07MoICHpGEMSopfX.snu','user.jpg','784f06d5-0e19-490f-91d4-60ea243eae53','2b643e21-a94c-4713-93f1-f1cbde6ad633','2020-10-19 07:36:14','192.168.0.1',0,'ZAhYQEt1V7MIs7WUJJobTIywWmqxIp7vP4VlJeSE',NULL,'2020-01-09 13:07:34','2020-10-19 07:36:14'),('a7acf627-9108-44c0-a028-2d9bf7829108','Irena (Production Adm)','adminproduksi@local.com',NULL,'$2y$10$v4ShSI2Xi7Vz898N4OFAreFXrPq.DHo0eCGT3GI7qx18/o0pcrz7u','user.jpg','fe97cbde-836a-439e-8b64-31783aaee279','2b643e21-a94c-4713-93f1-f1cbde6ad633','2020-10-23 16:28:25','192.168.0.1',0,'Nn4VBoxkG7I1P15ES6GQHOyIcduwQF96iO6QJJW7',NULL,'2020-01-08 11:21:49','2020-10-23 16:28:25'),('bb536994-ada3-4caa-b97b-e412dc2cc882','eko','eko@local.com',NULL,'$2y$10$iSHBp.VTgyBazpklQVtU1e.V16Yiwdy6ph7LAJ1Zi8sNdwQbA4r16','bb536994-ada3-4caa-b97b-e412dc2cc882_avatar1580087198.png','413ec199-f1dd-42a7-a346-67a74fb807b0','2b643e21-a94c-4713-93f1-f1cbde6ad633','2020-11-12 18:12:13','192.168.0.1',30,'8F2hb8UxFcVz3qt36CtSwD5T2cGho8WeU3C3baly',NULL,'2019-09-04 06:31:44','2020-11-12 18:12:13'),('c7e50632-3efc-4cff-99fd-2a39dee275b2','Mirza Rizaldy','mirza@local.com',NULL,'$2y$10$poY0GYUVIdYgXjigXPWyI.NoafHBMKAbiHtkN/FWEoBtRFtNG7KDu','user.jpg','413ec199-f1dd-42a7-a346-67a74fb807b0','2b643e21-a94c-4713-93f1-f1cbde6ad633','2020-11-12 17:25:00','192.168.0.1',0,'hBiQMQSqWj7ZZd4IVc5cFuU0F0pgI2PM5rAagQtF',NULL,'2020-01-06 17:46:22','2020-11-12 17:25:00'),('cb512697-44d9-4683-9bae-0a8e28a3252b','Dina','purchasing@local.com',NULL,'$2y$10$tYbyDZp916u0pnDsoFXlYu15s9.7LKWLT2QGPErJB929e3s04pSTq','user.jpg','784f06d5-0e19-490f-91d4-60ea243eae53','2b643e21-a94c-4713-93f1-f1cbde6ad633','2020-10-19 15:46:47','192.168.0.1',0,'FGzF0ZZGUlGnpNtgTXMUYi11DRtJNDD0bKwpKnhF',NULL,'2020-01-08 13:42:59','2020-10-19 15:46:47'),('f68f2a18-623f-4c1a-bfde-7f029c603a17','adminsales2','adminsales2@local.com',NULL,'$2y$10$9A1SdwovRx8oEXJ5/j5TqOx8F8kOVyk8R/6QO0P3XJfLTVl5V4F8y','user.jpg','784f06d5-0e19-490f-91d4-60ea243eae53','2b643e21-a94c-4713-93f1-f1cbde6ad633','2020-10-21 14:17:03','192.168.0.1',0,'hb66kfmqONM2DPQf0jKa1aMXTNDQQlBFKE8wTLJj',NULL,'2020-01-11 18:09:34','2020-10-21 14:17:03');
/*!40000 ALTER TABLE `users` ENABLE KEYS */;
UNLOCK TABLES;

--
-- Table structure for table `warehouses`
--

DROP TABLE IF EXISTS `warehouses`;
/*!40101 SET @saved_cs_client     = @@character_set_client */;
/*!40101 SET character_set_client = utf8 */;
CREATE TABLE `warehouses` (
  `id` char(36) COLLATE utf8mb4_unicode_ci NOT NULL,
  `name` varchar(255) COLLATE utf8mb4_unicode_ci NOT NULL,
  `created_by` varchar(255) COLLATE utf8mb4_unicode_ci NOT NULL,
  `updated_by` varchar(255) COLLATE utf8mb4_unicode_ci DEFAULT NULL,
  `created_at` timestamp NULL DEFAULT NULL,
  `updated_at` timestamp NULL DEFAULT NULL,
  PRIMARY KEY (`id`)
) ENGINE=InnoDB DEFAULT CHARSET=utf8mb4 COLLATE=utf8mb4_unicode_ci;
/*!40101 SET character_set_client = @saved_cs_client */;

--
-- Dumping data for table `warehouses`
--

LOCK TABLES `warehouses` WRITE;
/*!40000 ALTER TABLE `warehouses` DISABLE KEYS */;
INSERT INTO `warehouses` VALUES ('021c1e1f-6ed3-4121-91cb-ed3fc5f11f95','Gudang Retur','eko',NULL,'2020-01-05 19:41:22','2020-01-05 19:41:22'),('34437a64-ca03-47ff-be0c-63da5814484e','Gudang Pengiriman','eko',NULL,'2019-09-12 15:22:50','2019-09-12 15:22:50'),('afdcd530-bb5e-462b-8dda-1371b9195903','Gudang Utama','eko',NULL,'2019-09-05 15:47:09','2019-09-05 15:47:09'),('c40f889e-6fa3-43f2-bc2a-5fdded5aafed','Gudang Scrap','eko',NULL,'2019-09-15 17:02:27','2019-09-15 17:02:27'),('ce8b061c-b1bb-4627-b80f-6a42a364109b','Gudang Produksi','eko',NULL,'2019-09-08 14:36:03','2019-09-08 14:36:03');
/*!40000 ALTER TABLE `warehouses` ENABLE KEYS */;
UNLOCK TABLES;

--
-- Dumping routines for database 'fibertekno'
--
/*!40103 SET TIME_ZONE=@OLD_TIME_ZONE */;

/*!40101 SET SQL_MODE=@OLD_SQL_MODE */;
/*!40014 SET FOREIGN_KEY_CHECKS=@OLD_FOREIGN_KEY_CHECKS */;
/*!40014 SET UNIQUE_CHECKS=@OLD_UNIQUE_CHECKS */;
/*!40101 SET CHARACTER_SET_CLIENT=@OLD_CHARACTER_SET_CLIENT */;
/*!40101 SET CHARACTER_SET_RESULTS=@OLD_CHARACTER_SET_RESULTS */;
/*!40101 SET COLLATION_CONNECTION=@OLD_COLLATION_CONNECTION */;
/*!40111 SET SQL_NOTES=@OLD_SQL_NOTES */;

-- Dump completed on 2020-11-13 23:54:10
